Latitude,Longitude,Sample Date,nir,green,swir16,swir22,NDMI,MNDWI,pet,aspect,avg_precip,elevation_x,land_use,slope,soil_carbon,soil_clay,soil_ph,veg_index,elevation_y,evaporation,evi,ndvi,pop_density_3km,precip_30d_max,precip_30d_sum,precip_7d_sum,rainy_days_30d,row_index,runoff,soil_moist_deep_avg,soil_moist_top,temp_2m,ag_pct,urban_pct,forest_pct,water_pct,bare_pct,grass_pct,soil_cec,soil_soc,twi,human_mod,evi_index,location_id,Total Alkalinity,Electrical Conductance,Dissolved Reactive Phosphorus,distance_to_sea_km,log_distance_sea,marine_influence,Year,Month,DayOfYear,Quarter,WeekOfYear,Month_sin,Month_cos,DayOfYear_cos,NDMI_MNDWI_interaction,NDMI_squared,MNDWI_squared,pet_lat_interaction,pet_lon_interaction,pet_squared,pet_log,precip_lat_interaction,precip_lon_interaction,twi_group,rain_regime,pet_regime,dryness_ratio,dryness_log,twi_precip_interaction,ag_x_precip,ag_x_pet,urb_x_precip_30d_sum,Month_Lat_interaction,Month_Lon_interaction,coatal_precip,precip_rollsum_2,precip_rollsum_3,precip_rollsum_4,precip_rollsum_5,precip_rollsum_7,precip_rollsum_12,precip_rollsum_14,precip_rollmean_2,precip_rollmean_3,precip_rollmean_4,precip_rollmean_5,precip_rollmean_7,precip_rollmean_14,rain_7d_max,rain_7d_std,runoff_index,month_site_mean_precip,coastal_zone,carbon_cec,runoff_precip,human_event,pet_precip,soil_ph_norm,temp_x_precip,soil_moist_top_runoff,soil_moist_top_lat,forest_x_evap,soil_moist_anomaly
-32.043333,27.822778,2014-09-01,15229.0,12868.0,14797.0,12421.0,0.0143875308066342,-0.0697270919934933,1.6190001,50,1.7268855571746826,780,60,1,2,28,67,4390.017391304348,781,-0.0007860651239752,1339,2542,0.8499336676821312,12.804869651794434,19.24716806411743,0.0,2,0,5.21540641784668e-07,0.1880925496419271,0.1298681894938151,285.8096459706624,32.35909346582117,0.6757461417075135,3.190795491264453,0.0108991313178631,1.558191103231443,43.25959251781048,196.6036604607132,249.9438308614705,2.488236788114856,0.4652227498014931,2223.134863555915,-32.0433_27.8228,128.38052861749696,525.4655451431681,39.254786376457076,88.36434076914189,4.492721729780151,0.41327443809170694,2014,9,244,3,36,-1.0,-1.8369701987210297e-16,-0.4900286664290594,-0.0010032006841134019,0.00020700104271184814,0.004861867357869079,-51.87815933133329,45.0450803642778,2.62116132380001,0.9627926037080865,-616.7434155854802,535.5096841766291,4,2,2,0.9369834091600809,-0.04073418421085262,4.299388409014381,55.88045114939222,52.38937555707382,13.006199558123425,-288.389997,250.405002,1700.7633176586178,1.7268855571746826,1.7268855571746826,1.7268855571746826,1.7268855571746826,1.7268855571746826,1.7268855571746826,1.7268855571746826,1.7268855571746826,1.7268855571746826,1.7268855571746826,1.7268855571746826,1.7268855571746826,1.7268855571746826,,,0.0,1.7268855571746826,5,393.2073209214264,9.006410017775579e-07,,31.161167020522928,6.7,5501.026290343243,6.77315388960172e-08,-4.161409642057418,-0.0025081730534203014,-0.10369608137342665
-33.329167,26.0775,2015-09-16,13347.109053497943,10103.822359396434,14054.699588477366,12064.713305898491,-0.018614553818789382,-0.1541439418532486,1.776,296,1.0588278770446775,271,10,9,5,16,60,6937.773913043478,270,-0.0018165186047554,3379,7018,1.1216865440546526,12.50655746459961,35.65241742134094,4.444222450256348,5,1,8.940696716308596e-08,0.2040066189236111,0.2321077982584635,287.8305721282959,0.1289192939941303,0.5908800974730974,32.285688525930034,0.1842366250445529,0.1718923919921738,45.84833529801846,246.48785871964677,401.3055818353831,0.0137503224503585,0.4121474828941143,3451.557829788984,-33.3292_26.0775,128.38052861749696,525.4655451431681,39.254786376457076,42.89048706618247,3.781697601068106,0.6512218765406007,2015,9,259,3,38,-1.0,-1.8369701987210297e-16,-0.25119006388481957,0.002869320701467637,0.0003465016138726064,0.02376035481005768,-59.192600592,46.31364,3.154176,1.021011042644558,-1188.2653741895815,929.7259153050185,1,0,3,1.675743805637915,0.29838861816664863,0.014572975051243215,0.13650334236990364,0.2289606661335754,21.066303881073495,-299.96250299999997,234.6975,1529.1495482881624,1.0588278770446775,1.0588278770446775,1.0588278770446775,1.0588278770446775,1.0588278770446775,1.0588278770446775,1.0588278770446775,1.0588278770446775,1.0588278770446775,1.0588278770446775,1.0588278770446775,1.0588278770446775,1.0588278770446775,,,0.5499854255893241,1.0588278770446775,2,1232.439293598234,9.466658923429351e-08,,63.318693340301515,6.0,10261.855704141388,2.075205429719063e-08,-7.735959570158639,-0.05864755387468985,-0.017692111787341896
-32.99163889,27.64002778,2015-05-07,16221.0,9304.5,12536.5,9958.0,0.1281230983221768,-0.1479785724096875,1.5840001000000001,349,1.7668724060058594,160,10,6,3,25,63,6314.313043478261,160,-0.0011976277455687,4322,7648,3.0928937079408123,0.0,0.0,0.0,0,2,3.427267074584961e-07,0.2261965009901258,0.2159226735432942,288.9845333099365,1.848000040601443,1.190679600481804,58.66912700131276,0.9398388122724632,0.2428473791768734,27.11364343813017,192.2745591939547,369.0210957178842,1.940785565696371,0.5749613178391901,3922.0896013580114,-32.9916_27.64,120.45334559710494,476.2898914354644,42.100723763570564,15.613324365592023,2.8102050460191297,0.8554452001310441,2015,5,127,2,19,0.49999999999999994,-0.8660254037844387,-0.5772916165517272,-0.018959473182421752,0.016415528323674183,0.02189765789240913,-52.25875930092389,43.78180676752278,2.5090563168000104,0.9493386246200451,-0.0,0.0,3,2,1,0.8959923208365017,-0.0687403159767711,3.4310612475690863,3.2651802780363974,2.92723224911269,0.0,-164.95819444999998,138.2001389,0.0,1.7668724060058594,1.7668724060058594,1.7668724060058594,1.7668724060058594,1.7668724060058594,1.7668724060058594,1.7668724060058594,1.7668724060058594,1.7668724060058594,1.7668724060058594,1.7668724060058594,1.7668724060058594,1.7668724060058594,,,0.0,1.7668724060058594,1,576.8236775818641,6.055543622096593e-07,,0.0,6.3,0.0,7.400246696912895e-08,-7.1236428737037185,-0.07026377430506595,-0.05280486742655438
-34.096389,24.439167,2012-02-07,14638.84355828221,9734.523773006134,12734.653374233128,10529.740797546012,0.07145640697179645,-0.12451772852092981,1.3,203,1.5622611045837402,37,10,14,5,22,55,7333.504347826087,41,-0.0026450809091329,5351,7385,0.0257797022588172,14.912137031555176,53.79167985916138,33.24662113189697,6,3,9.804964065551758e-05,0.2384158240424262,0.266116460164388,294.706501642863,15.337325199280126,0.0212955191722306,38.69800866017778,8.771081520082511,0.7339020489629916,36.16872732131599,265.083728278041,737.6126382306476,0.5403433137443069,0.3323363226077756,4529.542748815165,-34.0964_24.4392,100.24407962213225,396.55668016194335,45.75708502024292,3.803152312624292,1.569272434156615,0.9626825936479506,2012,2,38,1,6,0.8660254037844386,0.5000000000000001,0.7935716089521474,-0.008897589484395226,0.0051060180973190004,0.015504664716011977,-44.3253057,31.770917100000002,1.6900000000000002,0.832909122935104,-1834.1020414414315,1314.6238472885814,1,1,0,0.8315949243464096,-0.10837119385170002,0.8446976854983637,23.960906607187404,19.938522759064163,1.1455217497472618,-68.192778,48.878334,204.57795165631515,1.5622611045837402,1.5622611045837402,1.5622611045837402,1.5622611045837402,1.5622611045837402,1.5622611045837402,1.5622611045837402,1.5622611045837402,1.5622611045837402,1.5622611045837402,1.5622611045837402,1.5622611045837402,1.5622611045837402,,,251.50425206494992,1.5622611045837402,1,1325.418641390205,0.0001531791399145277,,69.9291838169098,5.5,15852.7577887863,2.6092623291636603e-05,-9.073610345067978,-0.10235936392849589,0.025218274858262807
-32.00055556,28.58166667,2014-10-01,9125.0,11100.5,9455.0,8711.0,-0.0177610333692142,0.0800515677069393,1.525,118,1.990221738815308,332,80,10,4,24,70,4637.843478260869,328,-0.00256391428411,1530,3688,0.3772979669069599,30.467071533203125,40.478271484375,30.467071533203125,2,4,0.0001318305730819,0.2574787139892578,0.4114856719970703,286.3893585205078,8.103756823152859,0.0109042160830773,30.144170841270967,2.129443735314053,1.8100571081591328,28.66577294856418,175.281389748882,375.94324045407626,-1.6145453242132215,0.3145368905390403,3002.7820183687754,-32.0006_28.5817,128.93517074592074,518.4723193473194,43.481351981351985,41.35409007326997,3.7460649943159474,0.6613044859892766,2014,10,274,4,40,-0.8660254037844386,0.5000000000000001,0.004303538296243821,-0.0014217985653008588,0.00031545430634234034,0.006408253492338687,-48.800847229,43.58704167175,2.3256249999999996,0.9262410627273231,-1295.327175608506,1156.9364629441725,0,3,1,0.7658614659898751,-0.1694408495170684,-3.214917747875976,16.1282729955117,12.35822915530811,0.4413838189350911,-320.00555560000004,285.8166667,1673.942084975119,1.990221738815308,1.990221738815308,1.990221738815308,1.990221738815308,1.990221738815308,1.990221738815308,1.990221738815308,1.990221738815308,1.990221738815308,1.990221738815308,1.990221738815308,1.990221738815308,1.990221738815308,,,-491.9046788640285,1.990221738815308,2,701.125558995528,0.0002623720723880776,,61.72936401367187,7.0,11592.54620442912,5.4246391954364515e-05,-13.167770108886186,-0.07728707020258678,0.17040345163056347
-32.08639,25.57556,2013-07-19,13355.0,10552.5,13501.5,10943.0,-0.0054549178038836,-0.122599151908206,1.9880000000000002,164,0.9414331912994384,898,60,4,5,21,68,5029.426086956521,897,-0.0003059627488255,2011,3705,0.0522290631885286,4.242469310760498,12.480748653411863,0.0,4,5,2.9802322387695312e-08,0.1631062825520833,0.1086203257242838,282.5250358581543,7.095884476719371,0.3812924468209182,3.7430742552621568,0.2647045378714183,0.5170197413363308,69.69987478227881,188.2469993682881,179.50126342387873,3.4355267674755505,0.4272828468475174,2970.2395286879614,-32.0864_25.5756,129.67349669966583,544.5504496699258,38.51608910891089,183.4214918192583,5.217223854327048,0.1597388606266151,2013,7,200,3,29,-0.4999999999999997,-0.8660254037844388,-0.9549667548552553,0.000668768296485103,2.975612824712628e-05,0.015030552048611371,-63.78774332000001,50.844213280000005,3.952144000000001,1.094604267270571,-400.4621687853479,319.20213603025434,5,0,3,2.1094333458894012,0.4306628577558058,3.2377544552666264,6.680301168010063,14.106618339718112,4.758815192216289,-224.60473000000002,179.02892,2289.2375370300033,0.9414331912994384,0.9414331912994384,0.9414331912994384,0.9414331912994384,0.9414331912994384,0.9414331912994384,0.9414331912994384,0.9414331912994384,0.9414331912994384,0.9414331912994384,0.9414331912994384,0.9414331912994384,0.9414331912994384,,,0.0,0.9414331912994384,5,941.2349968414405,2.8056895473582696e-08,,24.811728322982788,6.8,3526.1239608417977,3.2371379650915803e-09,-3.485234133116403,-0.0011452412881979707,-0.09031080588316308
-32.00055556,28.58166667,2014-09-03,9534.0,11336.5,9552.5,9160.0,-0.0009692714746024,0.085403801043611,1.525,118,1.990221738815308,332,80,10,4,24,70,4637.843478260869,328,-0.001934272237122,1603,4070,0.3772979669069599,17.63213348388672,26.120567321777344,0.0,2,6,8.493661880493164e-07,0.1889701419406467,0.1621373494466146,291.63573964436847,8.103756823152859,0.0109042160830773,30.144170841270967,2.129443735314053,1.8100571081591328,28.66577294856418,175.281389748882,375.94324045407626,-1.6145453242132215,0.3145368905390403,3002.7820183687754,-32.0006_28.5817,128.38052861749696,525.4655451431681,39.254786376457076,41.35409007326997,3.7460649943159474,0.6613044859892766,2014,9,246,3,36,-1.0,-1.8369701987210297e-16,-0.4597327394521046,-8.277946817419082e-05,9.394871914779109e-07,0.007293809232696692,-48.800847229,43.58704167175,2.3256249999999996,0.9262410627273231,-835.8726658392563,746.5693484223347,0,3,1,0.7658614659898751,-0.1694408495170684,-3.214917747875976,16.1282729955117,12.35822915530811,0.2848243102892279,-288.00500004,257.23500003,1080.1922937896925,3.980443477630616,3.980443477630616,3.980443477630616,3.980443477630616,3.980443477630616,3.980443477630616,3.980443477630616,1.990221738815308,1.990221738815308,1.990221738815308,1.990221738815308,1.990221738815308,1.990221738815308,,,-0.0,1.990221738815308,2,701.125558995528,1.6904270516704405e-06,,39.83386516571045,7.0,7617.690970817056,1.3771398243989097e-07,-5.188485259317526,-0.05830703276933295,-0.07894487091989225
-32.99163889,27.64002778,2014-10-02,14693.5,9493.5,13449.0,11459.0,0.0442213733676823,-0.1724092840797638,1.5630000000000002,349,1.7668724060058594,160,10,6,3,25,63,6314.313043478261,160,-0.0024869823828339,3427,6867,3.0928937079408123,23.257253646850582,54.60447549819946,0.0,4,7,5.587935447692871e-06,0.273215823703342,0.3868319193522135,287.23707644144696,1.848000040601443,1.190679600481804,58.66912700131276,0.9398388122724632,0.2428473791768734,27.11364343813017,192.2745591939547,369.0210957178842,1.940785565696371,0.5749613178391901,3922.0896013580114,-32.9916_27.64,128.93517074592074,518.4723193473194,43.481351981351985,15.613324365592023,2.8102050460191297,0.8554452001310441,2014,10,275,4,40,-0.8660254037844386,0.5000000000000001,0.021516097436222233,-0.00762417532334604,0.0019555298625239617,0.029724961236896698,-51.565931585070004,43.201363420140005,2.4429690000000006,0.9411784473819341,-1801.4911374144494,1509.2692196825626,3,2,1,0.8841135789495546,-0.07690049321488213,3.4310612475690863,3.2651802780363974,2.8884240634600555,65.01643507071459,-329.91638889999996,276.4002778,852.5573877664103,3.5337448120117188,3.5337448120117188,3.5337448120117188,3.5337448120117188,3.5337448120117188,3.5337448120117188,3.5337448120117188,1.7668724060058594,1.7668724060058594,1.7668724060058594,1.7668724060058594,1.7668724060058594,1.7668724060058594,,,0.0,1.7668724060058594,1,576.8236775818641,9.873168949070532e-06,,85.34679520368577,6.3,15684.429902721437,2.161591794447304e-06,-12.76221899439383,-0.14590908526850951,0.11810437838236493
-32.00055556,28.58166667,2014-08-06,8884.5,10063.0,9534.0,8720.0,-0.035263457936314,0.0269939276419858,1.525,118,1.990221738815308,332,80,10,4,24,70,4637.843478260869,328,-0.0006417939439415,1839,4041,0.3772979669069599,8.488433837890625,16.654460906982422,8.488433837890625,2,8,2.816319465637207e-06,0.192710452609592,0.1289075215657552,287.82356961568195,8.103756823152859,0.0109042160830773,30.144170841270967,2.129443735314053,1.8100571081591328,28.66577294856418,175.281389748882,375.94324045407626,-1.6145453242132215,0.3145368905390403,3002.7820183687754,-32.0006_28.5817,129.8754115225926,532.7413230451851,38.73888888888889,41.35409007326997,3.7460649943159474,0.6613044859892766,2014,8,218,3,32,-0.8660254037844385,-0.5000000000000004,-0.8190148866680802,-0.0009518992319390699,0.0012435114656261866,0.000728672129540765,-48.800847229,43.58704167175,2.3256249999999996,0.9262410627273231,-532.952001575739,476.0122502119175,0,3,1,0.7658614659898751,-0.1694408495170684,-3.214917747875976,16.1282729955117,12.35822915530811,0.18160384047689987,-256.00444448,228.65333336,688.7300764691046,3.980443477630616,5.970665216445925,5.970665216445925,5.970665216445925,5.970665216445925,5.970665216445925,5.970665216445925,1.990221738815308,1.990221738815308,1.990221738815308,1.990221738815308,1.990221738815308,1.990221738815308,,,-137.04961162859598,1.990221738815308,2,701.125558995528,5.605100223959881e-06,,25.398052883148193,7.0,4793.546388272509,3.630447622526844e-07,-4.125112305966847,-0.019346346291065658,-0.11217469880075165
-33.18536111,27.39075,2011-09-22,13347.109053497943,10103.822359396434,14054.699588477366,12064.713305898491,-0.018614553818789382,-0.1541439418532486,1.6140001000000002,90,1.6152466535568235,7,60,2,3,20,63,6673.330434782609,7,-0.0020566992461681,3805,6823,0.0684319741939189,15.770963668823242,15.770963668823242,0.0,1,9,3.874301910400392e-07,0.2343020968967013,0.17108154296875,289.6646277109782,0.2018437283064412,0.1614159023148939,66.86530317704474,0.0645663609259575,0.623044282817541,16.49092378426396,229.8037235721048,411.86052382455046,0.1315599961844975,0.2346974579260604,3548.4095545158957,-33.1854_27.3908,128.38052861749696,525.4655451431681,39.254786376457076,12.001694951701314,2.565079729862787,0.8869054039715253,2011,9,265,3,38,-1.0,-1.8369701987210297e-16,-0.15005539834465262,0.002869320701467637,0.0003465016138726064,0.02376035481005768,-53.56117615007612,44.208673239075004,2.6049963228000106,0.9608816534575766,-523.3651244025898,431.9785231118202,1,1,2,0.9986100181232368,-0.0008590622205181253,0.21263340357514257,0.32602740668841185,0.325775797670969,2.545684330978513,-298.66824999000005,246.51675,189.27829504758074,1.6152466535568235,1.6152466535568235,1.6152466535568235,1.6152466535568235,1.6152466535568235,1.6152466535568235,1.6152466535568235,1.6152466535568235,1.6152466535568235,1.6152466535568235,1.6152466535568235,1.6152466535568235,1.6152466535568235,,,0.0,1.6152466535568235,1,689.4111707163144,6.257953195643042e-07,,25.454336938577082,6.3,4568.2903197730475,6.628215487580749e-08,-5.67740278267395,-0.13752181863902938,-0.05492871602376298
-33.731111,24.618333,2013-03-28,12638.0,8598.5,10324.5,8955.0,0.1007512248230811,-0.0912117528933039,1.6140001000000002,318,1.5277236700057983,112,10,47,5,18,60,7232.617391304348,153,-0.0016921740025281,2800,6021,0.0664581003366822,23.60118103027344,40.36973762512207,33.04165363311768,3,10,2.211332321166992e-05,0.1568342844645182,0.1914742787679036,294.3558781941732,2.63495362391042,0.1924823683634469,34.00786032573553,1.3588668114268267,0.5560601752721801,14.984479798577052,260.8192999053926,540.7291075370546,-0.8229040366649734,0.2251136597352838,3027.098205202035,-33.7311_24.6183,106.013235367335,421.7467787464508,47.294520547945204,41.36525586583466,3.746328589189245,0.661230650224401,2013,3,87,1,13,1.0,6.123233995736766e-17,0.07309512989807777,-0.009189695822260579,0.010150809303351034,0.008319583865869132,-54.4420165271111,39.7339919238333,2.6049963228000106,0.9608816534575766,-1361.716100873869,993.8356439778843,0,1,2,1.0557827628808014,0.0331669562686947,-1.2579928789930641,4.025481020615505,4.252815412486781,7.770462708294448,-101.193333,73.85499899999999,1669.904526099787,1.5277236700057983,1.5277236700057983,1.5277236700057983,1.5277236700057983,1.5277236700057983,1.5277236700057983,1.5277236700057983,1.5277236700057983,1.5277236700057983,1.5277236700057983,1.5277236700057983,1.5277236700057983,1.5277236700057983,,,-1277.935177180586,1.5277236700057983,2,1304.096499526963,3.3783047292956774e-05,,65.15676056392078,6.0,11883.069571111164,4.2341326131160396e-06,-6.458640150765099,-0.05754721712481646,-0.02100535801478795
-33.731111,24.618333,2013-04-18,15237.0,9018.0,11554.5,9703.0,0.1374503107328817,-0.1232956616842866,1.6140001000000002,318,1.5277236700057983,112,10,47,5,18,60,7232.617391304348,153,-0.0020139282569289,3039,6790,0.0664581003366822,23.60118103027344,72.79530692100525,9.131195783615112,8,11,1.9356608390808105e-05,0.1718082427978515,0.2363389333089192,285.4848454793294,2.63495362391042,0.1924823683634469,34.00786032573553,1.3588668114268267,0.5560601752721801,14.984479798577052,260.8192999053926,540.7291075370546,-0.8229040366649734,0.2251136597352838,3027.098205202035,-33.7311_24.6183,110.60336520245478,457.97399870801036,45.71188630490956,41.36525586583466,3.746328589189245,0.661230650224401,2013,4,108,2,16,0.8660254037844387,-0.4999999999999998,-0.2843591872810034,-0.016947027010521448,0.018892587920565734,0.01520182019016606,-54.4420165271111,39.7339919238333,2.6049963228000106,0.9608816534575766,-2455.4665780314963,1792.099106618512,0,1,2,1.0557827628808014,0.0331669562686947,-1.2579928789930641,4.025481020615505,4.252815412486781,14.011813081899108,-134.924444,98.473332,3011.196496619347,3.0554473400115967,3.0554473400115967,3.0554473400115967,3.0554473400115967,3.0554473400115967,3.0554473400115967,3.0554473400115967,1.5277236700057983,1.5277236700057983,1.5277236700057983,1.5277236700057983,1.5277236700057983,1.5277236700057983,,,-353.16259988600785,1.5277236700057983,2,1304.096499526963,2.957154880967039e-05,,117.49163265003318,6.0,20781.956947963543,4.574720179562062e-06,-7.97197479306475,-0.06848939086769004,0.023859296526227647
-32.00055556,28.58166667,2012-11-21,12623.0,11073.0,8886.5,8472.0,0.1737139403519375,0.1095468323354788,1.445,118,1.990221738815308,332,80,10,4,24,70,4637.843478260869,328,-0.0023192316293716,5014,7549,0.3772979669069599,14.03715991973877,28.746060848236084,7.085507392883301,3,12,5.137920379638672e-05,0.2723185221354166,0.2714341481526692,288.7105795542399,8.103756823152859,0.0109042160830773,30.144170841270967,2.129443735314053,1.8100571081591328,28.66577294856418,175.281389748882,375.94324045407626,-1.6145453242132215,0.3145368905390403,3002.7820183687754,-32.0006_28.5817,122.35395532319392,505.8983269961977,45.876742712294046,41.35409007326997,3.7460649943159474,0.6613044859892766,2012,11,326,4,47,-0.5000000000000004,0.8660254037844384,0.7829801036770624,0.01902981189806906,0.030176533072596497,0.012000508474737503,-46.24080278420001,41.30050833815,2.088025,0.8940451229268354,-919.8899173051196,821.6103292398212,0,3,1,0.7256851267904063,-0.20163678931755613,-3.214917747875976,16.1282729955117,11.709928609455881,0.3134532590264546,-352.00611116000005,314.39833337,1188.7671895696544,3.980443477630616,5.970665216445925,7.960886955261232,7.960886955261232,7.960886955261232,7.960886955261232,7.960886955261232,1.990221738815308,1.990221738815308,1.990221738815308,1.990221738815308,1.990221738815308,1.990221738815308,,,-114.39872830857946,1.990221738815308,2,701.125558995528,0.00010225600831859086,,41.538057925701146,7.0,8299.291887395686,1.3946070415234616e-05,-8.686043538840762,-0.06991131445625674,0.030351927786162358
-32.00055556,28.58166667,2014-07-09,9338.5,10082.0,9386.0,8825.5,-0.0025367833587011,0.0357509759605504,1.525,118,1.990221738815308,332,80,10,4,24,70,4637.843478260869,328,-0.0005902275443077,1841,4708,0.3772979669069599,3.072983503341675,3.072983503341675,0.0,1,13,9.5367431640625e-07,0.2014838324652778,0.1185321807861328,282.29378573099774,8.103756823152859,0.0109042160830773,30.144170841270967,2.129443735314053,1.8100571081591328,28.66577294856418,175.281389748882,375.94324045407626,-1.6145453242132215,0.3145368905390403,3002.7820183687754,-32.0006_28.5817,129.67349669966583,544.5504496699258,38.51608910891089,41.35409007326997,3.7460649943159474,0.6613044859892766,2014,7,190,3,28,-0.4999999999999997,-0.8660254037844388,-0.99167731989929,-9.069248087404733e-05,6.435269808982834e-06,0.0012781322821318526,-48.800847229,43.58704167175,2.3256249999999996,0.9262410627273231,-98.33717933364872,87.83099017492059,0,3,1,0.7658614659898751,-0.1694408495170684,-3.214917747875976,16.1282729955117,12.35822915530811,0.03350847614016952,-224.00388892,200.07166669,127.08043659086434,3.980443477630616,5.970665216445925,7.960886955261232,9.95110869407654,9.95110869407654,9.95110869407654,9.95110869407654,1.990221738815308,1.990221738815308,1.990221738815308,1.990221738815308,1.990221738815308,1.990221738815308,,,-0.0,1.990221738815308,2,701.125558995528,1.8980233562615471e-06,,4.686299842596053,7.0,867.4841466472255,1.1304109648335724e-07,-3.7930956368946074,-0.017791919930835138,-0.12255003958037404
-32.00055556,28.58166667,2014-06-04,8823.5,10519.0,8917.5,8479.0,-0.0052984611915901,0.0823965220075626,1.291,118,1.990221738815308,332,80,10,4,24,70,4637.843478260869,328,-0.0015684477984905,2979,6202,0.3772979669069599,7.0457634925842285,16.549889087677002,7.0457634925842285,3,14,1.0579824447631836e-06,0.2231593661838107,0.1504567464192708,289.35809961954754,8.103756823152859,0.0109042160830773,30.144170841270967,2.129443735314053,1.8100571081591328,28.66577294856418,175.281389748882,375.94324045407626,-1.6145453242132215,0.3145368905390403,3002.7820183687754,-32.0006_28.5817,123.25419014219513,510.1924471545122,36.76361788618293,41.35409007326997,3.7460649943159474,0.6613044859892766,2014,6,155,2,23,1.2246467991473532e-16,-1.0,-0.8900275764346767,-0.00043657477417907004,2.807369099878638e-05,0.006789186838942749,-41.31271722796,36.89893167097,1.6666809999999999,0.8289884034713584,-529.6056452620456,473.02341332945446,0,3,0,0.6483456738314287,-0.2666935087730331,-3.214917747875976,16.1282729955117,10.46195005869034,0.18046356676299308,-192.00333336,171.49000002,684.4056040344226,3.980443477630616,5.970665216445925,7.960886955261232,9.95110869407654,11.94133043289185,11.94133043289185,11.94133043289185,1.990221738815308,1.990221738815308,1.990221738815308,1.990221738815308,1.990221738815308,1.990221738815308,,,-113.75704502464083,1.990221738815308,2,701.125558995528,2.105619660852654e-06,,21.365906812191007,7.0,4788.844455324504,1.5918059640777446e-07,-4.814699473166706,-0.04727955839331297,-0.09062547394723605
-31.905,25.43,2014-11-03,13570.0,10135.5,13023.0,11702.5,0.0205693227541082,-0.1246842412073315,1.98,109,1.002436280250549,983,10,6,2,23,68,4708.4,985,-0.0018248446285724,3301,5245,0.0859722105818435,9.65721035003662,31.247687339782715,31.247687339782715,4,15,2.992153167724609e-05,0.1480956607394748,0.1565628051757812,293.15535672505695,5.853894491721314,0.4366214064346009,3.6391110045716815,0.5566922932041161,1.0266167833844149,78.25377121038302,190.0041087231353,201.7269279393173,3.8249359314962224,0.3956764914971386,3236.572379486616,-31.905_25.43,122.35395532319392,505.8983269961977,45.876742712294046,205.6130930053817,5.330847928372485,0.12794805342477403,2014,11,307,4,45,-0.5000000000000004,0.8660254037844384,0.5416278206559811,-0.002564670399744679,0.0004230970385626734,0.015546160005448022,-63.1719,50.3514,3.9204,1.091923300517313,-996.9574645757675,794.6286890506744,6,0,3,1.9732194649226873,0.3970594541463608,3.838079483297238,5.8681562192602925,11.590711093608201,13.643409194124601,-350.95500000000004,279.73,6424.933643197832,1.002436280250549,1.002436280250549,1.002436280250549,1.002436280250549,1.002436280250549,1.002436280250549,1.002436280250549,1.002436280250549,1.002436280250549,1.002436280250549,1.002436280250549,1.002436280250549,1.002436280250549,,,717.122412492567,1.002436280250549,7,380.0082174462706,2.9994428913937544e-05,,61.870420932769775,6.8,9160.426928927047,4.684598934545645e-06,-4.995136299133299,-0.0066408121694713435,0.03974943450002959
-33.731111,24.618333,2014-04-10,15323.0,8819.0,11006.5,9177.0,0.1639415864334681,-0.110337696401099,1.5859999999999999,318,1.5277236700057983,112,10,47,5,18,60,7232.617391304348,153,-0.0017209071666002,2710,6877,0.0664581003366822,11.211237907409668,34.08662986755371,0.0,4,16,2.9802322387695312e-08,0.1694198184543185,0.1744378407796224,294.9032465616862,2.63495362391042,0.1924823683634469,34.00786032573553,1.3588668114268267,0.5560601752721801,14.984479798577052,260.8192999053926,540.7291075370546,-0.8229040366649734,0.2251136597352838,3027.098205202035,-33.7311_24.6183,110.60336520245478,457.97399870801036,45.71188630490956,41.36525586583466,3.746328589189245,0.661230650224401,2014,4,100,2,15,0.8660254037844387,-0.4999999999999998,-0.1500553983446526,-0.018088936991410533,0.02687684376232229,0.012174407247101095,-53.49754204599999,39.04467613799999,2.5153959999999995,0.9501122803496657,-1149.7798956783695,839.1560049271832,0,1,2,1.0374667646730324,0.022397583160783774,-1.2579928789930641,4.025481020615505,4.179036447521926,6.561075246434944,-134.924444,98.473332,1410.0021660753612,3.0554473400115967,4.583171010017395,4.583171010017395,4.583171010017395,4.583171010017395,4.583171010017395,4.583171010017395,1.5277236700057983,1.5277236700057983,1.5277236700057983,1.5277236700057983,1.5277236700057983,1.5277236700057983,,,-0.0,1.5277236700057983,2,1304.096499526963,4.552971333282585e-08,,54.06139496994018,6.0,10052.25781228813,5.198652767527771e-09,-5.883982169937769,-0.058524370555296884,-0.038041796003069145
-32.08639,25.57556,2014-12-05,15557.5,11089.5,14653.0,11730.5,0.0299399215504543,-0.1384286685442356,1.9790001000000002,164,0.9414331912994384,898,60,4,5,21,68,5029.426086956521,897,-0.0017631780356168,3916,6374,0.0522290631885286,23.37127494812012,66.74748039245605,15.038403511047363,5,17,3.427267074584961e-07,0.1752836439344618,0.2035884857177734,288.9117418924968,7.095884476719371,0.3812924468209182,3.7430742552621568,0.2647045378714183,0.5170197413363308,69.69987478227881,188.2469993682881,179.50126342387873,3.4355267674755505,0.4272828468475174,2970.2395286879614,-32.0864_25.5756,118.20264897579143,476.55787709497207,52.9925512104283,183.4214918192583,5.217223854327048,0.1597388606266151,2014,12,339,4,49,-2.4492935982947064e-16,1.0,0.9015016841318838,-0.004144543476548255,0.0008963989024473579,0.019162496274929844,-63.49896901863901,50.614035797556,3.9164413958000104,1.0915877072994562,-2141.685687389698,1707.1041896260833,5,0,3,2.099883703449929,0.4276462977846911,3.2377544552666264,6.680301168010063,14.042756089016084,25.45031011797083,-385.03668000000005,306.90672,12242.922428760983,1.8828663825988767,1.8828663825988767,1.8828663825988767,1.8828663825988767,1.8828663825988767,1.8828663825988767,1.8828663825988767,0.9414331912994384,0.9414331912994384,0.9414331912994384,0.9414331912994384,0.9414331912994384,0.9414331912994384,,,206.65935120920608,0.9414331912994384,5,941.2349968414405,3.22654297946201e-07,,132.09327037141858,6.8,19284.130827119756,6.977521138651353e-08,-6.532419552249908,-0.006599706312560946,0.004657354110326528
-32.043333,27.822778,2014-08-04,12556.5,10013.5,12704.5,11123.0,-0.0058588337753849,-0.1184523285500479,1.6190001,50,1.7268855571746826,780,60,1,2,28,67,4390.017391304348,781,-0.0006456384435296,1454,2663,0.8499336676821312,3.812171459197998,5.825477123260498,0.0,2,18,1.6391277313232422e-06,0.1938860151502821,0.1141510009765625,291.71296246846515,32.35909346582117,0.6757461417075135,3.190795491264453,0.0108991313178631,1.558191103231443,43.25959251781048,196.6036604607132,249.9438308614705,2.488236788114856,0.4652227498014931,2223.134863555915,-32.0433_27.8228,129.8754115225926,532.7413230451851,38.73888888888889,88.36434076914189,4.492721729780151,0.41327443809170694,2014,8,216,3,32,-0.8660254037844385,-0.5000000000000004,-0.8382797052177745,0.0006939925032820098,3.432593320759088e-05,0.014030954138928494,-51.87815933133329,45.0450803642778,2.62116132380001,0.9627926037080865,-186.66770334451817,162.08095674455546,4,2,2,0.9369834091600809,-0.04073418421085262,4.299388409014381,55.88045114939222,52.38937555707382,3.9365436896486665,-256.346664,222.582224,514.764445662631,3.4537711143493652,3.4537711143493652,3.4537711143493652,3.4537711143493652,3.4537711143493652,3.4537711143493652,3.4537711143493652,1.7268855571746826,1.7268855571746826,1.7268855571746826,1.7268855571746826,1.7268855571746826,1.7268855571746826,,,0.0,1.7268855571746826,5,393.2073209214264,2.8305860055866106e-06,,9.431448045106459,6.7,1699.367189418592,1.871080712589901e-07,-3.657778536575317,-0.002060100234601247,-0.11941326989067924
-32.515278,28.015556,2015-08-05,12252.0,9749.0,12547.0,10619.5,-0.0118956409532642,-0.1254933620380331,1.5940001000000001,102,1.7544153928756714,148,30,4,4,22,61,5336.408695652174,148,-0.0023550856858491,2149,5239,0.08850271913379,16.826797485351562,70.53124713897705,0.0,6,19,5.960464477539065e-08,0.2186029222276475,0.2467422485351562,285.4258282979329,1.624294385871219,0.216850380040921,41.4081753443669,0.0661606257536613,0.2996362015977196,13.108733032520757,205.8630914826499,342.34984227129337,1.4384102635867873,0.2177711146769087,3011.0988259498013,-32.5153_28.0156,129.8754115225926,532.7413230451851,38.73888888888889,33.023847199148946,3.527061666968668,0.7187523106980583,2015,8,217,3,32,-0.8660254037844385,-0.5000000000000004,-0.828770087174504,0.0014928239768224373,0.00014150627368897639,0.01574858391560885,-51.82935638352781,44.6567990655556,2.5408363188000105,0.9532011244447526,-2293.3431084105437,1975.9721039718513,2,2,2,0.9080472385449205,-0.06036708460760398,2.525007517970598,2.8496870731340023,2.589125413508162,15.294727746847295,-260.122224,224.124448,2329.2131282829896,1.7544153928756714,1.7544153928756714,1.7544153928756714,1.7544153928756714,1.7544153928756714,1.7544153928756714,1.7544153928756714,1.7544153928756714,1.7544153928756714,1.7544153928756714,1.7544153928756714,1.7544153928756714,1.7544153928756714,,,0.0,1.7544153928756714,2,823.4523659305996,1.0457130628083183e-07,,112.42681499265414,6.1,20131.439635528735,1.470698407501914e-08,-8.022892805465696,-0.09751980103064813,7.356007893877248e-05
-32.043333,27.822778,2014-09-29,13494.0,10057.0,14390.0,11911.5,-0.0321331229378855,-0.1772405612140541,1.6190001,50,1.7268855571746826,780,60,1,2,28,67,4390.017391304348,781,-0.0021288115531206,1426,2579,0.8499336676821312,11.307164192199709,27.800216674804688,15.076219081878662,5,20,5.713105201721192e-05,0.184252209133572,0.3241825103759765,286.348393758138,32.35909346582117,0.6757461417075135,3.190795491264453,0.0108991313178631,1.558191103231443,43.25959251781048,196.6036604607132,249.9438308614705,2.488236788114856,0.4652227498014931,2223.134863555915,-32.0433_27.8228,128.38052861749696,525.4655451431681,39.254786376457076,88.36434076914189,4.492721729780151,0.41327443809170694,2014,9,272,3,40,-1.0,-1.8369701987210297e-16,-0.03012030484690836,0.005695292743071021,0.0010325375897412632,0.03141421653947286,-51.87815933133329,45.0450803642778,2.62116132380001,0.9627926037080865,-890.8116003829192,773.479256894989,4,2,2,0.9369834091600809,-0.04073418421085262,4.299388409014381,55.88045114939222,52.38937555707382,18.785889156632148,-288.389997,250.405002,2456.547819708422,3.4537711143493652,5.180656671524048,5.180656671524048,5.180656671524048,5.180656671524048,5.180656671524048,5.180656671524048,1.7268855571746826,1.7268855571746826,1.7268855571746826,1.7268855571746826,1.7268855571746826,1.7268855571746826,,,37.51320294520967,1.7268855571746826,5,393.2073209214264,9.865878859471879e-05,,45.00855357653046,6.7,7960.547390958526,1.8520887863360258e-05,-10.38788813275337,-0.006792602305448888,0.09061823950873477
-32.99163889,27.64002778,2011-03-08,16227.0,9602.0,12598.5,9917.5,0.1258781287401779,-0.134974437512668,1.3119999999999998,349,1.7668724060058594,160,10,6,3,25,63,6314.313043478261,160,-0.0028641819953918,3620,7711,3.0928937079408123,12.119091987609863,48.92688322067261,24.68869924545288,7,21,8.493661880493164e-07,0.1874807145860459,0.2086849212646484,300.08917744954425,1.848000040601443,1.190679600481804,58.66912700131276,0.9398388122724632,0.2428473791768734,27.11364343813017,192.2745591939547,369.0210957178842,1.940785565696371,0.5749613178391901,3922.0896013580114,-32.9916_27.64,106.013235367335,421.7467787464508,47.294520547945204,15.613324365592023,2.8102050460191297,0.8554452001310441,2011,3,67,1,10,1.0,6.123233995736766e-17,0.40542572835999735,-0.016990329621852717,0.0158453032951288,0.018218098781861116,-43.28503022367999,36.26371644736,1.7213439999999995,0.8381129508101309,-1614.1780632296307,1352.3404114082068,3,2,0,0.7421350067701953,-0.17996598978668532,3.4310612475690863,3.2651802780363974,2.4245760532690928,58.25624176601035,-98.97491667,82.92008334,763.9112979218031,3.5337448120117188,5.300617218017578,5.300617218017578,5.300617218017578,5.300617218017578,5.300617218017578,5.300617218017578,1.7668724060058594,1.7668724060058594,1.7668724060058594,1.7668724060058594,1.7668724060058594,1.7668724060058594,,,287.49282678836306,1.7668724060058594,1,576.8236775818641,1.5007216802587209e-06,,64.19207078552245,6.3,14682.428140861552,1.7724991607792615e-07,-6.884857564151362,-0.16803905724251492,-0.06004261970520017
-32.08639,25.57556,2013-04-26,14994.5,10467.5,13048.5,10355.0,0.0693934315158863,-0.1097550603844186,1.861,164,0.9414331912994384,898,60,4,5,21,68,5029.426086956521,897,-0.0016269441694021,4082,6602,0.0522290631885286,26.820281982421875,64.809396982193,3.957983493804932,10,22,2.9802322387695312e-08,0.1837946573893229,0.1574153900146484,291.885191599528,7.095884476719371,0.3812924468209182,3.7430742552621568,0.2647045378714183,0.5170197413363308,69.69987478227881,188.2469993682881,179.50126342387873,3.4355267674755505,0.4272828468475174,2970.2395286879614,-32.0864_25.5756,110.60336520245478,457.97399870801036,45.71188630490956,183.4214918192583,5.217223854327048,0.1597388606266151,2013,4,116,2,17,0.8660254037844387,-0.4999999999999998,-0.4132786077829042,-0.007616280266308117,0.004815448337550002,0.012046173279987372,-59.712771790000005,47.59611716,3.463321,1.0511712140679732,-2079.4995872354675,1657.5366210818959,5,0,3,1.9746757830483777,0.3872298045532081,3.2377544552666264,6.680301168010063,13.20544101117475,24.711333552328597,-128.34556,102.30224,11887.436278380375,1.8828663825988767,2.824299573898315,2.824299573898315,2.824299573898315,2.824299573898315,2.824299573898315,2.824299573898315,0.9414331912994384,0.9414331912994384,0.9414331912994384,0.9414331912994384,0.9414331912994384,0.9414331912994384,,,54.391032952772974,0.9414331912994384,5,941.2349968414405,2.8056895473582696e-08,,120.61028778386115,6.8,18916.903255597274,4.6913442020013454e-09,-5.050891596012115,-0.006089772835237873,-0.04151574159279847
-32.043333,27.822778,2011-07-04,15229.5,11940.0,15485.0,13238.0,-0.008318546614791,-0.1292616226071098,1.411,50,1.7268855571746826,780,60,1,2,28,67,4390.017391304348,781,-0.0008343420922756,1883,3569,0.8499336676821312,9.501021385192873,23.593018770217896,0.0,5,23,1.1622905731201172e-05,0.2898385789659288,0.260318120320638,280.2148920694987,32.35909346582117,0.6757461417075135,3.190795491264453,0.0108991313178631,1.558191103231443,43.25959251781048,196.6036604607132,249.9438308614705,2.488236788114856,0.4652227498014931,2223.134863555915,-32.0433_27.8228,129.67349669966583,544.5504496699258,38.51608910891089,88.36434076914189,4.492721729780151,0.41327443809170694,2011,7,185,3,27,-0.4999999999999997,-0.8660254037844388,-0.99907411510223,0.001075268833160765,6.919821778245082e-05,0.01670856707902288,-45.213142862999995,39.257939758,1.9909210000000002,0.880041599199034,-755.9989569293424,656.4233235936055,4,2,1,0.8166050084400083,-0.1234851887199051,4.299388409014381,55.88045114939222,45.65868088027367,15.942891405207687,-224.303331,194.759446,2084.781550384295,3.4537711143493652,5.180656671524048,6.9075422286987305,6.9075422286987305,6.9075422286987305,6.9075422286987305,6.9075422286987305,1.7268855571746826,1.7268855571746826,1.7268855571746826,1.7268855571746826,1.7268855571746826,1.7268855571746826,,,0.0,1.7268855571746826,5,393.2073209214264,2.0071428039614148e-05,,33.28974948477745,6.7,6611.1152082902645,3.0256529726102595e-06,-8.341460215368269,-0.002662214986205135,0.02675384945339626
-32.99163889,27.64002778,2014-07-22,13584.0,9298.0,13567.5,11264.5,0.0006077012319761,-0.1867223546390843,1.5630000000000002,349,1.7668724060058594,160,10,6,3,25,63,6314.313043478261,160,-0.00096763856709,2649,5271,3.0928937079408123,8.772577285766602,8.772577285766602,8.772577285766602,1,24,2.384185791015625e-07,0.2117483350965711,0.1504198710123697,288.5589288075765,1.848000040601443,1.190679600481804,58.66912700131276,0.9398388122724632,0.2428473791768734,27.11364343813017,192.2745591939547,369.0210957178842,1.940785565696371,0.5749613178391901,3922.0896013580114,-32.9916_27.64,129.67349669966583,544.5504496699258,38.51608910891089,15.613324365592023,2.8102050460191297,0.8554452001310441,2014,7,203,3,30,-0.4999999999999997,-0.8660254037844388,-0.9383773917408642,-0.00011347140495164978,3.693007873452697e-07,0.03486523772196396,-51.565931585070004,43.201363420140005,2.4429690000000006,0.9411784473819341,-289.42170194662805,242.47427988078587,3,2,1,0.8841135789495546,-0.07690049321488213,3.4310612475690863,3.2651802780363974,2.8884240634600555,10.445328817812326,-230.94147223,193.48019446,136.9690946848988,3.5337448120117188,5.300617218017578,7.0674896240234375,7.0674896240234375,7.0674896240234375,7.0674896240234375,7.0674896240234375,1.7668724060058594,1.7668724060058594,1.7668724060058594,1.7668724060058594,1.7668724060058594,1.7668724060058594,,,102.15414822103001,1.7668724060058594,1,576.8236775818641,4.2125520849367604e-07,,13.711538297653199,6.3,2531.4055044624874,3.586289191540949e-08,-4.96259806632048,-0.056770509983971505,-0.11830766995747888
-32.99163889,27.64002778,2014-07-10,14629.0,9421.0,13900.5,11040.5,0.0255349725722497,-0.1920759813905615,1.5630000000000002,349,1.7668724060058594,160,10,6,3,25,63,6314.313043478261,160,-0.0007509123533964,3784,7237,3.0928937079408123,0.0,0.0,0.0,0,25,2.682209014892578e-07,0.2184927198621962,0.1635602315266927,285.00879796346027,1.848000040601443,1.190679600481804,58.66912700131276,0.9398388122724632,0.2428473791768734,27.11364343813017,192.2745591939547,369.0210957178842,1.940785565696371,0.5749613178391901,3922.0896013580114,-32.9916_27.64,129.67349669966583,544.5504496699258,38.51608910891089,15.613324365592023,2.8102050460191297,0.8554452001310441,2014,7,191,3,28,-0.4999999999999997,-0.8660254037844388,-0.9893142039703664,-0.004904654916595932,0.0006520348242655444,0.03689318262714733,-51.565931585070004,43.201363420140005,2.4429690000000006,0.9411784473819341,-0.0,0.0,3,2,1,0.8841135789495546,-0.07690049321488213,3.4310612475690863,3.2651802780363974,2.8884240634600555,0.0,-230.94147223,193.48019446,0.0,3.5337448120117188,5.300617218017578,7.0674896240234375,8.834362030029297,8.834362030029297,8.834362030029297,8.834362030029297,1.7668724060058594,1.7668724060058594,1.7668724060058594,1.7668724060058594,1.7668724060058594,1.7668724060058594,,,0.0,1.7668724060058594,1,576.8236775818641,4.7391210955538554e-07,,0.0,6.3,0.0,4.387027274788124e-08,-5.396120095293438,-0.04405537222826804,-0.10516730944315589
-32.043333,27.822778,2014-05-12,13527.0,9458.5,11937.0,9975.0,0.0624410933081998,-0.1158421163328732,1.411,50,1.7268855571746826,780,60,1,2,28,67,4390.017391304348,781,-0.0018713939934968,2188,3995,0.8499336676821312,26.084259033203125,59.99785614013672,0.0,4,26,6.705522537231445e-07,0.2441435919867621,0.2118816375732422,285.76068178812665,32.35909346582117,0.6757461417075135,3.190795491264453,0.0108991313178631,1.558191103231443,43.25959251781048,196.6036604607132,249.9438308614705,2.488236788114856,0.4652227498014931,2223.134863555915,-32.0433_27.8228,120.45334559710494,476.2898914354644,42.100723763570564,88.36434076914189,4.492721729780151,0.41327443809170694,2014,5,132,2,20,0.49999999999999994,-0.8660254037844387,-0.6453481132295501,-0.007233308394960272,0.0038988901335233143,0.013419395916478926,-45.213142862999995,39.257939758,1.9909210000000002,0.880041599199034,-1922.5312835844954,1669.3070318629607,4,2,1,0.8166050084400083,-0.1234851887199051,4.299388409014381,55.88045114939222,45.65868088027367,40.543319797419834,-160.21666499999998,139.11389,5301.671005384993,3.4537711143493652,5.180656671524048,6.9075422286987305,8.634427785873413,8.634427785873413,8.634427785873413,8.634427785873413,1.7268855571746826,1.7268855571746826,1.7268855571746826,1.7268855571746826,1.7268855571746826,1.7268855571746826,,,0.0,1.7268855571746826,5,393.2073209214264,1.1579670022854316e-06,,84.65697501373292,6.7,17145.02827643141,1.4207770959728805e-07,-6.7893938693447105,-0.0059712355168289695,-0.021682633293999554
-33.18536111,27.39075,2015-07-02,16567.5,9081.5,11512.5,9157.5,0.1800213675213675,-0.118044090511799,1.6190001,90,1.6152466535568235,7,60,2,3,20,63,6673.330434782609,7,-0.000910498201847,4184,7281,0.0684319741939189,14.183161735534668,36.234270334243774,3.8171498775482178,4,27,1.341104507446289e-07,0.221663581000434,0.2697181701660156,285.8131688435872,0.2018437283064412,0.1614159023148939,66.86530317704474,0.0645663609259575,0.623044282817541,16.49092378426396,229.8037235721048,411.86052382455046,0.1315599961844975,0.2346974579260604,3548.4095545158957,-33.1854_27.3908,129.67349669966583,544.5504496699258,38.51608910891089,12.001694951701314,2.565079729862787,0.8869054039715253,2015,7,183,3,27,-0.4999999999999997,-0.8660254037844388,-0.9999629591162655,-0.021250458601750136,0.032407692764263266,0.013934407304757793,-53.727102955626115,44.345626989075,2.62116132380001,0.9627926037080865,-1202.4473455992402,992.4838401576877,1,1,2,1.0017036053483033,0.0010518880299917877,0.21263340357514257,0.32602740668841185,0.3267850163125012,5.848787440723751,-232.29752777000002,191.73525,434.8726593490742,3.230493307113647,3.230493307113647,3.230493307113647,3.230493307113647,3.230493307113647,3.230493307113647,3.230493307113647,1.6152466535568235,1.6152466535568235,1.6152466535568235,1.6152466535568235,1.6152466535568235,1.6152466535568235,,,1.0043684466517973,1.6152466535568235,1,689.4111707163144,2.1662145677225905e-07,,58.66328729456771,6.3,10356.2316249654,3.6172025374980876e-08,-8.950694874887658,-0.06088073830865373,0.043707911173502645
-33.731111,24.618333,2014-03-20,13483.0,8481.5,10416.0,8946.0,0.1283317293610611,-0.1023680381002772,1.5859999999999999,318,1.5277236700057983,112,10,47,5,18,60,7232.617391304348,153,-0.0005405517295002,2834,6851,0.0664581003366822,8.285713195800781,26.45064878463745,0.0,4,28,5.960464477539065e-08,0.1587664286295572,0.1467615763346354,290.2890961964925,2.63495362391042,0.1924823683634469,34.00786032573553,1.3588668114268267,0.5560601752721801,14.984479798577052,260.8192999053926,540.7291075370546,-0.8229040366649734,0.2251136597352838,3027.098205202035,-33.7311_24.6183,106.013235367335,421.7467787464508,47.294520547945204,41.36525586583466,3.746328589189245,0.661230650224401,2014,3,79,1,12,1.0,6.123233995736766e-17,0.20931464596304847,-0.013137067360707565,0.016469032760800632,0.010479215224499804,-53.49754204599999,39.04467613799999,2.5153959999999995,0.9501122803496657,-892.209770176621,651.17087984625,0,1,2,1.0374667646730324,0.022397583160783774,-1.2579928789930641,4.025481020615505,4.179036447521926,5.091283522816745,-101.193333,73.85499899999999,1094.1378547938568,3.0554473400115967,4.583171010017395,6.110894680023193,6.110894680023193,6.110894680023193,6.110894680023193,6.110894680023193,1.5277236700057983,1.5277236700057983,1.5277236700057983,1.5277236700057983,1.5277236700057983,1.5277236700057983,,,-0.0,1.5277236700057983,2,1304.096499526963,9.105942666565174e-08,,41.950728972434995,6.0,7678.3349295032585,8.747671624102322e-09,-4.950431021878559,-0.018383007715677573,-0.06571806044805614
-33.18536111,27.39075,2012-05-31,13681.04828042328,9736.467592592593,13037.4708994709,10927.805555555555,0.02767556715248159,-0.13611907853487948,1.3640001000000002,90,1.6152466535568235,7,60,2,3,20,63,6673.330434782609,7,-0.0006790850311517,3825,6770,0.0684319741939189,8.228816032409668,15.380757927894592,2.986253261566162,4,29,2.384185791015625e-07,0.1897305382622613,0.161935806274414,288.4203344980876,0.2018437283064412,0.1614159023148939,66.86530317704474,0.0645663609259575,0.623044282817541,16.49092378426396,229.8037235721048,411.86052382455046,0.1315599961844975,0.2346974579260604,3548.4095545158957,-33.1854_27.3908,120.45334559710494,476.2898914354644,42.100723763570564,12.001694951701314,2.565079729862787,0.8869054039715253,2012,5,152,2,22,0.49999999999999994,-0.8660254037844387,-0.865307254363206,-0.0037671726987259725,0.000765937017211518,0.018528403541184686,-45.26483587257612,37.360985739075005,1.8604962728000105,0.8603551418450354,-510.4160059826774,421.29049521347883,1,1,0,0.8439306568699078,-0.10138557383305935,0.21263340357514257,0.32602740668841185,0.2753148655943587,2.482698919218063,-165.92680555,136.95375,184.59516477655248,3.230493307113647,4.84573996067047,4.84573996067047,4.84573996067047,4.84573996067047,4.84573996067047,4.84573996067047,1.6152466535568235,1.6152466535568235,1.6152466535568235,1.6152466535568235,1.6152466535568235,1.6152466535568235,,,0.785742935395175,1.6152466535568235,1,689.4111707163144,3.8510481203957164e-07,,20.97935535172402,6.3,4436.12334639747,3.860850483761168e-08,-5.373898207855433,-0.04540722649095129,-0.06407445271809897
-33.329167,26.0775,2015-03-08,13201.0,8939.0,11515.0,9620.5,0.0682149215083346,-0.125941136208076,1.776,296,1.0588278770446775,271,10,9,5,16,60,6937.773913043478,270,-0.0011672023683786,2976,6407,1.1216865440546526,29.156503677368164,29.156503677368164,0.0,1,30,3.725290298461914e-06,0.1658772362603081,0.1574535369873047,292.3888689676921,0.1289192939941303,0.5908800974730974,32.285688525930034,0.1842366250445529,0.1718923919921738,45.84833529801846,246.48785871964677,401.3055818353831,0.0137503224503585,0.4121474828941143,3451.557829788984,-33.3292_26.0775,106.013235367335,421.7467787464508,47.294520547945204,42.89048706618247,3.781697601068106,0.6512218765406007,2015,3,67,1,10,1.0,6.123233995736766e-17,0.40542572835999735,-0.008591064721104382,0.00465327551638825,0.015861169789381156,-59.192600592,46.31364,3.154176,1.021011042644558,-971.7619801991176,760.3287246465683,1,0,3,1.675743805637915,0.29838861816664863,0.014572975051243215,0.13650334236990364,0.2289606661335754,17.227997734858025,-99.987501,78.2325,1250.5366438692608,2.117655754089355,2.117655754089355,2.117655754089355,2.117655754089355,2.117655754089355,2.117655754089355,2.117655754089355,1.0588278770446775,1.0588278770446775,1.0588278770446775,1.0588278770446775,1.0588278770446775,1.0588278770446775,,,0.0,1.0588278770446775,2,1232.439293598234,3.9444412180955615e-06,,51.78195053100586,6.0,8525.037133278032,5.865601337973203e-07,-5.2477952289905545,-0.03768393211219932,-0.09234637305850071
-32.579167,27.366667,2012-05-07,13681.04828042328,9736.467592592593,13037.4708994709,10927.805555555555,0.02767556715248159,-0.13611907853487948,1.34,222,2.115182876586914,812,10,15,3,28,65,5752.286956521739,816,-0.0016861855983734,3500,5989,0.1811423624861438,9.245220184326172,27.60575842857361,3.122730731964112,8,31,9.588897228240968e-05,0.3096406724717881,0.2393945058186849,287.39080874125165,8.067877584786434,0.8964827741805825,18.65766798907683,0.1300174078862781,0.2645811761136777,71.7137356593136,218.99464398235668,246.52016383112797,-0.0435902227207589,0.4287488139888815,3256.112547601436,-32.5792_27.3667,120.45334559710494,476.2898914354644,42.100723763570564,68.00271062315436,4.234145788219189,0.5066032600742068,2012,5,128,2,19,0.49999999999999994,-0.8660254037844387,-0.5912614448635781,-0.0037671726987259725,0.000765937017211518,0.018528403541184686,-43.65608378,36.671333780000005,1.7956000000000003,0.8501509293696101,-899.3726140061572,755.4775981972172,0,3,0,0.6332155953181227,-0.28645788645039794,-0.09224488290827983,17.065036517739653,10.810955963613821,24.748086899406665,-162.89583499999998,136.833335,1877.2664019509955,2.115182876586914,2.115182876586914,2.115182876586914,2.115182876586914,2.115182876586914,2.115182876586914,2.115182876586914,2.115182876586914,2.115182876586914,2.115182876586914,2.115182876586914,2.115182876586914,2.115182876586914,,,-2.041807921549112,2.115182876586914,5,656.98393194707,0.00020282271222527018,,36.991716294288636,6.5,7933.641240703393,2.295529313300904e-05,-7.7992735839494065,-0.03146029106241375,-0.044854958852132115
-32.99163889,27.64002778,2015-08-27,15231.5,9511.5,12598.5,10126.0,0.0946101329500539,-0.1396200814111255,1.5840001000000001,349,1.7668724060058594,160,10,6,3,25,63,6314.313043478261,160,-0.0019814576953649,3287,6683,3.0928937079408123,11.918283462524414,20.0645399093628,11.918283462524414,3,32,2.315640449523925e-05,0.2434832255045572,0.3338292439778645,292.0202986399333,1.848000040601443,1.190679600481804,58.66912700131276,0.9398388122724632,0.2428473791768734,27.11364343813017,192.2745591939547,369.0210957178842,1.940785565696371,0.5749613178391901,3922.0896013580114,-32.9916_27.64,129.8754115225926,532.7413230451851,38.73888888888889,15.613324365592023,2.8102050460191297,0.8554452001310441,2015,8,239,3,35,-0.8660254037844385,-0.5000000000000004,-0.5631507242749187,-0.013209474464803932,0.008951077256826874,0.019493767133249313,-52.25875930092389,43.78180676752278,2.5090563168000104,0.9493386246200451,-661.9620551836907,554.5844404877065,3,2,1,0.8959923208365017,-0.0687403159767711,3.4310612475690863,3.2651802780363974,2.92723224911269,23.890438363131313,-263.93311112,221.12022224,313.2741698512478,3.5337448120117188,5.300617218017578,7.0674896240234375,8.834362030029297,10.601234436035156,10.601234436035156,10.601234436035156,1.7668724060058594,1.7668724060058594,1.7668724060058594,1.7668724060058594,1.7668724060058594,1.7668724060058594,,,138.7849950716709,1.7668724060058594,1,576.8236775818641,4.091441212494827e-05,,31.78223322288467,6.3,5859.252936404985,7.730285005891343e-06,-11.013573868239412,-0.11625039317709181,0.06510170300801593
-32.08639,25.57556,2011-02-09,14278.5,10335.5,12794.5,10912.0,0.0548147600930816,-0.1063121487245996,1.8590001,164,0.9414331912994384,898,60,4,5,21,68,5029.426086956521,897,-0.0026778858155012,4647,7089,0.0522290631885286,16.180444717407227,89.51644563674927,40.50810050964356,9,33,4.4032931327819824e-05,0.2161290910508897,0.3049271901448567,294.804402033488,7.095884476719371,0.3812924468209182,3.7430742552621568,0.2647045378714183,0.5170197413363308,69.69987478227881,188.2469993682881,179.50126342387873,3.4355267674755505,0.4272828468475174,2970.2395286879614,-32.0864_25.5756,100.24407962213225,396.55668016194335,45.75708502024292,183.4214918192583,5.217223854327048,0.1597388606266151,2011,2,40,1,6,0.8660254037844386,0.5000000000000001,0.7721565844991642,-0.005827474927318938,0.003004657924062091,0.011302272966441384,-59.648602218639006,47.544968597556,3.45588137180001,1.050471948317439,-2872.2595861145355,2289.433226369419,5,0,3,1.9725537228127419,0.38653053880267385,3.2377544552666264,6.680301168010063,13.191249951809759,34.131944587547835,-64.17278,51.15112,16419.240001050086,1.8828663825988767,2.824299573898315,3.7657327651977535,3.7657327651977535,3.7657327651977535,3.7657327651977535,3.7657327651977535,0.9414331912994384,0.9414331912994384,0.9414331912994384,0.9414331912994384,0.9414331912994384,0.9414331912994384,,,556.6666544018818,0.9414331912994384,5,941.2349968414405,4.145406306221843e-05,,166.41108139036146,6.8,26389.842228105103,1.3426838023633533e-05,-9.78401274459203,-0.010023525454534247,0.10599605853740982
-33.329167,26.0775,2015-06-24,12940.0,9303.0,10895.0,9188.0,0.0857981959303545,-0.0788196851173379,1.776,296,1.0588278770446775,271,10,9,5,16,60,6937.773913043478,270,-0.0014070644974708,3721,7305,1.1216865440546526,11.83049774169922,23.66099548339844,0.0,2,34,2.9802322387695312e-08,0.189597659640842,0.2317612965901692,288.3563499450684,0.1289192939941303,0.5908800974730974,32.285688525930034,0.1842366250445529,0.1718923919921738,45.84833529801846,246.48785871964677,401.3055818353831,0.0137503224503585,0.4121474828941143,3451.557829788984,-33.3292_26.0775,123.25419014219513,510.1924471545122,36.76361788618293,42.89048706618247,3.781697601068106,0.6512218765406007,2015,6,175,2,26,1.2246467991473532e-16,-1.0,-0.99167731989929,-0.006762586786866203,0.007361330424903499,0.006212542761996298,-59.192600592,46.31364,3.154176,1.021011042644558,-788.6012698524323,617.0196097183228,1,0,3,1.675743805637915,0.29838861816664863,0.014572975051243215,0.13650334236990364,0.2289606661335754,13.98081131754099,-199.975002,156.465,1014.8316207537027,2.117655754089355,3.1764836311340323,3.1764836311340323,3.1764836311340323,3.1764836311340323,3.1764836311340323,3.1764836311340323,1.0588278770446775,1.0588278770446775,1.0588278770446775,1.0588278770446775,1.0588278770446775,1.0588278770446775,,,0.0,1.0588278770446775,2,1232.439293598234,3.155552974476449e-08,,42.021927978515635,6.0,6822.7982936595245,6.907024877970493e-09,-7.724410958190279,-0.04542804610123652,-0.018038613455636204
-32.043333,27.822778,2014-07-07,13210.5,9910.5,13044.5,11160.5,0.0063226052180537,-0.1365279895447609,1.411,50,1.7268855571746826,780,60,1,2,28,67,4390.017391304348,781,-0.0003821970894932,1459,2803,0.8499336676821312,3.08211088180542,7.666752815246582,2.0133056640625,3,35,6.258487701416016e-07,0.2025538550482856,0.1209882100423177,277.05575370788574,32.35909346582117,0.6757461417075135,3.190795491264453,0.0108991313178631,1.558191103231443,43.25959251781048,196.6036604607132,249.9438308614705,2.488236788114856,0.4652227498014931,2223.134863555915,-32.0433_27.8228,129.67349669966583,544.5504496699258,38.51608910891089,88.36434076914189,4.492721729780151,0.41327443809170694,2014,7,188,3,28,-0.4999999999999997,-0.8660254037844388,-0.9955213724144752,-0.0008632125791060862,3.997533674335988e-05,0.018639891929134338,-45.213142862999995,39.257939758,1.9909210000000002,0.880041599199034,-245.66831348763367,213.31036155948067,4,2,1,0.8166050084400083,-0.1234851887199051,4.299388409014381,55.88045114939222,45.65868088027367,5.180778634328094,-224.303331,194.759446,677.4675583592269,3.4537711143493652,5.180656671524048,6.9075422286987305,8.634427785873413,10.361313343048096,10.361313343048096,10.361313343048096,1.7268855571746826,1.7268855571746826,1.7268855571746826,1.7268855571746826,1.7268855571746826,1.7268855571746826,,,5.009581219040323,1.7268855571746826,5,393.2073209214264,1.0807692021330695e-06,,10.817788222312927,6.7,2124.1179797201967,7.57203224566183e-08,-3.8768655034599298,-0.0012195127499292993,-0.11257606082492404
-33.731111,24.618333,2012-10-04,12701.0,8573.0,10332.5,8617.0,0.1028284889400221,-0.0930681547697755,1.6940001,318,1.5277236700057983,112,10,47,5,18,60,7232.617391304348,153,-0.0010589202865958,2863,6598,0.0664581003366822,14.004498481750488,34.737359046936035,0.0,3,36,1.0728836059570312e-05,0.174308353000217,0.1697241465250651,286.0725676218669,2.63495362391042,0.1924823683634469,34.00786032573553,1.3588668114268267,0.5560601752721801,14.984479798577052,260.8192999053926,540.7291075370546,-0.8229040366649734,0.2251136597352838,3027.098205202035,-33.7311_24.6183,128.93517074592074,518.4723193473194,43.481351981351985,41.36525586583466,3.746328589189245,0.661230650224401,2012,10,278,4,40,-0.8660254037844386,0.5000000000000001,0.07309512989807776,-0.009570057723412123,0.010573698137688247,0.008661681432250885,-57.1405054071111,41.7034585638333,2.86963633880001,0.9910271151076964,-1171.7297138590536,855.1758725580339,0,1,2,1.108113999434296,0.06331241791881448,-1.2579928789930641,4.025481020615505,4.463611702399614,6.686329140045657,-337.31111,246.18333,1436.9197450798756,3.0554473400115967,4.583171010017395,6.110894680023193,7.638618350028992,7.638618350028992,7.638618350028992,7.638618350028992,1.5277236700057983,1.5277236700057983,1.5277236700057983,1.5277236700057983,1.5277236700057983,1.5277236700057983,,,-0.0,1.5277236700057983,2,1304.096499526963,1.6390696799817306e-05,,58.84508969924555,6.0,9937.405494959678,1.8209425434179138e-06,-5.724984025817235,-0.0360116132026378,-0.042755490257626455
-32.043333,27.822778,2014-06-02,13445.5,9492.5,11979.0,9927.5,0.0576805836889614,-0.1158046713084781,1.411,50,1.7268855571746826,780,60,1,2,28,67,4390.017391304348,781,-0.0011650919914245,2184,3895,0.8499336676821312,4.091845512390137,10.632809162139893,6.540963649749756,3,37,6.854534149169922e-07,0.2226214938693576,0.1482785542805989,285.3776658376058,32.35909346582117,0.6757461417075135,3.190795491264453,0.0108991313178631,1.558191103231443,43.25959251781048,196.6036604607132,249.9438308614705,2.488236788114856,0.4652227498014931,2223.134863555915,-32.0433_27.8228,123.25419014219513,510.1924471545122,36.76361788618293,88.36434076914189,4.492721729780151,0.41327443809170694,2014,6,153,2,23,1.2246467991473532e-16,-1.0,-0.8738071036110808,-0.006679681034981339,0.00332704973469928,0.01341072189686465,-45.213142862999995,39.257939758,1.9909210000000002,0.880041599199034,-340.7106447078995,295.83428883458424,4,2,1,0.8166050084400083,-0.1234851887199051,4.299388409014381,55.88045114939222,45.65868088027367,7.1850797668283315,-192.259998,166.936668,939.5611721365835,3.4537711143493652,5.180656671524048,6.9075422286987305,8.634427785873413,12.088198900222778,12.088198900222778,12.088198900222778,1.7268855571746826,1.7268855571746826,1.7268855571746826,1.7268855571746826,1.7268855571746826,1.7268855571746826,,,16.27546638302936,1.7268855571746826,5,393.2073209214264,1.183699602336219e-06,,15.002893727779389,6.7,3034.3662599881914,1.0163804139059111e-07,-4.751339091571806,-0.0037175702731456176,-0.08528571658664283
-33.731111,24.618333,2013-05-23,14960.5,9477.0,11952.0,10080.0,0.1117882025081282,-0.1154976900461985,1.6140001000000002,318,1.5277236700057983,112,10,47,5,18,60,7232.617391304348,153,-0.0003739120438694,2795,7274,0.0664581003366822,0.0,0.0,0.0,0,38,5.960464477539065e-08,0.1631060706244574,0.1609605153401692,287.9728266398112,2.63495362391042,0.1924823683634469,34.00786032573553,1.3588668114268267,0.5560601752721801,14.984479798577052,260.8192999053926,540.7291075370546,-0.8229040366649734,0.2251136597352838,3027.098205202035,-33.7311_24.6183,120.45334559710494,476.2898914354644,42.100723763570564,41.36525586583466,3.746328589189245,0.661230650224401,2013,5,143,2,21,0.49999999999999994,-0.8660254037844387,-0.7775971469736269,-0.012911279164105461,0.012496602219998279,0.013339716406007741,-54.4420165271111,39.7339919238333,2.6049963228000106,0.9608816534575766,-0.0,0.0,0,1,2,1.0557827628808014,0.0331669562686947,-1.2579928789930641,4.025481020615505,4.252815412486781,0.0,-168.655555,123.091665,0.0,3.0554473400115967,4.583171010017395,6.110894680023193,7.638618350028992,9.16634202003479,9.16634202003479,9.16634202003479,1.5277236700057983,1.5277236700057983,1.5277236700057983,1.5277236700057983,1.5277236700057983,1.5277236700057983,,,-0.0,1.5277236700057983,2,1304.096499526963,9.105942666565174e-08,,0.0,6.0,0.0,9.593994339714603e-09,-5.4293770095564495,-0.01271594856202085,-0.05151912144252235
-32.043333,27.822778,2014-10-27,12962.0,10243.5,12659.0,10791.5,0.0118262362905429,-0.1054688352799908,1.6190001,50,1.7268855571746826,780,60,1,2,28,67,4390.017391304348,781,-0.0041633863002061,1716,3043,0.8499336676821312,15.36693000793457,27.38835430145264,0.0,2,39,1.1473894119262695e-06,0.2119356791178385,0.2452341715494791,294.15578905741376,32.35909346582117,0.6757461417075135,3.190795491264453,0.0108991313178631,1.558191103231443,43.25959251781048,196.6036604607132,249.9438308614705,2.488236788114856,0.4652227498014931,2223.134863555915,-32.0433_27.8228,128.93517074592074,518.4723193473194,43.481351981351985,88.36434076914189,4.492721729780151,0.41327443809170694,2014,10,300,4,44,-0.8660254037844386,0.5000000000000001,0.4366512319560638,-0.0012472993673095184,0.00013985986479975388,0.011123675215317833,-51.87815933133329,45.0450803642778,2.62116132380001,0.9627926037080865,-877.6141572034293,762.0201015146619,4,2,2,0.9369834091600809,-0.04073418421085262,4.299388409014381,55.88045114939222,52.38937555707382,18.507574746925002,-320.43332999999996,278.22778,2420.1538725995542,3.4537711143493652,5.180656671524048,6.9075422286987305,8.634427785873413,12.088198900222778,13.815084457397461,13.815084457397461,1.7268855571746826,1.7268855571746826,1.7268855571746826,1.7268855571746826,1.7268855571746826,1.7268855571746826,1.7268855571746826,0.0,0.0,1.7268855571746826,5,393.2073209214264,1.9814102039106274e-06,0.8033864475012894,44.34174835288726,6.7,8056.4429705278135,2.8137909187838273e-07,-7.858120221939084,-0.013284514235089818,0.01166990068223736
-31.903056,25.482222,2014-05-19,13404.5,9492.0,12325.5,10372.0,0.0419354838709677,-0.1298728085252658,1.8790001,306,1.0192323923110962,971,60,9,3,22,66,5561.130434782609,968,-0.0008975453674793,2937,5270,0.0449728292176692,27.38324737548828,42.39877009391785,0.0,5,40,5.990266799926758e-06,0.1677850087483724,0.1768836975097656,287.0811017354329,4.684667407791398,0.1919875484196021,2.247474304275222,0.3165547203038925,0.4949725802398794,80.90813320896592,205.65195460277425,201.3240857503152,4.222173640601993,0.4031417466239699,3172.1821179889234,-31.9031_25.4822,120.45334559710494,476.2898914354644,42.100723763570564,204.90724675106944,5.327425808902835,0.12885436478689669,2014,5,139,2,21,0.49999999999999994,-0.8660254037844387,-0.7324940716135789,-0.005446279067188561,0.0017585848074921924,0.016866946394240356,-59.9458454143056,47.881097686222205,3.5306413758000104,1.057443046364321,-1352.6503366373863,1080.4148720601754,6,0,3,1.8417373474523466,0.35423049586989397,4.307598314104221,4.774764769225048,8.802490527706778,8.14003592633763,-159.51528,127.41111000000001,8687.815245576288,1.0192323923110962,1.0192323923110962,1.0192323923110962,1.0192323923110962,1.0192323923110962,1.0192323923110962,1.0192323923110962,1.0192323923110962,1.0192323923110962,1.0192323923110962,1.0192323923110962,1.0192323923110962,1.0192323923110962,,,0.0,1.0192323923110962,7,616.9558638083228,6.105473961071084e-06,,79.66729324634865,6.6,12171.88563078926,1.0595805406410361e-06,-5.643130507141112,-0.002017210150330988,-0.0754809379577637
-32.579167,27.366667,2012-03-05,15243.5,8745.5,11706.0,9497.0,0.1312640308725579,-0.1447571082805655,1.34,222,2.115182876586914,812,10,15,3,28,65,5752.286956521739,816,-0.002415120601654,4383,7033,0.1811423624861438,83.766845703125,125.58359909057616,41.81675338745117,4,41,5.999207496643066e-05,0.313394546508789,0.2805652618408203,288.5505777994792,8.067877584786434,0.8964827741805825,18.65766798907683,0.1300174078862781,0.2645811761136777,71.7137356593136,218.99464398235668,246.52016383112797,-0.0435902227207589,0.4287488139888815,3256.112547601436,-32.5792_27.3667,106.013235367335,421.7467787464508,47.294520547945204,68.00271062315436,4.234145788219189,0.5066032600742068,2012,3,65,1,10,1.0,6.123233995736766e-17,0.43665123195606403,-0.019001401530362356,0.01723024580091183,0.020954620397751367,-43.65608378,36.671333780000005,1.7956000000000003,0.8501509293696101,-4091.4090472329285,3436.8045369733004,0,3,0,0.6332155953181227,-0.28645788645039794,-0.09224488290827983,17.065036517739653,10.810955963613821,112.5835333043018,-97.737501,82.10000099999999,8540.02514797068,4.230365753173828,4.230365753173828,4.230365753173828,4.230365753173828,4.230365753173828,4.230365753173828,4.230365753173828,2.115182876586914,2.115182876586914,2.115182876586914,2.115182876586914,2.115182876586914,2.115182876586914,,,-27.342023904270686,2.115182876586914,5,656.98393194707,0.00012689420969991258,,168.28202278137206,6.5,36237.2200797239,1.6831692221330737e-05,-9.140582519910811,-0.04506051833923981,-0.003684202829996708
-32.802778,27.856389,2014-05-05,16278.5,8674.5,12632.0,9686.5,0.1261306445755002,-0.1857414404055092,1.2940001,270,1.9185377359390257,195,10,3,5,21,58,7465.347826086957,202,-0.0025156736373901,4393,7960,0.0238558502547706,56.70843505859375,127.59397888183594,0.0,4,42,5.8710575103759766e-06,0.2892782423231336,0.3160635630289714,288.05267906188965,1.4901613073443385,0.1048143836019952,67.82384910797579,0.0216155825463071,0.1080779127315357,22.65762315901989,201.7384032817924,394.0643736194384,1.5850530284420763,0.2152241778866505,4024.841401072894,-32.8028_27.8564,120.45334559710494,476.2898914354644,42.100723763570564,22.159429129792642,3.1424020034283195,0.8012403685916639,2014,5,125,2,19,0.49999999999999994,-0.8660254037844387,-0.548842958284719,-0.02342768760272873,0.015908939501031154,0.034499882683913324,-42.44679801227781,36.046170151638904,1.6744362588000103,0.8302970622991571,-4185.436963397553,3554.307509790207,2,3,0,0.6741206884203209,-0.24112823183882137,3.042569101558999,2.858930700776346,1.9282688807197048,13.373684247825627,-164.01389,139.281945,2827.4097324203026,1.9185377359390257,1.9185377359390257,1.9185377359390257,1.9185377359390257,1.9185377359390257,1.9185377359390257,1.9185377359390257,1.9185377359390257,1.9185377359390257,1.9185377359390257,1.9185377359390257,1.9185377359390257,1.9185377359390257,,,0.0,1.9185377359390257,2,1008.692016408962,1.1263845383524538e-05,,165.1066214324936,5.8,36753.78744907901,1.8556273554774332e-06,-10.367762891928356,-0.17062266918725874,0.030451275053478444
-32.99163889,27.64002778,2011-06-02,13108.78911564626,9671.657823129251,13319.510884353742,11306.779591836736,-0.002983200728114456,-0.14857560303376524,1.3119999999999998,349,1.7668724060058594,160,10,6,3,25,63,6314.313043478261,160,-0.0016928538680076,4159,7709,3.0928937079408123,11.108072280883787,41.5954020023346,4.170280456542969,7,43,8.940696716308596e-08,0.2336932288275824,0.2908554077148437,286.01184527079266,1.848000040601443,1.190679600481804,58.66912700131276,0.9398388122724632,0.2428473791768734,27.11364343813017,192.2745591939547,369.0210957178842,1.940785565696371,0.5749613178391901,3922.0896013580114,-32.9916_27.64,123.25419014219513,510.1924471545122,36.76361788618293,15.613324365592023,2.8102050460191297,0.8554452001310441,2011,6,153,2,22,1.2246467991473532e-16,-1.0,-0.8738071036110808,0.0004432308471503728,8.89948658422262e-06,0.02207470981684699,-43.28503022367999,36.26371644736,1.7213439999999995,0.8381129508101309,-1372.300482345406,1149.6980668647961,3,2,0,0.7421350067701953,-0.17996598978668532,3.4310612475690863,3.2651802780363974,2.4245760532690928,49.526796638019796,-197.94983334,165.84016668,649.4425035796461,3.5337448120117188,5.300617218017578,7.0674896240234375,8.834362030029297,12.368106842041016,12.368106842041016,12.368106842041016,1.7668724060058594,1.7668724060058594,1.7668724060058594,1.7668724060058594,1.7668724060058594,1.7668724060058594,,,48.561720689785595,1.7668724060058594,1,576.8236775818641,1.5797070318512857e-07,,54.57316742706299,6.3,11896.777681468144,2.600449988676701e-08,-9.595796580531843,-0.09931825857680143,0.022127866744995117
-32.99163889,27.64002778,2011-01-14,15167.171701112877,10052.005564387917,13070.99761526232,10768.70826709062,0.07575306330400698,-0.12369646812080179,1.3119999999999998,349,1.7668724060058594,160,10,6,3,25,63,6314.313043478261,160,-0.0035251099616289,4887,7648,3.0928937079408123,38.59018707275391,79.04929065704346,8.816017150878906,4,44,8.687376976013184e-06,0.2206957075330946,0.2624600728352864,295.7387504577637,1.848000040601443,1.190679600481804,58.66912700131276,0.9398388122724632,0.2428473791768734,27.11364343813017,192.2745591939547,369.0210957178842,1.940785565696371,0.5749613178391901,3922.0896013580114,-32.9916_27.64,106.83844744121714,433.7159336099585,50.31327800829875,15.613324365592023,2.8102050460191297,0.8554452001310441,2011,1,14,1,2,0.49999999999999994,0.8660254037844387,0.9711000518829505,-0.00937038638003718,0.005738526599940889,0.015300816225560534,-43.28503022367999,36.26371644736,1.7213439999999995,0.8381129508101309,-2607.9656518678285,2184.9245897499754,3,2,0,0.7421350067701953,-0.17996598978668532,3.4310612475690863,3.2651802780363974,2.4245760532690928,94.12237781789851,-32.99163889,27.64002778,1234.2222158983825,3.5337448120117188,5.300617218017578,7.0674896240234375,8.834362030029297,12.368106842041016,14.134979248046875,14.134979248046875,1.7668724060058594,1.7668724060058594,1.7668724060058594,1.7668724060058594,1.7668724060058594,1.7668724060058594,1.7668724060058594,0.0,102.65999300014457,1.7668724060058594,1,576.8236775818641,1.534948665948832e-05,1.0158832870108294,103.712669342041,6.3,23377.938443486604,2.28008959387201e-06,-8.658987946024865,-0.20681512403239868,-0.006267468134562193
-32.99163889,27.64002778,2014-10-30,14693.5,9493.5,13449.0,11459.0,0.0442213733676823,-0.1724092840797638,1.5630000000000002,349,1.7668724060058594,160,10,6,3,25,63,6314.313043478261,160,-0.0021206894889473,3766,7021,3.0928937079408123,21.58635139465332,59.31913185119629,35.97725200653076,5,45,5.424022674560547e-06,0.2354041205512152,0.2554550170898437,291.6572125752767,1.848000040601443,1.190679600481804,58.66912700131276,0.9398388122724632,0.2428473791768734,27.11364343813017,192.2745591939547,369.0210957178842,1.940785565696371,0.5749613178391901,3922.0896013580114,-32.9916_27.64,128.93517074592074,518.4723193473194,43.481351981351985,15.613324365592023,2.8102050460191297,0.8554452001310441,2014,10,303,4,44,-0.8660254037844386,0.5000000000000001,0.48250774176121763,-0.00762417532334604,0.0019555298625239617,0.029724961236896698,-51.565931585070004,43.201363420140005,2.4429690000000006,0.9411784473819341,-1957.0353773029651,1639.5824522525484,3,2,1,0.8841135789495546,-0.07690049321488213,3.4310612475690863,3.2651802780363974,2.8884240634600555,70.63008021350986,-329.91638889999996,276.4002778,926.1688466780489,3.5337448120117188,5.300617218017578,7.0674896240234375,8.834362030029297,12.368106842041016,15.901851654052734,15.901851654052734,1.7668724060058594,1.7668724060058594,1.7668724060058594,1.7668724060058594,1.7668724060058594,1.7668724060058594,1.7668724060058594,0.0,418.9447883261742,1.7668724060058594,1,576.8236775818641,9.58355599323113e-06,1.0158832870108294,92.71580308341981,6.3,17300.85264810522,1.3855938050255643e-06,-8.427879676466901,-0.12441900095739819,-0.013272523880004883
-34.096389,24.439167,2011-10-12,14228.313342318059,10407.444070080863,14450.81873315364,12313.345013477088,-0.0015755424686938121,-0.15704542397129534,1.52,203,1.5622611045837402,37,10,14,5,22,55,7333.504347826087,41,-0.0016599278897047,4706,7557,0.0257797022588172,11.960165977478027,27.00484132766724,11.960165977478027,3,46,0.0004005432128906,0.2645606994628906,0.2407201131184896,290.6271381378174,15.337325199280126,0.0212955191722306,38.69800866017778,8.771081520082511,0.7339020489629916,36.16872732131599,265.083728278041,737.6126382306476,0.5403433137443069,0.3323363226077756,4529.542748815165,-34.0964_24.4392,128.93517074592074,518.4723193473194,43.481351981351985,3.803152312624292,1.569272434156615,0.9626825936479506,2011,10,285,4,41,-0.8660254037844386,0.5000000000000001,0.19245158197082995,0.00024743173498080104,2.482334070657792e-06,0.024663265190323906,-51.826511280000005,37.14753384,2.3104,0.9242589015233319,-920.7675747914187,659.9758270153615,1,1,1,0.9723263730819558,-0.017021415263472117,0.8446976854983637,23.960906607187404,23.312734302905792,0.575082116236383,-340.96389,244.39167,102.70352474736973,3.1245222091674805,3.1245222091674805,3.1245222091674805,3.1245222091674805,3.1245222091674805,3.1245222091674805,3.1245222091674805,1.5622611045837402,1.5622611045837402,1.5622611045837402,1.5622611045837402,1.5622611045837402,1.5622611045837402,,,90.47634004083352,1.5622611045837402,1,1325.418641390205,0.000625753082203989,,41.04735881805421,5.5,7848.339750925787,9.641880751586849e-05,-8.207686617012024,-0.0642359038510631,-0.00017807218763560284
-33.18536111,27.39075,2015-11-18,20018.0,9304.0,12432.0,9650.0,0.2337750385208012,-0.1439087228560906,1.6190001,90,1.6152466535568235,7,60,2,3,20,63,6673.330434782609,7,-0.0039501748979091,3908,6417,0.0684319741939189,30.72026824951172,89.47224521636963,14.947310447692873,4,47,6.973743438720703e-06,0.2370575798882378,0.2603340148925781,291.1843509674072,0.2018437283064412,0.1614159023148939,66.86530317704474,0.0645663609259575,0.623044282817541,16.49092378426396,229.8037235721048,411.86052382455046,0.1315599961844975,0.2346974579260604,3548.4095545158957,-33.1854_27.3908,122.35395532319392,505.8983269961977,45.876742712294046,12.001694951701314,2.565079729862787,0.8869054039715253,2015,11,322,4,47,-0.5000000000000004,0.8660254037844384,0.7383263540031063,-0.03364226722916189,0.05465076863540209,0.020709720514071096,-53.727102955626115,44.345626989075,2.62116132380001,0.9627926037080865,-2969.1687668276963,2450.7119006602766,1,1,2,1.0017036053483033,0.0010518880299917877,0.21263340357514257,0.32602740668841185,0.3267850163125012,14.442243193739753,-365.03897221,301.29825,1073.8185937306855,3.230493307113647,4.84573996067047,6.460986614227294,6.460986614227294,6.460986614227294,6.460986614227294,6.460986614227294,1.6152466535568235,1.6152466535568235,1.6152466535568235,1.6152466535568235,1.6152466535568235,1.6152466535568235,,,3.9329362109339483,1.6152466535568235,1,689.4111707163144,1.126431575215747e-05,,144.85557395252695,6.3,26052.917652925295,1.8155026282329345e-06,-8.639278293426324,-0.26412964215104373,0.034323755900065145
-32.99163889,27.64002778,2015-07-30,14629.0,9431.5,12426.0,10006.0,0.0814267233413417,-0.1370010293949439,1.5840001000000001,349,1.7668724060058594,160,10,6,3,25,63,6314.313043478261,160,-0.0024218773469328,3571,7140,3.0928937079408123,40.47122573852539,90.32114052772522,40.47122573852539,7,48,1.6421079635620117e-05,0.2786557939317491,0.3493639628092448,285.1913528442383,1.848000040601443,1.190679600481804,58.66912700131276,0.9398388122724632,0.2428473791768734,27.11364343813017,192.2745591939547,369.0210957178842,1.940785565696371,0.5749613178391901,3922.0896013580114,-32.9916_27.64,129.67349669966583,544.5504496699258,38.51608910891089,15.613324365592023,2.8102050460191297,0.8554452001310441,2015,7,211,3,31,-0.4999999999999997,-0.8660254037844388,-0.8820480249558535,-0.011155544918021119,0.006630311274107401,0.018769282055274283,-52.25875930092389,43.78180676752278,2.5090563168000104,0.9493386246200451,-2979.8424524236543,2496.478833307609,3,2,1,0.8959923208365017,-0.0687403159767711,3.4310612475690863,3.2651802780363974,2.92723224911269,107.54353951861275,-230.94147223,193.48019446,1410.2132641295932,3.5337448120117188,5.300617218017578,7.0674896240234375,8.834362030029297,12.368106842041016,17.668724060058594,17.668724060058594,1.7668724060058594,1.7668724060058594,1.7668724060058594,1.7668724060058594,1.7668724060058594,1.7668724060058594,1.7668724060058594,0.0,471.2758244362172,1.7668724060058594,1,576.8236775818641,2.9013952485001937e-05,1.0158832870108294,143.0686956280308,6.3,25758.80825753651,5.736933455106434e-06,-11.526089702181993,-0.14208942964880283,0.08063642183939623
-32.00055556,28.58166667,2014-10-29,11417.5,12053.0,9903.0,9023.0,0.0710349194437278,0.0979231189652027,1.525,118,1.990221738815308,332,80,10,4,24,70,4637.843478260869,328,-0.0051342733204364,2992,6163,0.3772979669069599,19.065858840942383,57.18370246887207,21.795557022094727,4,49,8.761882781982422e-06,0.2381827036539713,0.2925573984781901,297.27026621500653,8.103756823152859,0.0109042160830773,30.144170841270967,2.129443735314053,1.8100571081591328,28.66577294856418,175.281389748882,375.94324045407626,-1.6145453242132215,0.3145368905390403,3002.7820183687754,-32.0006_28.5817,128.93517074592074,518.4723193473194,43.481351981351985,41.35409007326997,3.7460649943159474,0.6613044859892766,2014,10,302,4,44,-0.8660254037844386,0.5000000000000001,0.46735921715800205,0.006955960867371748,0.0050459597803768986,0.00958893722787324,-48.800847229,43.58704167175,2.3256249999999996,0.9262410627273231,-1829.91024798165,1634.4055229217577,0,3,1,0.7658614659898751,-0.1694408495170684,-3.214917747875976,16.1282729955117,12.35822915530811,0.623543448150982,-320.00555560000004,285.8166667,2364.779982620806,3.980443477630616,5.970665216445925,7.960886955261232,9.95110869407654,13.931552171707157,13.931552171707157,13.931552171707157,1.990221738815308,1.990221738815308,1.990221738815308,1.990221738815308,1.990221738815308,1.990221738815308,,,-351.89914678645687,1.990221738815308,2,701.125558995528,1.7438089585652964e-05,,87.2051462650299,7.0,16999.014456081328,2.5633536324676243e-06,-9.361999284490382,-0.1547684121170144,0.051475178111683284
-32.043333,27.822778,2014-02-04,14530.0,9747.0,11965.5,9916.5,0.0967900209469532,-0.1021761658031083,1.411,50,1.7268855571746826,780,60,1,2,28,67,4390.017391304348,781,-0.0041111269965767,2868,4571,0.8499336676821312,37.72454833984375,91.3307237625122,60.82721519470215,6,50,5.830824375152588e-05,0.2321414947509765,0.3192005157470703,295.3024724324544,32.35909346582117,0.6757461417075135,3.190795491264453,0.0108991313178631,1.558191103231443,43.25959251781048,196.6036604607132,249.9438308614705,2.488236788114856,0.4652227498014931,2223.134863555915,-32.0433_27.8228,100.24407962213225,396.55668016194335,45.75708502024292,88.36434076914189,4.492721729780151,0.41327443809170694,2014,2,35,1,6,0.8660254037844386,0.5000000000000001,0.8239230057575542,-0.009889633228362216,0.00936830815491164,0.010439968858224279,-45.213142862999995,39.257939758,1.9909210000000002,0.880041599199034,-2926.5407946531914,2541.074451823702,4,2,1,0.8166050084400083,-0.1234851887199051,4.299388409014381,55.88045114939222,45.65868088027367,61.71638420187234,-64.086666,55.645556,8070.3791972429935,3.4537711143493652,5.180656671524048,6.9075422286987305,8.634427785873413,12.088198900222778,15.541970014572144,15.541970014572144,1.7268855571746826,1.7268855571746826,1.7268855571746826,1.7268855571746826,1.7268855571746826,1.7268855571746826,1.7268855571746826,0.0,151.35251456603686,1.7268855571746826,5,393.2073209214264,0.00010069166399873097,0.8033864475012894,128.86765122890472,6.7,26970.18853611537,1.861202147779295e-05,-10.228248419855117,-0.013117765484692508,0.08563624487982857
-33.771111,25.386667,2014-12-04,17470.5,9528.0,13101.0,10068.0,0.1429272361513174,-0.1578947368421046,1.74,310,1.0938864946365356,41,20,1,2,26,73,5182.4,42,-0.0029523419216275,2566,4382,11.839383506035778,14.74039077758789,70.44170498847961,12.060967445373535,6,51,1.271069049835205e-05,0.1977793375651041,0.3441937764485677,291.69031079610187,3.1241119204481924,33.70925732029042,19.27728871984932,0.502354380102659,4.296020649133236,31.85052515628104,260.9519061583578,272.36083408884866,2.86542226281518,0.8665267226635075,2590.0876342832053,-33.7711_25.3867,118.20264897579143,476.55787709497207,52.9925512104283,25.53552911297582,3.278484556272343,0.7746412259068073,2014,12,338,4,49,-2.4492935982947064e-16,1.0,0.893918596519257,-0.022567458339681597,0.020428194833854448,0.02493074792243746,-58.76173314,44.17280058,3.0276,1.007957920399979,-2378.8946381951987,1788.2801074547708,5,0,3,1.5892058295756217,0.2684585476647269,3.137312136987202,3.4174238375112886,5.435954741579855,2374.5375595366445,-405.253332,304.640004,1798.7662085009752,1.0938864946365356,1.0938864946365356,1.0938864946365356,1.0938864946365356,1.0938864946365356,1.0938864946365356,1.0938864946365356,1.0938864946365356,1.0938864946365356,1.0938864946365356,1.0938864946365356,1.0938864946365356,1.0938864946365356,,,34.55976462906246,1.0938864946365356,2,521.9038123167156,1.3904052673652245e-05,,122.56856667995453,7.3,20547.16282109694,4.374940563896719e-06,-11.623806229953765,-0.05691314762292807,0.1046600341796875
-32.579167,27.366667,2012-05-29,11906.5,8584.5,10940.0,9242.0,0.0423040728339132,-0.1206432943225172,1.34,222,2.115182876586914,812,10,15,3,28,65,5752.286956521739,816,-0.0025306176394224,2896,4967,0.1811423624861438,7.68348217010498,12.87316107749939,2.066948175430298,6,52,8.840858936309814e-05,0.2921509212917751,0.2092545827229817,289.3627535502116,8.067877584786434,0.8964827741805825,18.65766798907683,0.1300174078862781,0.2645811761136777,71.7137356593136,218.99464398235668,246.52016383112797,-0.0435902227207589,0.4287488139888815,3256.112547601436,-32.5792_27.3667,120.45334559710494,476.2898914354644,42.100723763570564,68.00271062315436,4.234145788219189,0.5066032600742068,2012,5,150,2,22,0.49999999999999994,-0.8660254037844387,-0.8475409228928311,-0.005103702709942995,0.0017896345783370328,0.014554804464989511,-43.65608378,36.671333780000005,1.7956000000000003,0.8501509293696101,-419.3968645617525,352.295512445287,0,3,0,0.6332155953181227,-0.28645788645039794,-0.09224488290827983,17.065036517739653,10.810955963613821,11.54056715523015,-162.89583499999998,136.833335,875.4098475584449,4.230365753173828,6.345548629760742,6.345548629760742,6.345548629760742,6.345548629760742,6.345548629760742,6.345548629760742,2.115182876586914,2.115182876586914,2.115182876586914,2.115182876586914,2.115182876586914,2.115182876586914,,,-1.351480969789094,2.115182876586914,5,656.98393194707,0.00018700033436402919,,17.250035843849183,6.5,3725.0133362806323,1.849990247630254e-05,-6.817339996047335,-0.04721542372364449,-0.07499488194783532
-33.329167,26.0775,2015-10-06,13986.5,8949.5,10916.5,9273.5,0.1232783198811388,-0.0990133897110636,1.776,296,1.0588278770446775,271,10,9,5,16,60,6937.773913043478,270,-0.0030618561431765,3064,7367,1.1216865440546526,14.07938289642334,27.23185157775879,8.708246231079102,3,53,2.9802322387695312e-08,0.2036679585774739,0.227579116821289,291.06699498494464,0.1289192939941303,0.5908800974730974,32.285688525930034,0.1842366250445529,0.1718923919921738,45.84833529801846,246.48785871964677,401.3055818353831,0.0137503224503585,0.4121474828941143,3451.557829788984,-33.3292_26.0775,128.93517074592074,518.4723193473194,43.481351981351985,42.89048706618247,3.781697601068106,0.6512218765406007,2015,10,279,4,41,-0.8660254037844386,0.5000000000000001,0.0902516100310407,-0.012206204329316355,0.015197544152716382,0.009803651342074955,-59.192600592,46.31364,3.154176,1.021011042644558,-907.6149289543362,710.1386095190048,1,0,3,1.675743805637915,0.29838861816664863,0.014572975051243215,0.13650334236990364,0.2289606661335754,16.090759114639035,-333.29166999999995,260.775,1167.987377884064,2.117655754089355,3.1764836311340323,4.23531150817871,4.23531150817871,4.23531150817871,4.23531150817871,4.23531150817871,1.0588278770446775,1.0588278770446775,1.0588278770446775,1.0588278770446775,1.0588278770446775,1.0588278770446775,,,1.0776707428901109,1.0588278770446775,2,1232.439293598234,3.155552974476449e-08,,48.36376840209961,6.0,7926.293206614274,6.782386208215028e-09,-7.58502239024925,-0.09885413374980191,-0.022220793224516394
-33.18536111,27.39075,2013-10-21,18905.5,9320.0,12488.0,9562.0,0.2044212974023285,-0.1452677916360961,1.652,90,1.6152466535568235,7,60,2,3,20,63,6673.330434782609,7,-0.0032553132623434,3084,5477,0.0684319741939189,8.310903549194336,8.310903549194336,0.0,1,54,0.0001038163900375,0.1807308197021484,0.3712368011474609,288.66932741800946,0.2018437283064412,0.1614159023148939,66.86530317704474,0.0645663609259575,0.623044282817541,16.49092378426396,229.8037235721048,411.86052382455046,0.1315599961844975,0.2346974579260604,3548.4095545158957,-33.1854_27.3908,128.93517074592074,518.4723193473194,43.481351981351985,12.001694951701314,2.565079729862787,0.8869054039715253,2013,10,294,4,43,-0.8660254037844386,0.5000000000000001,0.341570769167856,-0.02969583043702189,0.04178806683165124,0.02110273128682823,-54.822216553720004,45.249519,2.7291039999999995,0.975314072323616,-275.8003354303947,227.64188139009477,1,1,2,1.0221212191619982,0.013573356645521284,0.21263340357514257,0.32602740668841185,0.33344583916224085,1.341511995445258,-331.8536111,273.9075,99.74492917044219,3.230493307113647,4.84573996067047,6.460986614227294,8.076233267784117,8.076233267784117,8.076233267784117,8.076233267784117,1.6152466535568235,1.6152466535568235,1.6152466535568235,1.6152466535568235,1.6152466535568235,1.6152466535568235,,,0.0,1.6152466535568235,1,689.4111707163144,0.00016768907659242183,,13.729612663269043,6.3,2399.102937781877,3.854046454419863e-05,-12.319627303399752,-0.21766750822284603,0.1452265421549479
-32.579167,27.366667,2014-07-07,12178.0,8729.0,11578.5,9874.0,0.0252351987877002,-0.1403176166440963,1.3559999999999999,222,2.115182876586914,812,10,15,3,28,65,5752.286956521739,816,-0.0008207634091377,2243,3867,0.1811423624861438,0.0,0.0,0.0,0,55,1.9431114196777344e-05,0.2562652164035373,0.1686795552571614,277.5822836558024,8.067877584786434,0.8964827741805825,18.65766798907683,0.1300174078862781,0.2645811761136777,71.7137356593136,218.99464398235668,246.52016383112797,-0.0435902227207589,0.4287488139888815,3256.112547601436,-32.5792_27.3667,129.67349669966583,544.5504496699258,38.51608910891089,68.00271062315436,4.234145788219189,0.5066032600742068,2014,7,188,3,28,-0.4999999999999997,-0.8660254037844388,-0.9955213724144752,-0.0035409429494300806,0.0006368152578547457,0.019689033540679572,-44.17735045199999,37.109200451999996,1.8387359999999997,0.8569652657893402,-0.0,0.0,0,3,0,0.6407763785458017,-0.2796435500306679,-0.09224488290827983,17.065036517739653,10.940042004970403,0.0,-228.054169,191.566669,0.0,4.230365753173828,6.345548629760742,8.460731506347656,8.460731506347656,8.460731506347656,8.460731506347656,8.460731506347656,2.115182876586914,2.115182876586914,2.115182876586914,2.115182876586914,2.115182876586914,2.115182876586914,,,-0.0,2.115182876586914,5,656.98393194707,4.1100360022028326e-05,,0.0,6.5,0.0,3.2776317008635175e-06,-5.495439400208789,-0.015313531185274036,-0.11556990941365561
-32.99163889,27.64002778,2015-09-28,13347.109053497943,10103.822359396434,14054.699588477366,12064.713305898491,-0.018614553818789382,-0.1541439418532486,1.5840001000000001,349,1.7668724060058594,160,10,6,3,25,63,6314.313043478261,160,-0.0038582142442464,4005,7515,3.0928937079408123,33.14015579223633,92.90615463256836,14.00270652770996,5,56,8.493661880493164e-07,0.2644015418158637,0.303812026977539,290.31015459696454,1.848000040601443,1.190679600481804,58.66912700131276,0.9398388122724632,0.2428473791768734,27.11364343813017,192.2745591939547,369.0210957178842,1.940785565696371,0.5749613178391901,3922.0896013580114,-32.9916_27.64,128.38052861749696,525.4655451431681,39.254786376457076,15.613324365592023,2.8102050460191297,0.8554452001310441,2015,9,271,3,40,-1.0,-1.8369701987210297e-16,-0.04732138832243232,0.002869320701467637,0.0003465016138726064,0.02376035481005768,-52.25875930092389,43.78180676752278,2.5090563168000104,0.9493386246200451,-3065.1263042961955,2567.9286949771654,3,2,1,0.8959923208365017,-0.0687403159767711,3.4310612475690863,3.2651802780363974,2.92723224911269,110.6214630802072,-296.92475000999997,248.76025002,1450.5739278381398,3.5337448120117188,5.300617218017578,7.0674896240234375,8.834362030029297,12.368106842041016,19.435596466064453,19.435596466064453,1.7668724060058594,1.7668724060058594,1.7668724060058594,1.7668724060058594,1.7668724060058594,1.7668724060058594,1.7668724060058594,0.0,163.05750425797103,1.7668724060058594,1,576.8236775818641,1.5007216802587209e-06,1.0158832870108294,147.16335822860376,6.3,26971.600114390414,2.580476632374484e-07,-10.023256684481904,-0.22635806149396598,0.03508448600769043
-34.096389,24.439167,2013-02-26,14697.0,8345.0,10882.0,8734.0,0.1491457836506509,-0.1319498621729852,1.3540001000000002,203,1.5622611045837402,37,10,14,5,22,55,7333.504347826087,41,-0.0014500645920634,4330,6843,0.0257797022588172,23.0945053100586,46.18901062011719,0.0,2,57,0.0001314878463745,0.2130807240804036,0.1486829121907552,294.83196957906085,15.337325199280126,0.0212955191722306,38.69800866017778,8.771081520082511,0.7339020489629916,36.16872732131599,265.083728278041,737.6126382306476,0.5403433137443069,0.3323363226077756,4529.542748815165,-34.0964_24.4392,100.24407962213225,396.55668016194335,45.75708502024292,3.803152312624292,1.569272434156615,0.9626825936479506,2013,2,57,1,9,0.8660254037844386,0.5000000000000001,0.5560174366570446,-0.019679765596385256,0.022244464780766766,0.017410766127469793,-46.16651411563891,33.09063456191671,1.8333162708000104,0.8561160513189677,-1574.878473628647,1128.8209441098174,1,1,0,0.8661381620957932,-0.08516426546783629,0.8446976854983637,23.960906607187404,20.766739853557812,0.9836189612070684,-68.192778,48.878334,175.66384255772667,3.1245222091674805,4.686783313751221,4.686783313751221,4.686783313751221,4.686783313751221,4.686783313751221,4.686783313751221,1.5622611045837402,1.5622611045837402,1.5622611045837402,1.5622611045837402,1.5622611045837402,1.5622611045837402,,,0.0,1.5622611045837402,1,1325.418641390205,0.00020541834811636353,,62.53992499853974,5.5,13617.996974037309,1.9549995916651294e-05,-5.069550411708831,-0.056114612141486615,-0.09221527311537
-34.096389,24.439167,2011-11-08,14338.5,8332.0,10467.5,8750.0,0.1560509554140127,-0.1135934466342184,1.52,203,1.5622611045837402,37,10,14,5,22,55,7333.504347826087,41,-0.0029843868687748,4932,7542,0.0257797022588172,37.70998001098633,74.21276950836182,24.54262351989746,3,58,0.0002860128879547,0.2435868581136067,0.2111339569091797,291.04978879292804,15.337325199280126,0.0212955191722306,38.69800866017778,8.771081520082511,0.7339020489629916,36.16872732131599,265.083728278041,737.6126382306476,0.5403433137443069,0.3323363226077756,4529.542748815165,-34.0964_24.4392,122.35395532319392,505.8983269961977,45.876742712294046,3.803152312624292,1.569272434156615,0.9626825936479506,2011,11,312,4,45,-0.5000000000000004,0.8660254037844384,0.6118864012687242,-0.017726365876040446,0.02435190068562618,0.012903471118241024,-51.826511280000005,37.14753384,2.3104,0.9242589015233319,-2530.3874579244434,1813.6982675473623,1,1,1,0.9723263730819558,-0.017021415263472117,0.8446976854983637,23.960906607187404,23.312734302905792,1.5803994558896495,-375.06027900000004,268.83083700000003,282.24246598197976,3.1245222091674805,4.686783313751221,6.249044418334961,6.249044418334961,6.249044418334961,6.249044418334961,6.249044418334961,1.5622611045837402,1.5622611045837402,1.5622611045837402,1.5622611045837402,1.5622611045837402,1.5622611045837402,,,185.66019529008503,1.5622611045837402,1,1325.418641390205,0.0004468268102612951,,112.80340965270996,5.5,21599.610891146956,6.038703276089766e-05,-7.198905525884629,-0.11548982889316804,-0.029764228396945508
-32.99163889,27.64002778,2011-06-30,13424.5,9646.0,10982.0,9259.0,0.1000757994796468,-0.0647663370176456,1.3119999999999998,349,1.7668724060058594,160,10,6,3,25,63,6314.313043478261,160,-0.0018414985388517,3941,7551,3.0928937079408123,15.576763153076172,46.91244888305664,7.970541000366211,4,59,4.6193599700927734e-07,0.2587818569607205,0.2898070017496745,285.90768814086914,1.848000040601443,1.190679600481804,58.66912700131276,0.9398388122724632,0.2428473791768734,27.11364343813017,192.2745591939547,369.0210957178842,1.940785565696371,0.5749613178391901,3922.0896013580114,-32.9916_27.64,123.25419014219513,510.1924471545122,36.76361788618293,15.613324365592023,2.8102050460191297,0.8554452001310441,2011,6,181,2,26,1.2246467991473532e-16,-1.0,-0.9996666485105112,-0.006481542956409127,0.010015165641490475,0.004194678410683251,-43.28503022367999,36.26371644736,1.7213439999999995,0.8381129508101309,-1547.7185729953883,1296.6613903555156,3,2,0,0.7421350067701953,-0.17996598978668532,3.4310612475690863,3.2651802780363974,2.4245760532690928,55.857695893700935,-197.94983334,165.84016668,732.4592811954185,3.5337448120117188,5.300617218017578,7.0674896240234375,8.834362030029297,12.368106842041016,21.202468872070312,21.202468872070312,1.7668724060058594,1.7668724060058594,1.7668724060058594,1.7668724060058594,1.7668724060058594,1.7668724060058594,1.7668724060058594,0.0,92.81466554581114,1.7668724060058594,1,576.8236775818641,8.161819664564973e-07,1.0158832870108294,61.5491329345703,6.3,13412.629805181423,1.3387228629350528e-07,-9.561207949518858,-0.10803911164862227,0.02107946077982592
-32.99163889,27.64002778,2011-02-10,16227.0,9602.0,12598.5,9917.5,0.1258781287401779,-0.134974437512668,1.3119999999999998,349,1.7668724060058594,160,10,6,3,25,63,6314.313043478261,160,-0.0017981575801968,4199,7923,3.0928937079408123,24.41037940979004,91.37592697143556,21.242100715637207,8,60,1.2606382369995115e-05,0.2177725897894965,0.336252212524414,294.4856383005778,1.848000040601443,1.190679600481804,58.66912700131276,0.9398388122724632,0.2428473791768734,27.11364343813017,192.2745591939547,369.0210957178842,1.940785565696371,0.5749613178391901,3922.0896013580114,-32.9916_27.64,100.24407962213225,396.55668016194335,45.75708502024292,15.613324365592023,2.8102050460191297,0.8554452001310441,2011,2,41,1,6,0.8660254037844386,0.5000000000000001,0.7611042586607747,-0.016990329621852717,0.0158453032951288,0.018218098781861116,-43.28503022367999,36.26371644736,1.7213439999999995,0.8381129508101309,-3014.641585880613,2525.63315991373,3,2,0,0.7421350067701953,-0.17996598978668532,3.4310612475690863,3.2651802780363974,2.4245760532690928,108.7994522200034,-65.98327778,55.28005556,1426.6819870116722,3.5337448120117188,5.300617218017578,7.0674896240234375,8.834362030029297,12.368106842041016,21.202468872070312,22.969341278076172,1.7668724060058594,1.7668724060058594,1.7668724060058594,1.7668724060058594,1.7668724060058594,1.7668724060058594,1.7668724060058594,0.0,247.35817472386347,1.7668724060058594,1,576.8236775818641,2.2273869149103117e-05,1.0158832870108294,119.88521618652344,6.3,26908.898179490185,4.238923963839624e-06,-11.093511571569001,-0.1054963354409393,0.06752467155456543
-32.00055556,28.58166667,2013-05-08,11016.0,10945.0,8307.0,8150.0,0.1401956217978574,0.1370247247039261,1.261,118,1.990221738815308,332,80,10,4,24,70,4637.843478260869,328,-0.0038063954561948,3202,6847,0.3772979669069599,18.601749420166016,58.90854454040527,0.0,5,61,2.3543834686279297e-06,0.2839802636040581,0.2755387624104817,292.7736161549886,8.103756823152859,0.0109042160830773,30.144170841270967,2.129443735314053,1.8100571081591328,28.66577294856418,175.281389748882,375.94324045407626,-1.6145453242132215,0.3145368905390403,3002.7820183687754,-32.0006_28.5817,120.45334559710494,476.2898914354644,42.100723763570564,41.35409007326997,3.7460649943159474,0.6613044859892766,2013,5,128,2,19,0.49999999999999994,-0.8660254037844387,-0.5912614448635781,0.019210266481547153,0.019654812371287873,0.018775775180186735,-40.35270056116,36.04148167087,1.5901209999999997,0.8158071932958327,-1885.1061525239738,1683.704384068712,0,3,0,0.6332795466316279,-0.27987471894855875,-3.214917747875976,16.1282729955117,10.218837353995754,0.6423514988081627,-160.00277780000002,142.90833335,2436.109257009156,3.980443477630616,5.970665216445925,7.960886955261232,9.95110869407654,13.931552171707157,15.921773910522464,15.921773910522464,1.990221738815308,1.990221738815308,1.990221738815308,1.990221738815308,1.990221738815308,1.990221738815308,1.990221738815308,0.0,-0.0,1.990221738815308,2,701.125558995528,4.685745160770694e-06,0.625998157210169,74.28367466545104,7.0,17246.86760752166,6.487239071854369e-07,-8.81739347545026,-0.11474063492097358,0.03445654204397486
-32.99163889,27.64002778,2014-05-05,16510.0,9488.5,13107.5,10338.0,0.1148814045749978,-0.1601610904584875,1.325,349,1.7668724060058594,160,10,6,3,25,63,6314.313043478261,160,-0.0022305781021714,4385,7565,3.0928937079408123,54.88543701171875,106.05268144607544,7.258900165557861,5,62,3.3974647521972656e-06,0.2889230516221788,0.3178037007649739,287.87811851501465,1.848000040601443,1.190679600481804,58.66912700131276,0.9398388122724632,0.2428473791768734,27.11364343813017,192.2745591939547,369.0210957178842,1.940785565696371,0.5749613178391901,3922.0896013580114,-32.9916_27.64,120.45334559710494,476.2898914354644,42.100723763570564,15.613324365592023,2.8102050460191297,0.8554452001310441,2014,5,125,2,19,0.49999999999999994,-0.8660254037844387,-0.548842958284719,-0.018399531030134322,0.013197737117124327,0.02565157489685182,-43.713921529249994,36.6230368085,1.755625,0.8437200390393196,-3498.8517695851237,2931.299061313016,3,2,0,0.7494884786360586,-0.17435890155749667,3.4310612475690863,3.2651802780363974,2.4486000537969117,126.27476437423714,-164.95819444999998,138.2001389,1655.8349152583787,3.5337448120117188,5.300617218017578,7.0674896240234375,8.834362030029297,12.368106842041016,21.202468872070312,24.73621368408203,1.7668724060058594,1.7668724060058594,1.7668724060058594,1.7668724060058594,1.7668724060058594,1.7668724060058594,1.7668724060058594,0.0,84.52781198487418,1.7668724060058594,1,576.8236775818641,6.0028867210348835e-06,1.0158832870108294,140.51980291604994,6.3,30530.2463981684,1.079726871466846e-06,-10.484864933543633,-0.13086606996264105,0.04907615979512531
-33.731111,24.618333,2014-02-26,13483.0,8481.5,10416.0,8946.0,0.1283317293610611,-0.1023680381002772,1.5859999999999999,318,1.5277236700057983,112,10,47,5,18,60,7232.617391304348,153,-0.0024199886247515,2639,6335,0.0664581003366822,20.79081153869629,38.84533596038818,11.48388385772705,4,63,4.4703483581542975e-08,0.1576972537570529,0.217349370320638,295.0178515116374,2.63495362391042,0.1924823683634469,34.00786032573553,1.3588668114268267,0.5560601752721801,14.984479798577052,260.8192999053926,540.7291075370546,-0.8229040366649734,0.2251136597352838,3027.098205202035,-33.7311_24.6183,100.24407962213225,396.55668016194335,45.75708502024292,41.36525586583466,3.746328589189245,0.661230650224401,2014,2,57,1,9,0.8660254037844386,0.5000000000000001,0.5560174366570446,-0.013137067360707565,0.016469032760800632,0.010479215224499804,-53.49754204599999,39.04467613799999,2.5153959999999995,0.9501122803496657,-1310.2963391121452,956.3074161697109,0,1,2,1.0374667646730324,0.022397583160783774,-1.2579928789930641,4.025481020615505,4.179036447521926,7.477042265529287,-67.462222,49.236666,1606.8472611957652,3.0554473400115967,4.583171010017395,6.110894680023193,7.638618350028992,10.694065690040588,10.694065690040588,10.694065690040588,1.5277236700057983,1.5277236700057983,1.5277236700057983,1.5277236700057983,1.5277236700057983,1.5277236700057983,,,-444.1563160064199,1.5277236700057983,2,1304.096499526963,6.829456999923879e-08,,61.60870283317564,6.0,11460.067556281467,9.716274007587344e-09,-7.331435736065545,-0.08229863514041783,0.004869733537946452
-31.903056,25.482222,2011-03-08,14525.5,9294.0,12535.0,10457.0,0.0735573991611389,-0.1484722158596356,1.8869999999999998,306,1.0192323923110962,971,60,9,3,22,66,5561.130434782609,968,-0.0027394872158765,3148,5604,0.0449728292176692,18.687164306640625,86.01479816436768,16.8876895904541,6,64,1.4588236808776855e-05,0.1785740322536892,0.2815106709798177,294.84031677246094,4.684667407791398,0.1919875484196021,2.247474304275222,0.3165547203038925,0.4949725802398794,80.90813320896592,205.65195460277425,201.3240857503152,4.222173640601993,0.4031417466239699,3172.1821179889234,-31.9031_25.4822,106.013235367335,421.7467787464508,47.294520547945204,204.90724675106944,5.327425808902835,0.12885436478689669,2011,3,67,1,10,1.0,6.123233995736766e-17,0.40542572835999735,-0.010921230046325994,0.005410690971351119,0.02204399888227023,-60.20106667199999,48.08495291399999,3.560768999999999,1.060217900680798,-2744.1349226665193,2191.8481821096098,6,0,3,1.8495786001515262,0.3570053501863709,4.307598314104221,4.774764769225048,8.839967398502367,16.51377022738384,-95.709168,76.446666,17625.055471709522,2.0384647846221924,2.0384647846221924,2.0384647846221924,2.0384647846221924,2.0384647846221924,2.0384647846221924,2.0384647846221924,1.0192323923110962,1.0192323923110962,1.0192323923110962,1.0192323923110962,1.0192323923110962,1.0192323923110962,,,641.7248205553558,1.0192323923110962,7,616.9558638083228,1.4868803502210426e-05,,162.30992413616178,6.6,25360.630337901457,4.106744332451247e-06,-8.981050700866698,-0.006156927124572901,0.029146035512288393
-33.202778,24.235556,2011-05-30,13681.04828042328,9736.467592592593,13037.4708994709,10927.805555555555,0.02767556715248159,-0.13611907853487948,1.8390001,270,0.8285588622093201,506,20,4,2,20,73,4256.608695652174,506,-0.0006453404203057,2178,5031,0.0005629215718852,15.70222282409668,38.04229164123535,9.472299098968506,5,65,1.937150955200196e-06,0.1569894154866536,0.2063248952229817,284.3704872131348,0.0,0.0,0.6818647847913059,0.0,0.1692742724201917,31.82837310209873,198.4069877242682,231.94113943972292,2.699076719814133,0.1120062944674814,1965.12914015136,-33.2028_24.2356,120.45334559710494,476.2898914354644,42.100723763570564,94.73955793268242,4.5616315665804255,0.38774957254411785,2011,5,150,2,22,0.49999999999999994,-0.8660254037844387,-0.8475409228928311,-0.0037671726987259725,0.000765937017211518,0.018528403541184686,-61.0599120622778,44.5691899075556,3.38192136780001,1.0434519127145037,-1263.1097639751931,921.9760894394913,5,0,3,2.2168410028220165,0.4393770338225521,2.239043012704676,0.0,0.0,0.0,-166.01389,121.17778,3604.1098928368165,0.8285588622093201,0.8285588622093201,0.8285588622093201,0.8285588622093201,0.8285588622093201,0.8285588622093201,0.8285588622093201,0.8285588622093201,0.8285588622093201,0.8285588622093201,0.8285588622093201,0.8285588622093201,0.8285588622093201,,,102.26584792456913,0.8285588622093201,5,396.8139754485364,1.605043591368372e-06,,69.95977813246098,7.3,10818.105008722263,3.996824678627794e-07,-6.850559691961922,-0.00044003490680887697,0.026443799336751284
-32.99163889,27.64002778,2015-02-13,21308.0,13553.0,18512.5,16452.0,0.0702025338707449,-0.1546677893686356,1.5840001000000001,349,1.7668724060058594,160,10,6,3,25,63,6314.313043478261,160,-0.002297256141901,4991,7202,3.0928937079408123,24.1506462097168,83.58927392959595,11.366570472717283,5,66,0.0167660415172576,0.2097250620524088,0.2696310679117839,295.906431833903,1.848000040601443,1.190679600481804,58.66912700131276,0.9398388122724632,0.2428473791768734,27.11364343813017,192.2745591939547,369.0210957178842,1.940785565696371,0.5749613178391901,3922.0896013580114,-32.9916_27.64,100.24407962213225,396.55668016194335,45.75708502024292,15.613324365592023,2.8102050460191297,0.8554452001310441,2015,2,44,1,7,0.8660254037844386,0.5000000000000001,0.7266075247685656,-0.01085807072186488,0.004928395761873086,0.023922125068180627,-52.25875930092389,43.78180676752278,2.5090563168000104,0.9493386246200451,-2757.7471405625206,2310.409853524062,3,2,1,0.8959923208365017,-0.0687403159767711,3.4310612475690863,3.2651802780363974,2.92723224911269,99.52804328705538,-65.98327778,55.28005556,1305.1064473471065,3.5337448120117188,5.300617218017578,7.0674896240234375,8.834362030029297,12.368106842041016,21.202468872070312,24.73621368408203,1.7668724060058594,1.7668724060058594,1.7668724060058594,1.7668724060058594,1.7668724060058594,1.7668724060058594,1.7668724060058594,0.0,132.36045542952166,1.7668724060058594,1,576.8236775818641,0.029623456114791065,1.0158832870108294,132.4054182634074,6.3,24734.60378809343,0.004520645678951472,-8.895570826070639,-0.13477801234373554,0.0009035269419352954
-32.515278,28.015556,2015-04-22,11649.5,8901.0,10654.0,9206.0,0.0446342502297845,-0.0896445921759136,1.5940001000000001,102,1.7544153928756714,148,30,4,4,22,61,5336.408695652174,148,-0.0025887228548526,3149,6566,0.08850271913379,46.30381774902344,98.63413619995116,0.0,4,67,5.960464477539065e-08,0.2081131405300564,0.2529150644938151,290.7867031097412,1.624294385871219,0.216850380040921,41.4081753443669,0.0661606257536613,0.2996362015977196,13.108733032520757,205.8630914826499,342.34984227129337,1.4384102635867873,0.2177711146769087,3011.0988259498013,-32.5153_28.0156,110.60336520245478,457.97399870801036,45.71188630490956,33.023847199148946,3.527061666968668,0.7187523106980583,2015,4,112,2,17,0.8660254037844387,-0.4999999999999998,-0.3496474552512284,-0.004001219158926709,0.0019922162935750174,0.008036152906385869,-51.82935638352781,44.6567990655556,2.5408363188000105,0.9532011244447526,-3207.1163588312756,2763.290166221359,2,2,2,0.9080472385449205,-0.06036708460760398,2.525007517970598,2.8496870731340023,2.589125413508162,21.38884991996737,-130.061112,112.062224,3257.278642487233,3.5088307857513428,3.5088307857513428,3.5088307857513428,3.5088307857513428,3.5088307857513428,3.5088307857513428,3.5088307857513428,1.7544153928756714,1.7544153928756714,1.7544153928756714,1.7544153928756714,1.7544153928756714,1.7544153928756714,,,0.0,1.7544153928756714,2,823.4523659305996,1.0457130628083183e-07,,157.22282296613577,6.1,28681.495279660976,1.5074912577498867e-08,-8.223603632404329,-0.10719428989170654,0.006246376037597701
-34.096389,24.439167,2013-03-26,14697.0,8345.0,10882.0,8734.0,0.1491457836506509,-0.1319498621729852,1.3540001000000002,203,1.5622611045837402,37,10,14,5,22,55,7333.504347826087,41,-0.0015166429802775,3979,6608,0.0257797022588172,0.0,0.0,0.0,0,68,9.776651859283449e-05,0.1983536614312066,0.1597760518391927,294.6307436625163,15.337325199280126,0.0212955191722306,38.69800866017778,8.771081520082511,0.7339020489629916,36.16872732131599,265.083728278041,737.6126382306476,0.5403433137443069,0.3323363226077756,4529.542748815165,-34.0964_24.4392,106.013235367335,421.7467787464508,47.294520547945204,3.803152312624292,1.569272434156615,0.9626825936479506,2013,3,85,1,13,1.0,6.123233995736766e-17,0.10738134666416309,-0.019679765596385256,0.022244464780766766,0.017410766127469793,-46.16651411563891,33.09063456191671,1.8333162708000104,0.8561160513189677,-0.0,0.0,1,1,0,0.8661381620957932,-0.08516426546783629,0.8446976854983637,23.960906607187404,20.766739853557812,0.0,-102.289167,73.31750100000001,0.0,3.1245222091674805,4.686783313751221,6.249044418334961,7.811305522918701,7.811305522918701,7.811305522918701,7.811305522918701,1.5622611045837402,1.5622611045837402,1.5622611045837402,1.5622611045837402,1.5622611045837402,1.5622611045837402,,,0.0,1.5622611045837402,1,1325.418641390205,0.0001527368293281484,,0.0,5.5,0.0,1.562074834282612e-05,-5.44778641639328,-0.05869106318517653,-0.0811221334669325
-32.08639,25.57556,2013-12-06,16012.0,10869.0,13317.0,10685.5,0.091888574448498,-0.1012155792607289,1.9880000000000002,164,0.9414331912994384,898,60,4,5,21,68,5029.426086956521,897,-0.0010639484971761,3688,5260,0.0522290631885286,17.95994758605957,77.51392793655396,30.961592197418213,7,69,4.4703483581542975e-08,0.1668580373128255,0.1133562723795573,288.8500506083171,7.095884476719371,0.3812924468209182,3.7430742552621568,0.2647045378714183,0.5170197413363308,69.69987478227881,188.2469993682881,179.50126342387873,3.4355267674755505,0.4272828468475174,2970.2395286879614,-32.0864_25.5756,118.20264897579143,476.55787709497207,52.9925512104283,183.4214918192583,5.217223854327048,0.1597388606266151,2013,12,340,4,49,-2.4492935982947064e-16,1.0,0.9088176373395028,-0.009300555290247337,0.00844351011417716,0.010244593485084894,-63.78774332000001,50.844213280000005,3.952144000000001,1.094604267270571,-2487.1421222041654,1982.4621147770117,5,0,3,2.1094333458894012,0.4306628577558058,3.2377544552666264,6.680301168010063,14.106618339718112,29.555475245628983,-385.03668000000005,306.90672,14217.72029889321,1.8828663825988767,2.824299573898315,3.7657327651977535,4.7071659564971915,4.7071659564971915,4.7071659564971915,4.7071659564971915,0.9414331912994384,0.9414331912994384,0.9414331912994384,0.9414331912994384,0.9414331912994384,0.9414331912994384,,,425.4775150315697,0.9414331912994384,5,941.2349968414405,4.208534321037405e-08,,154.09768873786928,6.8,22389.902007323053,5.067420261184453e-09,-3.6371935645167035,-0.003982438228704721,-0.08557485922788959
-31.905,25.43,2014-04-29,12888.0,9263.5,11584.0,10126.0,0.0532853873814972,-0.1113083103489621,1.88,109,1.002436280250549,983,10,6,2,23,68,4708.4,985,-0.0022228648886084,2378,4212,0.0859722105818435,24.09576988220215,32.20144581794739,27.606035470962524,3,70,2.9802322387695312e-08,0.1931622823079427,0.2340863545735677,287.2994842529297,5.853894491721314,0.4366214064346009,3.6391110045716815,0.5566922932041161,1.0266167833844149,78.25377121038302,190.0041087231353,201.7269279393173,3.8249359314962224,0.3956764914971386,3236.572379486616,-31.905_25.43,110.60336520245478,457.97399870801036,45.71188630490956,205.6130930053817,5.330847928372485,0.12794805342477403,2014,4,119,2,18,0.8660254037844387,-0.4999999999999998,-0.45973273945210397,-0.00593110643572436,0.002839332508396221,0.012389539952740863,-59.9814,47.8084,3.5343999999999998,1.0577902941478545,-1027.3871288216114,818.8827671504021,6,0,3,1.873561916189218,0.3629264477769023,3.838079483297238,5.8681562192602925,11.00532164443607,14.059840562259787,-127.62,101.72,6621.038873873375,2.004872560501098,2.004872560501098,2.004872560501098,2.004872560501098,2.004872560501098,2.004872560501098,2.004872560501098,1.002436280250549,1.002436280250549,1.002436280250549,1.002436280250549,1.002436280250549,1.002436280250549,,,633.5479019942628,1.002436280250549,7,380.0082174462706,2.987492919714895e-08,,60.538718137741085,6.8,9251.458775694944,6.976317005561819e-09,-7.4685251426696775,-0.008089252077810834,0.11727298389781608
-32.043333,27.822778,2011-04-11,13489.5,9356.5,11504.5,9696.5,0.0794190605745378,-0.1029672594794108,1.411,50,1.7268855571746826,780,60,1,2,28,67,4390.017391304348,781,-0.0028173858299851,3297,5037,0.8499336676821312,16.301897048950195,54.66108798980713,0.0,5,71,1.922249794006348e-06,0.2926269107394748,0.3081289927164714,290.33665466308594,32.35909346582117,0.6757461417075135,3.190795491264453,0.0108991313178631,1.558191103231443,43.25959251781048,196.6036604607132,249.9438308614705,2.488236788114856,0.4652227498014931,2223.134863555915,-32.0433_27.8228,110.60336520245478,457.97399870801036,45.71188630490956,88.36434076914189,4.492721729780151,0.41327443809170694,2011,4,101,2,15,0.8660254037844387,-0.4999999999999998,-0.16705162550211924,-0.008177563017789479,0.006307387182542105,0.010602256524700312,-45.213142862999995,39.257939758,1.9909210000000002,0.880041599199034,-1751.5234445996903,1520.82331637887,4,2,1,0.8166050084400083,-0.1234851887199051,4.299388409014381,55.88045114939222,45.65868088027367,36.937019310647074,-128.173332,111.291112,4830.091005943366,3.4537711143493652,5.180656671524048,6.9075422286987305,8.634427785873413,12.088198900222778,17.268855571746826,17.268855571746826,1.7268855571746826,1.7268855571746826,1.7268855571746826,1.7268855571746826,1.7268855571746826,1.7268855571746826,1.7268855571746826,0.0,0.0,1.7268855571746826,5,393.2073209214264,3.3195054065515714e-06,0.8033864475012894,77.12679515361786,6.7,15870.117427205187,5.923008927766207e-07,-9.873479920568466,-0.008989702003468816,0.07456472184922963
-32.043333,27.822778,2012-11-19,14724.127245508982,10121.422155688622,14369.699850299401,12093.31886227545,0.01745591687600899,-0.1650375111213819,1.597,50,1.7268855571746826,780,60,1,2,28,67,4390.017391304348,781,-0.0046225823462009,2201,4192,0.8499336676821312,17.07968521118164,51.65782976150513,9.847300052642822,7,72,4.589557647705078e-06,0.2604374355740017,0.2140483856201172,292.76979128519696,32.35909346582117,0.6757461417075135,3.190795491264453,0.0108991313178631,1.558191103231443,43.25959251781048,196.6036604607132,249.9438308614705,2.488236788114856,0.4652227498014931,2223.134863555915,-32.0433_27.8228,122.35395532319392,505.8983269961977,45.876742712294046,88.36434076914189,4.492721729780151,0.41327443809170694,2012,11,324,4,47,-0.5000000000000004,0.8660254037844384,0.7611042586607742,-0.0028808810755582516,0.0003047090339821354,0.027237380077140255,-51.173202800999995,44.432976466,2.5504089999999997,0.9543569326806114,-1655.2890411052192,1437.26432941615,4,2,2,0.9242510265617954,-0.04916985523832773,4.299388409014381,55.88045114939222,51.6774722649164,34.90757915032065,-352.476663,306.050558,4564.710072439959,3.4537711143493652,5.180656671524048,6.9075422286987305,8.634427785873413,12.088198900222778,18.99574112892151,18.99574112892151,1.7268855571746826,1.7268855571746826,1.7268855571746826,1.7268855571746826,1.7268855571746826,1.7268855571746826,1.7268855571746826,0.0,24.50241425459123,1.7268855571746826,5,393.2073209214264,7.92564081564251e-06,0.8033864475012894,82.49755412912369,6.7,15123.852037522092,9.823874052017345e-07,-6.858823698537826,-0.014749714908256488,-0.019515885247124554
-32.605278,25.885,2014-02-28,16734.5,9950.0,14409.5,11808.0,0.0746532237349088,-0.1830702600628084,1.6969999999999998,130,1.219136118888855,631,30,3,2,22,71,4032.678260869565,629,-0.0047410391271114,2142,4035,0.011022683579517,17.737167358398438,47.70378303527832,13.992581367492676,3,73,3.24249267578125e-05,0.2134708828396267,0.2861366271972656,296.622838973999,4.956925571992979,0.2176128343572563,2.2441350091602983,0.1507105868240377,0.2424622405838803,75.83465332529656,220.18284993694823,179.48455233291298,2.8156493359316017,0.144557195444313,1993.7640166675803,-32.6053_25.885,100.24407962213225,396.55668016194335,45.75708502024292,122.79320793091918,4.818612495505705,0.2928976409458186,2014,2,59,1,9,0.8660254037844386,0.5000000000000001,0.5270777086423722,-0.013666785083676776,0.005573103814014351,0.033514720119464304,-55.33115676599999,43.926845,2.8798089999999994,0.9921400441575928,-1555.3951075169334,1234.8124238681794,5,1,2,1.3908284278523055,0.19457153533828164,3.435475452895566,6.043167003460439,8.411902695672085,10.380955435870515,-65.210556,51.77,5857.700549342386,1.219136118888855,1.219136118888855,1.219136118888855,1.219136118888855,1.219136118888855,1.219136118888855,1.219136118888855,1.219136118888855,1.219136118888855,1.219136118888855,1.219136118888855,1.219136118888855,1.219136118888855,,,118.19460730604897,1.219136118888855,5,440.36569987389646,3.9530399362774915e-05,,80.9533198108673,7.1,14150.031553723948,9.277959179598838e-06,-9.329564275749206,-0.010639531884949475,0.07547510994805232
-33.001667,25.161389,2014-01-29,14188.5,10804.0,16741.5,14415.0,-0.0825412221144519,-0.2155524495834157,1.912,80,0.851338803768158,338,20,6,2,20,74,3179.9304347826087,340,-0.0023701842874288,1674,3222,0.0067955300349302,17.496435165405273,31.55766010284424,31.55766010284424,2,74,3.035366535186768e-05,0.1623965369330512,0.2355187733968099,298.1187108357747,0.1941042217033892,0.0107835678724105,7.433768806225206,0.0,1.6753435623579898,61.37524744059418,184.8042244640605,140.6992433795712,2.3950612593516656,0.0960853989312394,1645.4146745983876,-33.0017_25.1614,106.83844744121714,433.7159336099585,50.31327800829875,100.29789501224202,4.618065631297789,0.3667851773530178,2014,1,29,1,5,0.49999999999999994,0.8660254037844387,0.8779600847008882,0.017791962618378912,0.006813053348147284,0.04646285852141097,-63.09918730399999,48.108575767999994,3.655744,1.0688401303344395,-1041.4553900132512,794.0345617774439,4,0,3,2.243239415531851,0.45239107144216995,2.0414036487472567,0.16524845591131268,0.37112727189688016,0.34030416961348176,-33.001667,25.161389,3165.1668798270903,0.851338803768158,0.851338803768158,0.851338803768158,0.851338803768158,0.851338803768158,0.851338803768158,0.851338803768158,0.851338803768158,0.851338803768158,0.851338803768158,0.851338803768158,0.851338803768158,0.851338803768158,,,453.4951748886596,0.851338803768158,5,369.608448928121,2.5841253150638014e-05,,60.33824611663818,7.4,9407.928946853486,7.148858031769124e-06,-7.772512131889979,-0.01761940202089333,-0.009915669759114537
-33.18536111,27.39075,2015-01-16,20077.0,9791.5,13060.0,9985.0,0.2117572502036998,-0.1430321860709356,1.6190001,90,1.6152466535568235,7,60,2,3,20,63,6673.330434782609,7,-0.0025828573852777,2988,6754,0.0684319741939189,9.777196884155272,20.33346652984619,14.66579532623291,4,75,1.125037670135498e-05,0.1891214582655165,0.1829891204833984,293.7068564097087,0.2018437283064412,0.1614159023148939,66.86530317704474,0.0645663609259575,0.623044282817541,16.49092378426396,229.8037235721048,411.86052382455046,0.1315599961844975,0.2346974579260604,3548.4095545158957,-33.1854_27.3908,106.83844744121714,433.7159336099585,50.31327800829875,12.001694951701314,2.565079729862787,0.8869054039715253,2015,1,16,1,3,0.49999999999999994,0.8660254037844387,0.9623090774541486,-0.030288102413005252,0.044841133013832316,0.020458206252230743,-53.727102955626115,44.345626989075,2.62116132380001,0.9627926037080865,-674.7734294110445,556.9488983523846,1,1,2,1.0017036053483033,0.0010518880299917877,0.21263340357514257,0.32602740668841185,0.3267850163125012,3.282144847104817,-33.18536111,27.39075,244.03606260184267,3.230493307113647,4.84573996067047,6.460986614227294,8.076233267784117,9.69147992134094,9.69147992134094,9.69147992134094,1.6152466535568235,1.6152466535568235,1.6152466535568235,1.6152466535568235,1.6152466535568235,1.6152466535568235,,,3.8588639543236463,1.6152466535568235,1,689.4111707163144,1.8172133318117286e-05,,32.91988434516764,6.3,5972.078534393153,2.0586965376878648e-06,-6.072560042442874,-0.17270354212966246,-0.04302113850911457
-32.99163889,27.64002778,2011-05-06,13294.0,8682.0,10771.5,8894.0,0.1048181006004446,-0.1074099776389847,1.3119999999999998,349,1.7668724060058594,160,10,6,3,25,63,6314.313043478261,160,-0.0012298468500375,4353,7783,3.0928937079408123,13.505672454833984,35.068533420562744,4.552293300628662,6,76,3.2335519790649414e-05,0.2027113172743055,0.2683563232421875,291.3553835550944,1.848000040601443,1.190679600481804,58.66912700131276,0.9398388122724632,0.2428473791768734,27.11364343813017,192.2745591939547,369.0210957178842,1.940785565696371,0.5749613178391901,3922.0896013580114,-32.9916_27.64,120.45334559710494,476.2898914354644,42.100723763570564,15.613324365592023,2.8102050460191297,0.8554452001310441,2011,5,126,2,18,0.49999999999999994,-0.8660254037844387,-0.5631507242749186,-0.011258509841654604,0.010986834213484923,0.011536903296407193,-43.28503022367999,36.26371644736,1.7213439999999995,0.8381129508101309,-1156.9683910131025,969.2952379482127,3,2,0,0.7421350067701953,-0.17996598978668532,3.4310612475690863,3.2651802780363974,2.4245760532690928,41.75538736267844,-164.95819444999998,138.2001389,547.5363873208505,3.5337448120117188,5.300617218017578,7.0674896240234375,8.834362030029297,12.368106842041016,21.202468872070312,24.73621368408203,1.7668724060058594,1.7668724060058594,1.7668724060058594,1.7668724060058594,1.7668724060058594,1.7668724060058594,1.7668724060058594,0.0,53.01015077205839,1.7668724060058594,1,576.8236775818641,5.713273765195481e-05,1.0158832870108294,46.009915847778316,6.3,10217.406005462706,8.677441201143665e-06,-8.853514910254363,-0.07215404103701453,-0.0003712177276610773
-32.08639,25.57556,2014-08-15,13680.5,10905.0,14832.5,12182.0,-0.0404026233647809,-0.1525983487129668,1.9790001000000002,164,0.9414331912994384,898,60,4,5,21,68,5029.426086956521,897,-0.0007437681779265,2423,4488,0.0522290631885286,8.279642105102539,12.156600952148438,8.279642105102539,2,77,8.940696716308596e-08,0.1742990281846788,0.157327651977539,283.553404490153,7.095884476719371,0.3812924468209182,3.7430742552621568,0.2647045378714183,0.5170197413363308,69.69987478227881,188.2469993682881,179.50126342387873,3.4355267674755505,0.4272828468475174,2970.2395286879614,-32.0864_25.5756,129.8754115225926,532.7413230451851,38.73888888888889,183.4214918192583,5.217223854327048,0.1597388606266151,2014,8,227,3,33,-0.8660254037844385,-0.5000000000000004,-0.7206671495538615,0.006165373609137495,0.0016323719747563393,0.023286256029924214,-63.49896901863901,50.614035797556,3.9164413958000104,1.0915877072994562,-390.0614392250061,310.9118770477295,5,0,3,2.099883703449929,0.4276462977846911,3.2377544552666264,6.680301168010063,14.042756089016084,4.635220122070181,-256.69112,204.60448,2229.781882094482,1.8828663825988767,2.824299573898315,3.7657327651977535,4.7071659564971915,5.64859914779663,5.64859914779663,5.64859914779663,0.9414331912994384,0.9414331912994384,0.9414331912994384,0.9414331912994384,0.9414331912994384,0.9414331912994384,,,113.77972830878956,0.9414331912994384,5,941.2349968414405,8.417068642074811e-08,,24.057914499961853,6.8,3447.0455870099254,1.4066188214201247e-08,-5.048076399135588,-0.0027839795186799256,-0.041603479629907875
-32.605278,25.885,2013-05-28,15063.0,9381.5,13477.0,11333.5,0.0555711282410651,-0.1791674869304627,1.7269999999999999,130,1.219136118888855,631,30,3,2,22,71,4032.678260869565,629,-0.0007044691592454,2249,4232,0.011022683579517,9.844659805297852,14.363747596740724,9.844659805297852,2,78,2.9802322387695312e-08,0.1652615865071614,0.1791407267252604,284.81476402282715,4.956925571992979,0.2176128343572563,2.2441350091602983,0.1507105868240377,0.2424622405838803,75.83465332529656,220.18284993694823,179.48455233291298,2.8156493359316017,0.144557195444313,1993.7640166675803,-32.6053_25.885,120.45334559710494,476.2898914354644,42.100723763570564,122.79320793091918,4.818612495505705,0.2928976409458186,2013,5,148,2,22,0.49999999999999994,-0.8660254037844387,-0.8287700871745038,-0.009956539392842098,0.0030881502939849033,0.03210098837297752,-56.30931510599999,44.703395,2.9825289999999995,1.0032021038634513,-468.33398351356317,371.80560654163367,5,1,2,1.4154158484978974,0.20563359504414014,3.435475452895566,6.043167003460439,8.560610462831875,3.125735826518978,-163.02639,129.425,1763.7706453138244,2.43827223777771,2.43827223777771,2.43827223777771,2.43827223777771,2.43827223777771,2.43827223777771,2.43827223777771,1.219136118888855,1.219136118888855,1.219136118888855,1.219136118888855,1.219136118888855,1.219136118888855,,,83.15732952977828,1.219136118888855,5,440.36569987389646,3.63330876496093e-08,,24.80619209957123,7.1,4091.00738224916,5.338809690632236e-09,-5.840933195999145,-0.0015809239031363232,-0.0315207905239529
-33.731111,24.618333,2015-04-09,14468.5,8885.5,10462.5,8944.0,0.1606834864225261,-0.0815071325201567,1.736,318,1.5277236700057983,112,10,47,5,18,60,7232.617391304348,153,-0.0019009886309504,2981,7219,0.0664581003366822,33.946868896484375,67.89373779296875,0.0,3,79,8.940696716308596e-08,0.1705235375298394,0.2248853047688802,290.87789726257324,2.63495362391042,0.1924823683634469,34.00786032573553,1.3588668114268267,0.5560601752721801,14.984479798577052,260.8192999053926,540.7291075370546,-0.8229040366649734,0.2251136597352838,3027.098205202035,-33.7311_24.6183,110.60336520245478,457.97399870801036,45.71188630490956,41.36525586583466,3.746328589189245,0.661230650224401,2015,4,99,2,15,0.8660254037844387,-0.4999999999999998,-0.1330147065341959,-0.013096850221641636,0.025819182808898132,0.0066434126516583866,-58.557208696,42.737426088,3.013696,1.006496999760304,-2290.131205699524,1671.4306456019897,0,1,2,1.1355878332108351,0.07878230257142205,-1.2579928789930641,4.025481020615505,4.57427949110849,13.068347447437487,-134.924444,98.473332,2808.4418354940412,3.0554473400115967,4.583171010017395,6.110894680023193,7.638618350028992,10.694065690040588,12.221789360046387,12.221789360046387,1.5277236700057983,1.5277236700057983,1.5277236700057983,1.5277236700057983,1.5277236700057983,1.5277236700057983,1.5277236700057983,0.0,-0.0,1.5277236700057983,2,1304.096499526963,1.365891399984776e-07,0.34391146641922427,117.86352880859376,6.0,19748.78768651525,2.010631305893185e-08,-7.585631177427927,-0.0646485558421724,0.01240566798618864
-32.99163889,27.64002778,2013-12-05,6281.0,4829.5,5173.5,4286.5,0.0966868916146492,-0.0343896830950711,1.6240001000000002,349,1.7668724060058594,160,10,6,3,25,63,6314.313043478261,160,-0.0031784921884536,5696,7833,3.0928937079408123,66.70762634277344,108.86845660209656,23.460021018981934,7,80,8.195638656616211e-07,0.1953468322753906,0.2555166880289714,290.4848117828369,1.848000040601443,1.190679600481804,58.66912700131276,0.9398388122724632,0.2428473791768734,27.11364343813017,192.2745591939547,369.0210957178842,1.940785565696371,0.5749613178391901,3922.0896013580114,-32.9916_27.64,118.20264897579143,476.55787709497207,52.9925512104283,15.613324365592023,2.8102050460191297,0.8554452001310441,2013,12,339,4,49,-2.4492935982947064e-16,1.0,0.9015016841318838,-0.0033250315620752735,0.009348355010102923,0.001182650303379419,-53.57842485652389,44.88740787872278,2.6373763248000106,0.9646999091915981,-3591.7488067280055,3009.127164847673,3,2,2,0.9186183881160809,-0.05337903140521816,3.4310612475690863,3.2651802780363974,3.0011522507367476,129.62745041205497,-395.89966668,331.68033336,1699.798526109912,3.5337448120117188,5.300617218017578,7.0674896240234375,8.834362030029297,12.368106842041016,21.202468872070312,24.73621368408203,1.7668724060058594,1.7668724060058594,1.7668724060058594,1.7668724060058594,1.7668724060058594,1.7668724060058594,1.7668724060058594,0.0,273.18522098744165,1.7668724060058594,1,576.8236775818641,1.4480647791970114e-06,1.0158832870108294,176.80238440865048,6.3,31624.633125147968,2.0941224458207824e-07,-8.42991430182061,-0.1864793618770648,-0.013210852940877205
-32.08639,25.57556,2012-11-08,16162.0,10654.0,14157.0,11210.5,0.0661301494112602,-0.1411873765668448,2.068,164,0.9414331912994384,898,60,4,5,21,68,5029.426086956521,897,-0.0012304307892918,5058,7001,0.0522290631885286,10.448585510253906,34.47870683670044,0.0,4,81,8.940696716308596e-08,0.1824133131239149,0.1078732808430989,289.0159912109375,7.095884476719371,0.3812924468209182,3.7430742552621568,0.2647045378714183,0.5170197413363308,69.69987478227881,188.2469993682881,179.50126342387873,3.4355267674755505,0.4272828468475174,2970.2395286879614,-32.0864_25.5756,122.35395532319392,505.8983269961977,45.876742712294046,183.4214918192583,5.217223854327048,0.1597388606266151,2012,11,313,4,45,-0.5000000000000004,0.8660254037844384,0.6254105729852457,-0.009336742307349304,0.004373196661155598,0.019933875301828035,-66.35465452000001,52.89025808,4.276624,1.1210258835050098,-1106.2972342580367,881.8122354244423,5,0,3,2.1943199996475258,0.45708447399024466,3.2377544552666264,6.680301168010063,14.674289097855661,13.14647049298663,-352.95029,281.33116,6324.135843986455,1.8828663825988767,2.824299573898315,3.7657327651977535,4.7071659564971915,6.5900323390960684,6.5900323390960684,6.5900323390960684,0.9414331912994384,0.9414331912994384,0.9414331912994384,0.9414331912994384,0.9414331912994384,0.9414331912994384,,,0.0,0.9414331912994384,5,941.2349968414405,8.417068642074811e-08,,71.30196573829652,6.8,9964.897632080305,9.644622878113293e-09,-3.4612641597112,-0.004605593810280031,-0.09105785076434798
-32.99163889,27.64002778,2015-01-16,21308.0,13553.0,18512.5,16452.0,0.0702025338707449,-0.1546677893686356,1.5840001000000001,349,1.7668724060058594,160,10,6,3,25,63,6314.313043478261,160,-0.003426780924201,4039,8179,3.0928937079408123,12.091019630432127,22.04900133609772,14.082615971565248,4,82,1.8864870071411133e-05,0.2123381296793619,0.2618249257405599,292.9866415659587,1.848000040601443,1.190679600481804,58.66912700131276,0.9398388122724632,0.2428473791768734,27.11364343813017,192.2745591939547,369.0210957178842,1.940785565696371,0.5749613178391901,3922.0896013580114,-32.9916_27.64,106.83844744121714,433.7159336099585,50.31327800829875,15.613324365592023,2.8102050460191297,0.8554452001310441,2015,1,16,1,3,0.49999999999999994,0.8660254037844387,0.9623090774541486,-0.01085807072186488,0.004928395761873086,0.023922125068180627,-52.25875930092389,43.78180676752278,2.5090563168000104,0.9493386246200451,-727.4326899656635,609.4350094509981,3,2,1,0.8959923208365017,-0.0687403159767711,3.4310612475690863,3.2651802780363974,2.92723224911269,26.2532961018876,-32.99163889,27.64002778,344.2582097978656,3.5337448120117188,5.300617218017578,7.0674896240234375,8.834362030029297,12.368106842041016,21.202468872070312,24.73621368408203,1.7668724060058594,1.7668724060058594,1.7668724060058594,1.7668724060058594,1.7668724060058594,1.7668724060058594,1.7668724060058594,0.0,163.98802682915408,1.7668724060058594,1,576.8236775818641,3.3331818372062116e-05,1.0158832870108294,34.92562032127893,6.3,6460.062851346607,4.939293205552531e-06,-8.638033402433617,-0.20104624524762438,-0.0069026152292887
-32.579167,27.366667,2011-03-09,17552.0,8775.0,12107.5,9635.0,0.1835668167029114,-0.1595833832156104,1.357,222,2.115182876586914,812,10,15,3,28,65,5752.286956521739,816,-0.0024668471887707,5036,6760,0.1811423624861438,34.934139251708984,104.41381359100342,34.54553508758545,6,83,5.6549906730651855e-05,0.289240731133355,0.3275184631347656,291.4834410349528,8.067877584786434,0.8964827741805825,18.65766798907683,0.1300174078862781,0.2645811761136777,71.7137356593136,218.99464398235668,246.52016383112797,-0.0435902227207589,0.4287488139888815,3256.112547601436,-32.5792_27.3667,106.013235367335,421.7467787464508,47.294520547945204,68.00271062315436,4.234145788219189,0.5066032600742068,2011,3,68,1,10,1.0,6.123233995736766e-17,0.38963044953078796,-0.029294213655570424,0.03369677619444027,0.025466856198540368,-44.209929619,37.136567119,1.841449,0.857389623953994,-3401.71507008817,2857.4580667450646,0,3,0,0.6412489274975317,-0.27921919186601407,-0.09224488290827983,17.065036517739653,10.94810988255519,93.60518527083696,-97.737501,82.10000099999999,7100.422350688987,4.230365753173828,6.345548629760742,8.460731506347656,10.57591438293457,10.57591438293457,10.57591438293457,10.57591438293457,2.115182876586914,2.115182876586914,2.115182876586914,2.115182876586914,2.115182876586914,2.115182876586914,,,-22.587713527134618,2.115182876586914,5,656.98393194707,0.00011961339438926188,,141.68954504299163,6.5,30434.8976770878,1.8521138542837434e-05,-10.670278706050873,-0.04602561582787126,0.043268998463948605
-32.802778,27.856389,2014-10-02,14831.0,9084.5,13506.5,10759.5,0.0467401852668725,-0.1957416670355442,1.52,270,1.9185377359390257,195,10,3,5,21,58,7465.347826086957,202,-0.0026580998674035,3202,6965,0.0238558502547706,15.071331024169922,61.17019939422608,13.606398582458496,7,84,6.452202796936035e-06,0.2784161037868923,0.3903141021728515,287.5091304779053,1.4901613073443385,0.1048143836019952,67.82384910797579,0.0216155825463071,0.1080779127315357,22.65762315901989,201.7384032817924,394.0643736194384,1.5850530284420763,0.2152241778866505,4024.841401072894,-32.8028_27.8564,128.93517074592074,518.4723193473194,43.481351981351985,22.159429129792642,3.1424020034283195,0.8012403685916639,2014,10,275,4,40,-0.8660254037844386,0.5000000000000001,0.021516097436222233,-0.009149001781687805,0.002184644918781565,0.03831480021385385,-49.860222560000004,42.34171128,2.3104,0.9242589015233319,-2006.5524709445328,1703.980869533126,2,3,1,0.7918573162389151,-0.1471663926146466,3.042569101558999,2.858930700776346,2.2650451871633943,6.4115167443169465,-328.02778,278.56389,1355.4966983316376,3.8370754718780513,3.8370754718780513,3.8370754718780513,3.8370754718780513,3.8370754718780513,3.8370754718780513,3.8370754718780513,1.9185377359390257,1.9185377359390257,1.9185377359390257,1.9185377359390257,1.9185377359390257,1.9185377359390257,,,64.70058983794743,1.9185377359390257,2,1008.692016408962,1.237879454585311e-05,,92.97870307922365,5.8,17586.99083899403,2.51838574172325e-06,-12.803386843845367,-0.18028256432070544,0.10470181419735858
-32.99163889,27.64002778,2013-03-07,17203.5,9672.5,13231.5,10301.0,0.1305076392311483,-0.1553877052043304,1.337,349,1.7668724060058594,160,10,6,3,25,63,6314.313043478261,160,-0.0015623960644006,4373,7309,3.0928937079408123,25.316261291503903,66.03563976287842,12.040778160095217,4,85,1.984834671020508e-05,0.190782970852322,0.1745535532633463,295.4359353383382,1.848000040601443,1.190679600481804,58.66912700131276,0.9398388122724632,0.2428473791768734,27.11364343813017,192.2745591939547,369.0210957178842,1.940785565696371,0.5749613178391901,3922.0896013580114,-32.9916_27.64,106.013235367335,421.7467787464508,47.294520547945204,15.613324365592023,2.8102050460191297,0.8554452001310441,2013,3,66,1,10,1.0,6.123233995736766e-17,0.4211008707960896,-0.02027928257176278,0.01703224389768756,0.024145338928667888,-44.109821195929996,36.95471714186,1.787569,0.848868055556721,-2178.6239809270096,1825.226917516032,3,2,0,0.7562762988199323,-0.1692108850400953,3.4310612475690863,3.2651802780363974,2.470776054284129,78.6272891704244,-98.97491667,82.92008334,1031.0358633072071,3.5337448120117188,5.300617218017578,7.0674896240234375,8.834362030029297,12.368106842041016,21.202468872070312,24.73621368408203,1.7668724060058594,1.7668724060058594,1.7668724060058594,1.7668724060058594,1.7668724060058594,1.7668724060058594,1.7668724060058594,0.0,140.21141071718944,1.7668724060058594,1,576.8236775818641,3.506949610709854e-05,1.0158832870108294,88.28965036296844,6.3,19509.300999011542,3.4645994446691466e-06,-5.758807796230701,-0.09166441312867003,-0.09417398770650229
-32.99163889,27.64002778,2012-04-05,16457.0,9438.0,12484.5,9881.0,0.1372596444551941,-0.1389668149161813,1.3290001,349,1.7668724060058594,160,10,6,3,25,63,6314.313043478261,160,-0.0015677819028496,4168,7670,3.0928937079408123,20.832279205322266,106.75502586364746,31.2484188079834,7,86,2.7939677238464355e-05,0.2609606848822699,0.3519204457600911,291.87486839294434,1.848000040601443,1.190679600481804,58.66912700131276,0.9398388122724632,0.2428473791768734,27.11364343813017,192.2745591939547,369.0210957178842,1.940785565696371,0.5749613178391901,3922.0896013580114,-32.9916_27.64,110.60336520245478,457.97399870801036,45.71188630490956,15.613324365592023,2.8102050460191297,0.8554452001310441,2012,4,96,2,14,0.8660254037844387,-0.4999999999999998,-0.08167639533042241,-0.019074535606465808,0.018840209995966292,0.019311775647948188,-43.845891383973886,36.73359968362278,1.76624126580001,0.8454390338390858,-3522.023262986067,2950.711880525834,3,2,0,0.7517511419291847,-0.17263990675773044,3.4310612475690863,3.2651802780363974,2.455992238759322,127.11103154475242,-131.96655556,110.56011112,1666.8008464662935,3.5337448120117188,5.300617218017578,7.0674896240234375,8.834362030029297,12.368106842041016,21.202468872070312,24.73621368408203,1.7668724060058594,1.7668724060058594,1.7668724060058594,1.7668724060058594,1.7668724060058594,1.7668724060058594,1.7668724060058594,0.0,363.8788810402151,1.7668724060058594,1,576.8236775818641,4.936584474535266e-05,1.0158832870108294,141.87744004829005,6.3,31159.10912423747,9.832543668153448e-06,-11.610432264524757,-0.09198039556864297,0.08319290479024255
-32.99163889,27.64002778,2012-07-26,13229.0,8908.0,11736.5,9225.0,0.0597824998497927,-0.1370098573469925,1.5030000000000001,349,1.7668724060058594,160,10,6,3,25,63,6314.313043478261,160,-0.0019395276904106,3741,7059,3.0928937079408123,23.87439346313477,42.99869537353516,7.187105178833008,3,87,1.937150955200196e-07,0.2358752356635199,0.2735513051350911,289.6723512013753,1.848000040601443,1.190679600481804,58.66912700131276,0.9398388122724632,0.2428473791768734,27.11364343813017,192.2745591939547,369.0210957178842,1.940785565696371,0.5749613178391901,3922.0896013580114,-32.9916_27.64,129.67349669966583,544.5504496699258,38.51608910891089,15.613324365592023,2.8102050460191297,0.8554452001310441,2012,7,208,3,30,-0.4999999999999997,-0.8660254037844388,-0.9051931898913975,-0.008190791776266698,0.003573947288290464,0.018771701010243235,-49.58643325167,41.54296175334,2.2590090000000003,0.9174900124496372,-1418.5974305047857,1188.4851346282694,3,2,1,0.8501744780301858,-0.10058892814717901,3.4310612475690863,3.2651802780363974,2.777544061023969,51.197669428599646,-230.94147223,193.48019446,671.3525781642855,3.5337448120117188,5.300617218017578,7.0674896240234375,8.834362030029297,12.368106842041016,21.202468872070312,24.73621368408203,1.7668724060058594,1.7668724060058594,1.7668724060058594,1.7668724060058594,1.7668724060058594,1.7668724060058594,1.7668724060058594,0.0,83.69177994132443,1.7668724060058594,1,576.8236775818641,3.4226985690111194e-07,1.0158832870108294,64.62703914642336,6.3,12455.533187443629,5.2991017203870206e-08,-9.024905876905128,-0.1137903963912623,0.00482376416524255
-32.605278,25.885,2014-11-06,14488.0,10149.0,14249.0,12456.0,0.0083168041201238,-0.1680465611935397,1.8630000000000002,130,1.219136118888855,631,30,3,2,22,71,4032.678260869565,629,-0.0035511786118149,1782,3222,0.011022683579517,17.772642135620117,46.02628707885742,15.433394432067873,5,88,2.9802322387695312e-08,0.1733866797553168,0.2629591623942057,290.49422391255695,4.956925571992979,0.2176128343572563,2.2441350091602983,0.1507105868240377,0.2424622405838803,75.83465332529656,220.18284993694823,179.48455233291298,2.8156493359316017,0.144557195444313,1993.7640166675803,-32.6053_25.885,122.35395532319392,505.8983269961977,45.876742712294046,122.79320793091918,4.818612495505705,0.2928976409458186,2014,11,310,4,45,-0.5000000000000004,0.8660254037844384,0.5842981736283683,-0.0013976103325070673,6.916923077250823e-05,0.028239646728974083,-60.743632914,48.22375500000001,3.4707690000000007,1.0518700261159781,-1500.699885513954,1191.3904410362245,5,1,3,1.5268788220912468,0.25430151729666695,3.435475452895566,6.043167003460439,9.234752340622922,10.015910786170927,-358.658058,284.735,5651.715439562318,2.43827223777771,3.657408356666565,3.657408356666565,3.657408356666565,3.657408356666565,3.657408356666565,3.657408356666565,1.219136118888855,1.219136118888855,1.219136118888855,1.219136118888855,1.219136118888855,1.219136118888855,,,130.36508035146716,1.219136118888855,5,440.36569987389646,3.63330876496093e-08,,85.74697282791139,7.1,13370.370544549234,7.836793732470444e-09,-8.573856592510221,-0.007969324246555085,0.05229764514499238
-32.605278,25.885,2014-01-30,16734.5,9950.0,14409.5,11808.0,0.0746532237349088,-0.1830702600628084,1.6969999999999998,130,1.219136118888855,631,30,3,2,22,71,4032.678260869565,629,-0.0023230239748954,2495,4363,0.011022683579517,13.069199562072754,65.25816822052002,0.0,5,89,2.6971101760864258e-06,0.1639726426866319,0.291208267211914,292.2113717397054,4.956925571992979,0.2176128343572563,2.2441350091602983,0.1507105868240377,0.2424622405838803,75.83465332529656,220.18284993694823,179.48455233291298,2.8156493359316017,0.144557195444313,1993.7640166675803,-32.6053_25.885,106.83844744121714,433.7159336099585,50.31327800829875,122.79320793091918,4.818612495505705,0.2928976409458186,2014,1,30,1,5,0.49999999999999994,0.8660254037844387,0.869589389346611,-0.013666785083676776,0.005573103814014351,0.033514720119464304,-55.33115676599999,43.926845,2.8798089999999994,0.9921400441575928,-2127.7607166008206,1689.2076843881607,5,1,2,1.3908284278523055,0.19457153533828164,3.435475452895566,6.043167003460439,8.411902695672085,14.201014951429991,-32.605278,25.885,8013.259819493217,2.43827223777771,3.657408356666565,4.87654447555542,4.87654447555542,4.87654447555542,4.87654447555542,4.87654447555542,1.219136118888855,1.219136118888855,1.219136118888855,1.219136118888855,1.219136118888855,1.219136118888855,,,0.0,1.219136118888855,5,440.36569987389646,3.2881444322896414e-06,,110.74311147022246,7.1,19069.178852938603,7.854207808577484e-07,-9.49492650834274,-0.005213179429181481,0.0805467499627007
-32.605278,25.885,2012-08-16,14177.0,10290.0,14948.0,13164.5,-0.0264721030042918,-0.184562960614945,1.9280000000000002,130,1.219136118888855,631,30,3,2,22,71,4032.678260869565,629,-0.0015154536813497,1566,3080,0.011022683579517,10.401704788208008,26.837151765823364,0.0,4,90,2.9802322387695312e-08,0.2095623016357422,0.2162895202636718,282.348160425822,4.956925571992979,0.2176128343572563,2.2441350091602983,0.1507105868240377,0.2424622405838803,75.83465332529656,220.18284993694823,179.48455233291298,2.8156493359316017,0.144557195444313,1993.7640166675803,-32.6053_25.885,129.8754115225926,532.7413230451851,38.73888888888889,122.79320793091918,4.818612495505705,0.2928976409458186,2012,8,229,3,33,-0.8660254037844385,-0.5000000000000004,-0.6963762255968726,0.004885769704175875,0.0007007722374698349,0.03406348643095374,-62.862975984,49.90628000000001,3.7171840000000005,1.074319596099065,-875.0327940528616,694.6796734583378,5,1,3,1.580151566823362,0.27675108727975384,3.435475452895566,6.043167003460439,9.556952502802465,5.840108661836669,-260.842224,207.08,3295.4199570543833,2.43827223777771,3.657408356666565,4.87654447555542,6.095680594444275,6.095680594444275,6.095680594444275,6.095680594444275,1.219136118888855,1.219136118888855,1.219136118888855,1.219136118888855,1.219136118888855,1.219136118888855,,,0.0,1.219136118888855,5,440.36569987389646,3.63330876496093e-08,,51.74202860450745,7.1,7577.420432148828,6.445930011977905e-09,-7.052179936683652,-0.0034008826610777165,0.0056280030144584825
-34.096389,24.439167,2014-02-05,15394.0,8462.5,10996.0,8837.5,0.1666540356195528,-0.1302001695916944,1.3419999999999999,203,1.5622611045837402,37,10,14,5,22,55,7333.504347826087,41,-0.0039338218048214,3696,6730,0.0257797022588172,13.180919647216797,40.28332042694092,0.0,4,91,7.46995210647583e-05,0.2252896626790364,0.2122020721435547,293.3855355580648,15.337325199280126,0.0212955191722306,38.69800866017778,8.771081520082511,0.7339020489629916,36.16872732131599,265.083728278041,737.6126382306476,0.5403433137443069,0.3323363226077756,4529.542748815165,-34.0964_24.4392,100.24407962213225,396.55668016194335,45.75708502024292,3.803152312624292,1.569272434156615,0.9626825936479506,2014,2,36,1,6,0.8660254037844386,0.5000000000000001,0.8140460935082178,-0.021698383700806054,0.027773567588283175,0.01695208416170598,-45.757354037999995,32.797362113999995,1.8009639999999996,0.8510052651755255,-1373.5157634886236,984.4907952285205,1,1,0,0.8584618372868319,-0.09027505161127847,0.8446976854983637,23.960906607187404,20.582690417433927,0.8578542224730289,-68.192778,48.878334,153.20360324190574,3.1245222091674805,4.686783313751221,6.249044418334961,7.811305522918701,9.373566627502441,9.373566627502441,9.373566627502441,1.5622611045837402,1.5622611045837402,1.5622611045837402,1.5622611045837402,1.5622611045837402,1.5622611045837402,,,0.0,1.5622611045837402,1,1325.418641390205,0.00011670015629050567,,54.060216012954704,5.5,11818.543537515194,1.5851393158072824e-05,-7.235324398412705,-0.15223107027057473,-0.028696113162570508
-32.99163889,27.64002778,2014-02-07,16959.5,9266.0,12864.5,9973.0,0.1373055257510729,-0.1626036465511391,1.325,349,1.7668724060058594,160,10,6,3,25,63,6314.313043478261,160,-0.0044010700657963,4263,6879,3.0928937079408123,21.499828338623047,67.25780296325684,21.499828338623047,5,92,1.937150955200196e-07,0.2221215565999349,0.3392836252848307,297.7252674102783,1.848000040601443,1.190679600481804,58.66912700131276,0.9398388122724632,0.2428473791768734,27.11364343813017,192.2745591939547,369.0210957178842,1.940785565696371,0.5749613178391901,3922.0896013580114,-32.9916_27.64,100.24407962213225,396.55668016194335,45.75708502024292,15.613324365592023,2.8102050460191297,0.8554452001310441,2014,2,38,1,6,0.8660254037844386,0.5000000000000001,0.7935716089521474,-0.022326379178745786,0.018852807401778547,0.02643994587172777,-43.713921529249994,36.6230368085,1.755625,0.8437200390393196,-2218.945147898541,1859.0075423261853,3,2,0,0.7494884786360586,-0.17435890155749667,3.4310612475690863,3.2651802780363974,2.4486000537969117,80.08249396157456,-65.98327778,55.28005556,1050.1178937824054,3.5337448120117188,5.300617218017578,7.0674896240234375,8.834362030029297,12.368106842041016,21.202468872070312,24.73621368408203,1.7668724060058594,1.7668724060058594,1.7668724060058594,1.7668724060058594,1.7668724060058594,1.7668724060058594,1.7668724060058594,0.0,250.3593390272964,1.7668724060058594,1,576.8236775818641,3.4226985690111194e-07,1.0158832870108294,89.1165889263153,6.3,20024.34737266345,6.572435988042952e-08,-11.193522846687207,-0.258206938631879,0.07055608431498211
-33.094444,25.012778,2014-10-08,14706.0,10371.5,14302.0,12403.0,0.013927192498621,-0.1593004640606312,2.07,90,0.6749870181083679,270,30,3,2,27,74,3921.5565217391295,270,-0.0004493668675422,1257,2357,0.0098575247019227,6.748950958251953,12.297286987304688,0.0,3,93,2.443790435791016e-06,0.157388687133789,0.037915547688802,288.56823984781903,0.0514100592208398,0.1914042549955835,1.668397936669735,0.0,6.543609205822307,83.72096461661488,169.87653931165144,142.38838017050838,3.036363468987055,0.1057346316426757,1527.1320245466154,-33.0944_25.0128,128.93517074592074,518.4723193473194,43.481351981351985,96.41217142781841,4.578951166165848,0.38131795882946556,2014,10,281,4,41,-0.8660254037844386,0.5000000000000001,0.12447926388678869,-0.002218608228092067,0.00019396669089364506,0.02537663784993245,-68.50549908,51.77645046,4.2848999999999995,1.1216775615991057,-406.9718755532837,307.58930941574096,5,0,3,3.0621889837360112,0.6052753053279433,2.0525422872937393,0.03470112257424926,0.10641882258713838,2.3537530542719374,-330.94444000000004,250.12778,1185.6081411171,0.6749870181083679,0.6749870181083679,0.6749870181083679,0.6749870181083679,0.6749870181083679,0.6749870181083679,0.6749870181083679,0.6749870181083679,0.6749870181083679,0.6749870181083679,0.6749870181083679,0.6749870181083679,0.6749870181083679,,,0.0,0.6749870181083679,5,339.7530786233029,1.6495268191363268e-06,,25.4553840637207,7.4,3548.606460830003,9.26576528096725e-08,-1.2547939697163875,-0.0007497227546151486,-0.07388157314724395
-32.043333,27.822778,2011-05-09,13707.0,9782.0,11963.5,10077.0,0.0679184277672815,-0.1003196063553374,1.411,50,1.7268855571746826,780,60,1,2,28,67,4390.017391304348,781,-0.001885469071567,2611,4801,0.8499336676821312,14.039695739746094,50.33961391448975,14.039695739746094,5,94,2.592802047729492e-06,0.3002573649088542,0.3692461649576823,285.19804255167645,32.35909346582117,0.6757461417075135,3.190795491264453,0.0108991313178631,1.558191103231443,43.25959251781048,196.6036604607132,249.9438308614705,2.488236788114856,0.4652227498014931,2223.134863555915,-32.0433_27.8228,120.45334559710494,476.2898914354644,42.100723763570564,88.36434076914189,4.492721729780151,0.41327443809170694,2011,5,129,2,19,0.49999999999999994,-0.8660254037844387,-0.6050560696488488,-0.006813549937887098,0.004612912830379436,0.010064023419289853,-45.213142862999995,39.257939758,1.9909210000000002,0.880041599199034,-1613.0490117534284,1400.5879025485594,4,2,1,0.8166050084400083,-0.1234851887199051,4.299388409014381,55.88045114939222,45.65868088027367,34.01679987776231,-160.21666499999998,139.11389,4448.22679812701,3.4537711143493652,5.180656671524048,6.9075422286987305,8.634427785873413,12.088198900222778,20.72262668609619,20.72262668609619,1.7268855571746826,1.7268855571746826,1.7268855571746826,1.7268855571746826,1.7268855571746826,1.7268855571746826,1.7268855571746826,0.0,34.93408743357565,1.7268855571746826,5,393.2073209214264,4.477472408837002e-06,0.8033864475012894,71.02919523334505,6.7,14356.759351219613,9.573822126185405e-07,-11.831877822711943,-0.006016146212474558,0.13568189409044057
-34.096389,24.439167,2015-09-16,14387.0,8290.5,10457.5,8849.5,0.1581637787035359,-0.1155856624706629,1.507,203,1.5622611045837402,37,10,14,5,22,55,7333.504347826087,41,-0.002491969615221,5226,8128,0.0257797022588172,47.06378555297852,70.03847217559814,22.97468662261963,3,95,0.0001632720232009,0.2769285837809245,0.2738819122314453,288.4717667897542,15.337325199280126,0.0212955191722306,38.69800866017778,8.771081520082511,0.7339020489629916,36.16872732131599,265.083728278041,737.6126382306476,0.5403433137443069,0.3323363226077756,4529.542748815165,-34.0964_24.4392,128.38052861749696,525.4655451431681,39.254786376457076,3.803152312624292,1.569272434156615,0.9626825936479506,2015,9,259,3,38,-1.0,-1.8369701987210297e-16,-0.25119006388481957,-0.018281465140311523,0.02501578089378108,0.013360045368782011,-51.383258223,36.829824669,2.2710489999999997,0.9190868191761563,-2388.058992264871,1711.6819179242964,1,1,1,0.9640104238384917,-0.022193497610647706,0.8446976854983637,23.960906607187404,23.11334907531515,1.4915056270091898,-306.867501,219.952503,266.3669774272982,3.1245222091674805,4.686783313751221,6.249044418334961,7.811305522918701,10.935827732086182,10.935827732086182,10.935827732086182,1.5622611045837402,1.5622611045837402,1.5622611045837402,1.5622611045837402,1.5622611045837402,1.5622611045837402,,,173.79905622664603,1.5622611045837402,1,1325.418641390205,0.0002550735313134601,,105.5479775686264,5.5,20204.121811749836,4.4717253928159396e-05,-9.338384219507217,-0.09643426175072214,0.03298372692532012
-33.001667,25.161389,2015-02-05,13800.0,10931.0,17729.0,15495.5,-0.1246154334105109,-0.237194696441032,2.1440001,80,0.851338803768158,338,20,6,2,20,74,3179.9304347826087,340,-0.0026156352832913,1242,2307,0.0067955300349302,24.24271774291992,46.274935722351074,24.24271774291992,5,96,5.751848220825195e-06,0.1524723900689019,0.260342280069987,294.2541859944661,0.1941042217033892,0.0107835678724105,7.433768806225206,0.0,1.6753435623579898,61.37524744059418,184.8042244640605,140.6992433795712,2.3950612593516656,0.0960853989312394,1645.4146745983876,-33.0017_25.1614,100.24407962213225,396.55668016194335,45.75708502024292,100.29789501224202,4.618065631297789,0.3667851773530178,2015,2,36,1,6,0.8660254037844386,0.5000000000000001,0.8140460935082178,0.02955811989967377,0.015529006244089476,0.05626132401975332,-70.7555773481667,53.946020532138895,4.59673642880001,1.1454959063735755,-1527.1500191554344,1164.3416586600713,4,0,3,2.515431763192589,0.5290468474813059,2.0414036487472567,0.16524845591131268,0.4161594707424886,0.49900891015340604,-66.003334,50.322778,4641.278644778616,1.702677607536316,1.702677607536316,1.702677607536316,1.702677607536316,1.702677607536316,1.702677607536316,1.702677607536316,0.851338803768158,0.851338803768158,0.851338803768158,0.851338803768158,0.851338803768158,0.851338803768158,,,348.3767645247885,0.851338803768158,5,369.608448928121,4.8967715837733294e-06,,99.21346681621428,7.4,13616.593542926657,1.4974492804261295e-06,-8.591729232890447,-0.019444027977392895,0.014907836914062556
-32.605278,25.885,2013-07-15,14264.0,9698.5,13676.5,11753.0,0.0210268248599702,-0.1701818181818174,1.8940001000000002,130,1.219136118888855,631,30,3,2,22,71,4032.678260869565,629,-0.0007478930056095,1802,3494,0.011022683579517,11.972758293151855,27.054129123687744,0.0,3,97,2.980232238769531e-07,0.1580142974853515,0.1623929341634114,288.016742070516,4.956925571992979,0.2176128343572563,2.2441350091602983,0.1507105868240377,0.2424622405838803,75.83465332529656,220.18284993694823,179.48455233291298,2.8156493359316017,0.144557195444313,1993.7640166675803,-32.6053_25.885,129.67349669966583,544.5504496699258,38.51608910891089,122.79320793091918,4.818612495505705,0.2928976409458186,2013,7,196,3,29,-0.4999999999999997,-0.8660254037844388,-0.973118337233262,-0.0035783832852603666,0.00044212736369186076,0.028961851239669156,-61.754399792527806,49.02619258850001,3.587236378800011,1.062639662763542,-882.1074011257352,700.2961323666573,5,1,3,1.5522859053830937,0.26507115394423075,3.435475452895566,6.043167003460439,9.388417529047262,5.8873257196728845,-228.236946,181.19500000000002,3322.0633028749253,2.43827223777771,3.657408356666565,4.87654447555542,6.095680594444275,7.31481671333313,7.31481671333313,7.31481671333313,1.219136118888855,1.219136118888855,1.219136118888855,1.219136118888855,1.219136118888855,1.219136118888855,,,0.0,1.219136118888855,5,440.36569987389646,3.6333087649609297e-07,,51.2405232656775,7.1,7792.042129759608,4.839686577421767e-08,-5.294866763633726,-0.0016783728769943981,-0.0482685830858019
-32.043333,27.822778,2012-06-04,12183.0,9605.5,12027.0,10416.0,0.0064436183395291,-0.1119380561654912,1.3969999999999998,50,1.7268855571746826,780,60,1,2,28,67,4390.017391304348,781,-0.0013547893613576,1778,3561,0.8499336676821312,9.674565315246582,12.2388813495636,0.0,2,98,7.063150405883789e-06,0.2484152052137586,0.1597366333007812,285.59279441833496,32.35909346582117,0.6757461417075135,3.190795491264453,0.0108991313178631,1.558191103231443,43.25959251781048,196.6036604607132,249.9438308614705,2.488236788114856,0.4652227498014931,2223.134863555915,-32.0433_27.8228,123.25419014219513,510.1924471545122,36.76361788618293,88.36434076914189,4.492721729780151,0.41327443809170694,2012,6,156,2,23,1.2246467991473532e-16,-1.0,-0.8977433935342337,-0.0007212861115991976,4.1520217305515754e-05,0.012530128418108662,-44.76453620099999,38.868420865999994,1.9516089999999995,0.8742179554522472,-392.1745506315558,340.51967875724847,4,2,0,0.8085026199792285,-0.1293088324666919,4.299388409014381,55.88045114939222,45.205653571752165,8.270376850783649,-192.259998,166.936668,1081.4806822059331,3.4537711143493652,5.180656671524048,6.9075422286987305,8.634427785873413,12.088198900222778,20.72262668609619,22.449512243270874,1.7268855571746826,1.7268855571746826,1.7268855571746826,1.7268855571746826,1.7268855571746826,1.7268855571746826,1.7268855571746826,0.0,0.0,1.7268855571746826,5,393.2073209214264,1.2197252424073213e-05,0.8033864475012894,17.09771724534035,6.7,3495.336325176311,1.1282438663329226e-06,-5.118494133155821,-0.004322855785832878,-0.07382763756646055
-32.515278,28.015556,2014-01-13,15493.5,10272.0,12746.0,10389.0,0.0972927990934683,-0.1074811017464588,1.318,102,1.7544153928756714,148,30,4,4,22,61,5336.408695652174,148,-0.0033454820513725,4143,7163,0.08850271913379,15.354616165161133,38.4388370513916,0.0,5,99,1.937150955200196e-06,0.1938097212049696,0.2368507385253906,291.81051381429035,1.624294385871219,0.216850380040921,41.4081753443669,0.0661606257536613,0.2996362015977196,13.108733032520757,205.8630914826499,342.34984227129337,1.4384102635867873,0.2177711146769087,3011.0988259498013,-32.5153_28.0156,106.83844744121714,433.7159336099585,50.31327800829875,33.023847199148946,3.527061666968668,0.7187523106980583,2014,1,13,1,3,0.49999999999999994,0.8660254037844387,0.9750645322571948,-0.01045713723856284,0.009465888755441987,0.011552187232632627,-42.85513640400001,36.924502808,1.7371240000000001,0.84070474491756,-1249.8494727226982,1076.8853919881362,2,2,0,0.7508194387203647,-0.17286346413479659,2.525007517970598,2.8496870731340023,2.140820000578267,8.335476422925304,-32.515278,28.015556,1269.3982812981412,3.5088307857513428,5.263246178627014,5.263246178627014,5.263246178627014,5.263246178627014,5.263246178627014,5.263246178627014,1.7544153928756714,1.7544153928756714,1.7544153928756714,1.7544153928756714,1.7544153928756714,1.7544153928756714,,,0.0,1.7544153928756714,2,823.4523659305996,3.3985674541270345e-06,,50.66238723373413,6.1,11216.856790390364,4.588156343743323e-07,-7.7012676076583855,-0.13853030739466476,-0.009817949930826825
-32.99163889,27.64002778,2013-05-30,16178.5,9203.0,12425.5,10140.5,0.1312054258145714,-0.1489932265298095,1.337,349,1.7668724060058594,160,10,6,3,25,63,6314.313043478261,160,-0.0015647988766431,4144,7746,3.0928937079408123,27.0564193725586,27.0564193725586,27.0564193725586,1,100,1.6391277313232425e-07,0.2156092325846354,0.2071367899576822,289.0405985514323,1.848000040601443,1.190679600481804,58.66912700131276,0.9398388122724632,0.2428473791768734,27.11364343813017,192.2745591939547,369.0210957178842,1.940785565696371,0.5749613178391901,3922.0896013580114,-32.9916_27.64,120.45334559710494,476.2898914354644,42.100723763570564,15.613324365592023,2.8102050460191297,0.8554452001310441,2013,5,150,2,22,0.49999999999999994,-0.8660254037844387,-0.8475409228928311,-0.019548719730330552,0.017214863763183,0.02219898155176313,-44.109821195929996,36.95471714186,1.787569,0.848868055556721,-892.6356175958537,747.8401830848499,3,2,0,0.7562762988199323,-0.1692108850400953,3.4310612475690863,3.2651802780363974,2.470776054284129,32.21552660898622,-164.95819444999998,138.2001389,422.44065183524526,3.5337448120117188,5.300617218017578,7.0674896240234375,8.834362030029297,12.368106842041016,21.202468872070312,24.73621368408203,1.7668724060058594,1.7668724060058594,1.7668724060058594,1.7668724060058594,1.7668724060058594,1.7668724060058594,1.7668724060058594,0.0,315.0642490661364,1.7668724060058594,1,576.8236775818641,2.8961295583940233e-07,1.0158832870108294,36.174432701110845,6.3,7820.403650102907,3.395236565969146e-08,-6.833782175117629,-0.09180538402528557,-0.06159075101216638
-32.08639,25.57556,2015-04-09,15629.0,10259.5,12621.0,10268.0,0.1064778761061946,-0.1032101571206918,2.136,164,0.9414331912994384,898,60,4,5,21,68,5029.426086956521,897,-0.0025844294577836,2188,4018,0.0522290631885286,28.346120834350582,85.08463191986084,28.346120834350582,7,101,4.4703483581542975e-08,0.2125818464491102,0.2781778971354167,289.55978202819824,7.095884476719371,0.3812924468209182,3.7430742552621568,0.2647045378714183,0.5170197413363308,69.69987478227881,188.2469993682881,179.50126342387873,3.4355267674755505,0.4272828468475174,2970.2395286879614,-32.0864_25.5756,110.60336520245478,457.97399870801036,45.71188630490956,183.4214918192583,5.217223854327048,0.1597388606266151,2015,4,99,2,15,0.8660254037844387,-0.4999999999999998,-0.1330147065341959,-0.0109895983227979,0.011337538100086126,0.010652336532877888,-68.53652904,54.62939616,4.562496,1.1429481024881614,-2730.058682787104,2176.087108744316,5,0,3,2.266473655341932,0.47900669297339626,3.2377544552666264,6.680301168010063,15.156809242272578,32.44212749158093,-128.34556,102.30224,15606.35011763336,1.8828663825988767,2.824299573898315,3.7657327651977535,4.7071659564971915,6.5900323390960684,7.531465530395507,7.531465530395507,0.9414331912994384,0.9414331912994384,0.9414331912994384,0.9414331912994384,0.9414331912994384,0.9414331912994384,0.9414331912994384,0.0,389.5354275220312,0.9414331912994384,5,941.2349968414405,4.208534321037405e-08,0.40225825409516747,181.74077378082276,6.8,24637.08747266438,1.2435521057341251e-08,-8.925724496866863,-0.00967371136797093,0.0792467655279698
-33.731111,24.618333,2014-04-24,15315.0,8735.0,11011.0,9173.0,0.1634885664362227,-0.1152638509065121,1.5859999999999999,318,1.5277236700057983,112,10,47,5,18,60,7232.617391304348,153,-0.0015835650265216,2645,6716,0.0664581003366822,19.340160369873047,74.56888628005981,38.680320739746094,6,102,0.0001453161239624,0.2130932278103298,0.4015712738037109,286.20293045043945,2.63495362391042,0.1924823683634469,34.00786032573553,1.3588668114268267,0.5560601752721801,14.984479798577052,260.8192999053926,540.7291075370546,-0.8229040366649734,0.2251136597352838,3027.098205202035,-33.7311_24.6183,110.60336520245478,457.97399870801036,45.71188630490956,41.36525586583466,3.746328589189245,0.661230650224401,2014,4,114,2,17,0.8660254037844387,-0.4999999999999998,-0.3816892202666588,-0.018844321746624173,0.026728511355371205,0.01328575532579865,-53.49754204599999,39.04467613799999,2.5153959999999995,0.9501122803496657,-2515.2913802590747,1835.7616738816437,0,1,2,1.0374667646730324,0.022397583160783774,-1.2579928789930641,4.025481020615505,4.179036447521926,14.353195837410455,-134.924444,98.473332,3084.5610606050022,3.0554473400115967,4.583171010017395,6.110894680023193,7.638618350028992,10.694065690040588,13.749513030052185,13.749513030052185,1.5277236700057983,1.5277236700057983,1.5277236700057983,1.5277236700057983,1.5277236700057983,1.5277236700057983,1.5277236700057983,0.0,-1496.0190275829486,1.5277236700057983,2,1304.096499526963,0.0002220028822108553,0.34391146641922427,118.26625364017485,6.0,21341.833773778686,5.835478100379893e-05,-13.545445211084363,-0.053853658238666245,0.18909163702101933
-32.00055556,28.58166667,2014-04-09,10256.5,10433.0,8827.0,8500.0,0.0749076427280111,0.0833852544132913,1.291,118,1.990221738815308,332,80,10,4,24,70,4637.843478260869,328,-0.002847347408533,3125,6593,0.3772979669069599,25.07405662536621,45.311614990234375,0.0,3,103,1.1175870895385742e-06,0.2433954874674479,0.22308349609375,291.81843694051105,8.103756823152859,0.0109042160830773,30.144170841270967,2.129443735314053,1.8100571081591328,28.66577294856418,175.281389748882,375.94324045407626,-1.6145453242132215,0.3145368905390403,3002.7820183687754,-32.0006_28.5817,110.60336520245478,457.97399870801036,45.71188630490956,41.35409007326997,3.7460649943159474,0.6613044859892766,2014,4,99,2,15,0.8660254037844387,-0.4999999999999998,-0.1330147065341959,0.006246192846375136,0.005611154939067355,0.006953100653569315,-41.31271722796,36.89893167097,1.6666809999999999,0.8289884034713584,-1449.996853008324,1295.0814759302543,0,3,0,0.6483456738314287,-0.2666935087730331,-3.214917747875976,16.1282729955117,10.46195005869034,0.49408764092672014,-128.00222224,114.32666668,1873.8206076714823,3.980443477630616,5.970665216445925,7.960886955261232,9.95110869407654,13.931552171707157,17.911995649337772,17.911995649337772,1.990221738815308,1.990221738815308,1.990221738815308,1.990221738815308,1.990221738815308,1.990221738815308,1.990221738815308,0.0,-0.0,1.990221738815308,2,701.125558995528,2.2242461206190005e-06,0.625998157210169,58.49729495239257,7.0,13222.764661700425,2.4931523512350395e-07,-7.13879581126709,-0.08583092672726891,-0.01799872427275684
-32.08639,25.57556,2015-05-08,14327.0,10038.0,12965.5,11126.0,0.0498854996793991,-0.1272632425500462,2.136,164,0.9414331912994384,898,60,4,5,21,68,5029.426086956521,897,-0.0005858670920133,4045,6564,0.0522290631885286,2.921486616134644,2.921486616134644,2.921486616134644,1,104,2.9802322387695312e-08,0.1758039262559678,0.1060835520426432,288.82698313395184,7.095884476719371,0.3812924468209182,3.7430742552621568,0.2647045378714183,0.5170197413363308,69.69987478227881,188.2469993682881,179.50126342387873,3.4355267674755505,0.4272828468475174,2970.2395286879614,-32.0864_25.5756,120.45334559710494,476.2898914354644,42.100723763570564,183.4214918192583,5.217223854327048,0.1597388606266151,2015,5,128,2,19,0.49999999999999994,-0.8660254037844387,-0.5912614448635781,-0.00634859044542962,0.0024885630782633277,0.01619593290435189,-68.53652904,54.62939616,4.562496,1.1429481024881614,-93.73995894507648,74.71865624014855,5,0,3,2.266473655341932,0.47900669297339626,3.2377544552666264,6.680301168010063,15.156809242272578,1.113940780220543,-160.43195,127.8778,535.8634334614133,1.8828663825988767,2.824299573898315,3.7657327651977535,4.7071659564971915,6.5900323390960684,8.472898721694945,8.472898721694945,0.9414331912994384,0.9414331912994384,0.9414331912994384,0.9414331912994384,0.9414331912994384,0.9414331912994384,0.9414331912994384,0.0,40.14738188220855,0.9414331912994384,5,941.2349968414405,2.8056895473582696e-08,0.40225825409516747,6.2402954120636,6.8,843.8041656043869,3.1615362180067064e-09,-3.403838223425547,-0.0021929440291202883,-0.09284757956480368
-32.605278,25.885,2013-11-08,16131.0,10603.5,15794.5,13722.5,0.0105401638188908,-0.1966436851276604,1.8940001000000002,130,1.219136118888855,631,30,3,2,22,71,4032.678260869565,629,-0.0025299936532974,2072,3425,0.011022683579517,17.922313690185547,41.985772132873535,0.0,3,105,5.662441253662109e-07,0.1763070424397786,0.1579971313476562,290.0771077473958,4.956925571992979,0.2176128343572563,2.2441350091602983,0.1507105868240377,0.2424622405838803,75.83465332529656,220.18284993694823,179.48455233291298,2.8156493359316017,0.144557195444313,1993.7640166675803,-32.6053_25.885,122.35395532319392,505.8983269961977,45.876742712294046,122.79320793091918,4.818612495505705,0.2928976409458186,2013,11,312,4,45,-0.5000000000000004,0.8660254037844384,0.6118864012687242,-0.002072656655195921,0.0001110950533290547,0.03866873890058645,-61.754399792527806,49.02619258850001,3.587236378800011,1.062639662763542,-1368.9577724369944,1086.8017116594315,5,1,3,1.5522859053830937,0.26507115394423075,3.435475452895566,6.043167003460439,9.388417529047262,9.136642876512516,-358.658058,284.735,5155.567647652132,2.43827223777771,3.657408356666565,4.87654447555542,6.095680594444275,8.533952832221985,8.533952832221985,8.533952832221985,1.219136118888855,1.219136118888855,1.219136118888855,1.219136118888855,1.219136118888855,1.219136118888855,,,0.0,1.219136118888855,5,440.36569987389646,6.903286653425766e-07,,79.5210566182397,7.1,12179.111346845166,8.946494745032394e-08,-5.151540390792845,-0.005677647330318058,-0.052664385901557115
-33.731111,24.618333,2015-03-08,11480.5,8483.0,9524.0,8344.0,0.093146706658097,-0.0578108513355914,1.736,318,1.5277236700057983,112,10,47,5,18,60,7232.617391304348,153,-0.0005073696374893,2844,6209,0.0664581003366822,19.64804077148437,19.64804077148437,0.0,1,106,2.235174179077149e-07,0.1537990570068359,0.1395003000895182,293.1077003479004,2.63495362391042,0.1924823683634469,34.00786032573553,1.3588668114268267,0.5560601752721801,14.984479798577052,260.8192999053926,540.7291075370546,-0.8229040366649734,0.2251136597352838,3027.098205202035,-33.7311_24.6183,106.013235367335,421.7467787464508,47.294520547945204,41.36525586583466,3.746328589189245,0.661230650224401,2015,3,67,1,10,1.0,6.123233995736766e-17,0.40542572835999735,-0.005384890411011188,0.008676308961249572,0.00334209453214585,-58.557208696,42.737426088,3.013696,1.006496999760304,-662.7502441954649,483.7020105099792,0,1,2,1.1355878332108351,0.07878230257142205,-1.2579928789930641,4.025481020615505,4.57427949110849,3.7819014213968782,-101.193333,73.85499899999999,812.7462337748025,3.0554473400115967,4.583171010017395,6.110894680023193,7.638618350028992,10.694065690040588,15.277236700057983,15.277236700057983,1.5277236700057983,1.5277236700057983,1.5277236700057983,1.5277236700057983,1.5277236700057983,1.5277236700057983,1.5277236700057983,0.0,-0.0,1.5277236700057983,2,1304.096499526963,3.41472849996194e-07,0.34391146641922427,34.10899877929687,6.0,5758.992046871571,3.1180746873360476e-08,-4.705500106852848,-0.017254555765255183,-0.07297933669317336
-32.99163889,27.64002778,2014-05-27,16464.5,9282.0,12373.0,9781.0,0.1418812310359774,-0.1427383975987063,1.325,349,1.7668724060058594,160,10,6,3,25,63,6314.313043478261,160,-0.0015565548092126,3237,7316,3.0928937079408123,7.258900165557861,18.65036940574646,6.043002843856812,4,107,1.937150955200196e-07,0.2600960201687283,0.2518424987792969,290.72938474019367,1.848000040601443,1.190679600481804,58.66912700131276,0.9398388122724632,0.2428473791768734,27.11364343813017,192.2745591939547,369.0210957178842,1.940785565696371,0.5749613178391901,3922.0896013580114,-32.9916_27.64,120.45334559710494,476.2898914354644,42.100723763570564,15.613324365592023,2.8102050460191297,0.8554452001310441,2014,5,147,2,22,0.49999999999999994,-0.8660254037844387,-0.8190148866680801,-0.02025189956740725,0.0201302837202844,0.020374250149046362,-43.713921529249994,36.6230368085,1.755625,0.8437200390393196,-615.306252599491,515.4967284820942,3,2,0,0.7494884786360586,-0.17435890155749667,3.4310612475690863,3.2651802780363974,2.4486000537969117,22.206614392872257,-164.95819444999998,138.2001389,291.1942670700332,3.5337448120117188,5.300617218017578,7.0674896240234375,8.834362030029297,12.368106842041016,21.202468872070312,24.73621368408203,1.7668724060058594,1.7668724060058594,1.7668724060058594,1.7668724060058594,1.7668724060058594,1.7668724060058594,1.7668724060058594,0.0,70.36903615691654,1.7668724060058594,1,576.8236775818641,3.4226985690111194e-07,1.0158832870108294,24.71173946261406,6.3,5422.210422509999,4.8785693707031916e-08,-8.308696776881828,-0.09132171178619819,-0.016885042190551702
-32.515278,28.015556,2011-06-06,12269.0,9291.0,10075.0,8627.0,0.0981919083422842,-0.0404833212847256,1.3119999999999998,102,1.7544153928756714,148,30,4,4,22,61,5336.408695652174,148,-0.0007896097376942,3361,6867,0.08850271913379,10.692828178405762,39.72951698303223,0.0,5,108,6.139278411865234e-06,0.2143291897243923,0.2372945149739583,284.6433041890462,1.624294385871219,0.216850380040921,41.4081753443669,0.0661606257536613,0.2996362015977196,13.108733032520757,205.8630914826499,342.34984227129337,1.4384102635867873,0.2177711146769087,3011.0988259498013,-32.5153_28.0156,123.25419014219513,510.1924471545122,36.76361788618293,33.023847199148946,3.527061666968668,0.7187523106980583,2011,6,157,2,23,1.2246467991473532e-16,-1.0,-0.9051931898913974,-0.003975134572981019,0.00964165086389954,0.0016388993022423168,-42.660044735999996,36.756409471999994,1.7213439999999995,0.8381129508101309,-1291.8162895090143,1113.0445078910905,2,2,0,0.7474014443104084,-0.17545525824222563,2.525007517970598,2.8496870731340023,2.131074234263039,8.615360856612764,-195.09166800000003,168.093336,1312.0214981436493,3.5088307857513428,5.263246178627014,7.0176615715026855,7.0176615715026855,7.0176615715026855,7.0176615715026855,7.0176615715026855,1.7544153928756714,1.7544153928756714,1.7544153928756714,1.7544153928756714,1.7544153928756714,1.7544153928756714,,,0.0,1.7544153928756714,2,823.4523659305996,1.0770844546925673e-05,,52.125126281738275,6.1,11308.74098788512,1.4568170930336537e-06,-7.715697122253417,-0.03269629847206099,-0.009374173482259135
-32.605278,25.885,2013-06-19,14411.0,9949.0,13624.0,11672.5,0.0280720527911539,-0.1558986976625794,1.7269999999999999,130,1.219136118888855,631,30,3,2,22,71,4032.678260869565,629,-0.0005135610699653,1840,3625,0.011022683579517,9.844659805297852,9.844659805297852,0.0,1,109,1.1920928955078125e-07,0.1613862779405382,0.1454200744628906,287.744836807251,4.956925571992979,0.2176128343572563,2.2441350091602983,0.1507105868240377,0.2424622405838803,75.83465332529656,220.18284993694823,179.48455233291298,2.8156493359316017,0.144557195444313,1993.7640166675803,-32.6053_25.885,123.25419014219513,510.1924471545122,36.76361788618293,122.79320793091918,4.818612495505705,0.2928976409458186,2013,6,170,2,25,1.2246467991473532e-16,-1.0,-0.9769384927771817,-0.0043763964708560706,0.0007880401479093314,0.02430440393288834,-56.30931510599999,44.703395,2.9825289999999995,1.0032021038634513,-320.9878697671623,254.8290190601349,5,1,2,1.4154158484978974,0.20563359504414014,3.435475452895566,6.043167003460439,8.560610462831875,2.1423243235138205,-195.631668,155.31,1208.8573584811015,2.43827223777771,3.657408356666565,4.87654447555542,6.095680594444275,8.533952832221985,9.75308895111084,9.75308895111084,1.219136118888855,1.219136118888855,1.219136118888855,1.219136118888855,1.219136118888855,1.219136118888855,1.219136118888855,0.0,0.0,1.219136118888855,5,440.36569987389646,1.453323505984372e-07,0.17623489821143742,17.001727483749388,7.1,2832.7500290983335,1.7335423763142895e-08,-4.741461954643248,-0.001152500376450951,-0.06524144278632271
-32.043333,27.822778,2013-10-21,14253.0,10715.5,13934.0,11753.0,0.0113172739206016,-0.1305705998093262,1.6490001,50,1.7268855571746826,780,60,1,2,28,67,4390.017391304348,781,-0.0020376555621623,1261,2461,0.8499336676821312,16.30853271484375,23.39177417755127,16.30853271484375,2,110,0.0011045485734939,0.2082515292697482,0.3795617421468099,283.59877077738446,32.35909346582117,0.6757461417075135,3.190795491264453,0.0108991313178631,1.558191103231443,43.25959251781048,196.6036604607132,249.9438308614705,2.488236788114856,0.4652227498014931,2223.134863555915,-32.0433_27.8228,128.93517074592074,518.4723193473194,43.481351981351985,88.36434076914189,4.492721729780151,0.41327443809170694,2013,10,294,4,43,-0.8660254037844386,0.5000000000000001,0.341570769167856,-0.0014777032440193955,0.0001280806889939291,0.017048681534567216,-52.8394593213333,45.8797637042778,2.7192013298000104,0.9741822480400263,-749.5504094320764,650.8241399681416,4,2,2,0.954345670147466,-0.029344539878912834,4.299388409014381,55.88045114939222,53.36014836104845,15.806901148173715,-320.43332999999996,278.22778,2066.998704619954,3.4537711143493652,5.180656671524048,6.9075422286987305,8.634427785873413,12.088198900222778,20.72262668609619,24.176397800445557,1.7268855571746826,1.7268855571746826,1.7268855571746826,1.7268855571746826,1.7268855571746826,1.7268855571746826,1.7268855571746826,0.0,40.579491061248866,1.7268855571746826,5,393.2073209214264,0.0019074289787645144,0.8033864475012894,38.573037957959464,6.7,6633.8784030557035,0.0004192443808411184,-12.162423297670363,-0.006501742180497401,0.14599747127956814
-31.905,25.43,2013-09-10,12732.0,9729.5,13825.0,11978.0,-0.0411567571638362,-0.1738733575325302,1.9869999999999999,109,1.002436280250549,983,10,6,2,23,68,4708.4,985,-0.0001489492133259,1922,3218,0.0859722105818435,8.308650970458984,8.308650970458984,0.0,1,111,2.9802322387695312e-08,0.1475760142008463,0.0760650634765625,284.3979301452637,5.853894491721314,0.4366214064346009,3.6391110045716815,0.5566922932041161,1.0266167833844149,78.25377121038302,190.0041087231353,201.7269279393173,3.8249359314962224,0.3956764914971386,3236.572379486616,-31.905_25.43,128.38052861749696,525.4655451431681,39.254786376457076,205.6130930053817,5.330847928372485,0.12794805342477403,2013,9,253,3,37,-1.0,-1.8369701987210297e-16,-0.34964745525122826,0.007156063553227215,0.001693878660242982,0.030231944459635073,-63.395235,50.52941,3.9481689999999996,1.0942695392339727,-265.0875092124939,211.28899417877196,6,0,3,1.98019549333403,0.3994056928630205,3.838079483297238,5.8681562192602925,11.63168835505025,3.6277348722960134,-287.145,228.87,1708.367424738238,2.004872560501098,3.007308840751647,3.007308840751647,3.007308840751647,3.007308840751647,3.007308840751647,3.007308840751647,1.002436280250549,1.002436280250549,1.002436280250549,1.002436280250549,1.002436280250549,1.002436280250549,,,0.0,1.002436280250549,7,380.0082174462706,2.987492919714895e-08,,16.509289478302,6.8,2362.9631382979715,2.2669155441690236e-09,-2.426855850219727,-0.0005420427213365777,-0.04074830719918911
-32.99163889,27.64002778,2012-01-24,15167.171701112877,10052.005564387917,13070.99761526232,10768.70826709062,0.07575306330400698,-0.12369646812080179,1.3290001,349,1.7668724060058594,160,10,6,3,25,63,6314.313043478261,160,-0.0038657449185848,4555,7900,3.0928937079408123,19.2569637298584,62.44005298614502,0.0,4,112,1.7657876014709473e-05,0.2067241668701172,0.2407251993815104,294.4195836385091,1.848000040601443,1.190679600481804,58.66912700131276,0.9398388122724632,0.2428473791768734,27.11364343813017,192.2745591939547,369.0210957178842,1.940785565696371,0.5749613178391901,3922.0896013580114,-32.9916_27.64,106.83844744121714,433.7159336099585,50.31327800829875,15.613324365592023,2.8102050460191297,0.8554452001310441,2012,1,24,1,4,0.49999999999999994,0.8660254037844387,0.9158642882672872,-0.00937038638003718,0.005738526599940889,0.015300816225560534,-43.845891383973886,36.73359968362278,1.76624126580001,0.8454390338390858,-2059.9996803913623,1725.8447991217204,3,2,0,0.7517511419291847,-0.17263990675773044,3.4310612475690863,3.2651802780363974,2.455992238759322,74.34609734360583,-32.99163889,27.64002778,974.896800677435,3.5337448120117188,5.300617218017578,7.0674896240234375,8.834362030029297,12.368106842041016,21.202468872070312,24.73621368408203,1.7668724060058594,1.7668724060058594,1.7668724060058594,1.7668724060058594,1.7668724060058594,1.7668724060058594,1.7668724060058594,0.0,0.0,1.7668724060058594,1,576.8236775818641,3.119921387906288e-05,1.0158832870108294,82.98283666259204,6.3,18383.574402547263,4.250695724294928e-06,-7.941918849718042,-0.2267998795831311,-0.02800234158833817
-32.043333,27.822778,2014-04-07,13491.5,9234.5,11029.0,9418.5,0.1004261740176586,-0.0885582451205364,1.411,50,1.7268855571746826,780,60,1,2,28,67,4390.017391304348,781,-0.0028837826102972,2749,4784,0.8499336676821312,33.51220703125,67.18321800231934,8.065206527709961,3,113,7.748603820800781e-07,0.2354954613579644,0.2343762715657552,290.5647614796956,32.35909346582117,0.6757461417075135,3.190795491264453,0.0108991313178631,1.558191103231443,43.25959251781048,196.6036604607132,249.9438308614705,2.488236788114856,0.4652227498014931,2223.134863555915,-32.0433_27.8228,110.60336520245478,457.97399870801036,45.71188630490956,88.36434076914189,4.492721729780151,0.41327443809170694,2014,4,97,2,15,0.8660254037844387,-0.4999999999999998,-0.09882013873287143,-0.008893565735173454,0.010085416427825048,0.007842562778829007,-45.213142862999995,39.257939758,1.9909210000000002,0.880041599199034,-2152.774226459913,1869.2237598041343,4,2,1,0.8166050084400083,-0.1234851887199051,4.299388409014381,55.88045114939222,45.65868088027367,45.39880035256205,-128.173332,111.291112,5936.600769524493,3.4537711143493652,5.180656671524048,6.9075422286987305,8.634427785873413,12.088198900222778,20.72262668609619,24.176397800445557,1.7268855571746826,1.7268855571746826,1.7268855571746826,1.7268855571746826,1.7268855571746826,1.7268855571746826,1.7268855571746826,0.0,20.068143585992004,1.7268855571746826,5,393.2073209214264,1.3380952026409432e-06,0.8033864475012894,94.79552060127259,6.7,19521.07571428231,1.8160888733594521e-07,-7.5101969170799245,-0.009201560550723142,0.0008120006985134487
-32.00055556,28.58166667,2011-07-06,10754.0,11229.0,9285.5,8738.5,0.0732802714638588,0.0947378683370294,1.27200005,118,1.990221738815308,332,80,10,4,24,70,4637.843478260869,328,-0.0012955544516444,2989,5764,0.3772979669069599,9.776516914367676,21.781291604042053,0.0,4,114,1.0132789611816406e-06,0.2729869418674045,0.3302345275878906,284.6860771179199,8.103756823152859,0.0109042160830773,30.144170841270967,2.129443735314053,1.8100571081591328,28.66577294856418,175.281389748882,375.94324045407626,-1.6145453242132215,0.3145368905390403,3002.7820183687754,-32.0006_28.5817,129.67349669966583,544.5504496699258,38.51608910891089,41.35409007326997,3.7460649943159474,0.6613044859892766,2011,7,187,3,27,-0.4999999999999997,-0.8660254037844388,-0.9970011699250151,0.006942416709644828,0.005369998185816839,0.008975263697044317,-40.70470827234778,36.35588143332333,1.6179841272000024,0.8206605228659469,-697.0134321437093,622.5456162687996,0,3,0,0.6388038183817668,-0.27502138937844456,-3.214917747875976,16.1282729955117,10.307979084238276,0.23750791021899192,-224.00388892,200.07166669,900.745494905714,3.980443477630616,5.970665216445925,7.960886955261232,9.95110869407654,13.931552171707157,19.90221738815308,19.90221738815308,1.990221738815308,1.990221738815308,1.990221738815308,1.990221738815308,1.990221738815308,1.990221738815308,1.990221738815308,0.0,-0.0,1.990221738815308,2,701.125558995528,2.016649816027894e-06,0.625998157210169,27.70580400940607,7.0,6200.830461316218,3.3461969906056765e-07,-10.567688347906648,-0.03905341472453792,0.08915230722138379
-33.18536111,27.39075,2015-09-28,13347.109053497943,10103.822359396434,14054.699588477366,12064.713305898491,-0.018614553818789382,-0.1541439418532486,1.6190001,90,1.6152466535568235,7,60,2,3,20,63,6673.330434782609,7,-0.0040731374174356,4057,6987,0.0684319741939189,28.467893600463867,83.99844741821289,25.38287687301636,6,115,1.043081283569336e-06,0.2533304426405164,0.2731037139892578,291.1233056386312,0.2018437283064412,0.1614159023148939,66.86530317704474,0.0645663609259575,0.623044282817541,16.49092378426396,229.8037235721048,411.86052382455046,0.1315599961844975,0.2346974579260604,3548.4095545158957,-33.1854_27.3908,128.38052861749696,525.4655451431681,39.254786376457076,12.001694951701314,2.565079729862787,0.8869054039715253,2015,9,271,3,40,-1.0,-1.8369701987210297e-16,-0.04732138832243232,0.002869320701467637,0.0003465016138726064,0.02376035481005768,-53.727102955626115,44.345626989075,2.62116132380001,0.9627926037080865,-2787.5188102527422,2300.780473620415,1,1,2,1.0017036053483033,0.0010518880299917877,0.21263340357514257,0.32602740668841185,0.3267850163125012,13.558685183061003,-298.66824999000005,246.51675,1008.1237423299139,3.230493307113647,4.84573996067047,6.460986614227294,8.076233267784117,11.306726574897764,11.306726574897764,11.306726574897764,1.6152466535568235,1.6152466535568235,1.6152466535568235,1.6152466535568235,1.6152466535568235,1.6152466535568235,,,6.678742369131205,1.6152466535568235,1,689.4111707163144,1.684833552673126e-06,,135.9934947699314,6.3,24453.905680902884,2.8486937253546785e-07,-9.06304536921568,-0.2723515682985964,0.04709345499674483
-32.605278,25.885,2013-09-10,14749.0,10455.5,16345.0,14205.0,-0.0513282305267897,-0.2197533628103945,1.8940001000000002,130,1.219136118888855,631,30,3,2,22,71,4032.678260869565,629,-0.0005228202790021,1433,2691,0.011022683579517,9.895670890808104,19.79134178161621,0.0,2,116,1.4901161193847656e-07,0.15810669793023,0.1503378550211588,283.996156056722,4.956925571992979,0.2176128343572563,2.2441350091602983,0.1507105868240377,0.2424622405838803,75.83465332529656,220.18284993694823,179.48455233291298,2.8156493359316017,0.144557195444313,1993.7640166675803,-32.6053_25.885,128.38052861749696,525.4655451431681,39.254786376457076,122.79320793091918,4.818612495505705,0.2928976409458186,2013,9,253,3,37,-1.0,-1.8369701987210297e-16,-0.34964745525122826,0.011279551265369184,0.002634587249011266,0.04829154046647688,-61.754399792527806,49.02619258850001,3.587236378800011,1.062639662763542,-645.3022007826119,512.2988820171356,5,1,3,1.5522859053830937,0.26507115394423075,3.435475452895566,6.043167003460439,9.388417529047262,4.306849980830695,-293.447502,232.965,2430.242346621888,2.43827223777771,3.657408356666565,4.87654447555542,6.095680594444275,8.533952832221985,10.972225069999695,10.972225069999695,1.219136118888855,1.219136118888855,1.219136118888855,1.219136118888855,1.219136118888855,1.219136118888855,1.219136118888855,0.0,0.0,1.219136118888855,5,440.36569987389646,1.8166543824804648e-07,0.17623489821143742,37.484803313515286,7.1,5620.6649891838,2.2402086112075865e-08,-4.901807556888578,-0.0011732792916075672,-0.06032366222805452
-31.905,25.43,2013-08-14,12135.5,9670.0,13138.0,11553.0,-0.0396660533760658,-0.1520519116099607,1.9869999999999999,109,1.002436280250549,983,10,6,2,23,68,4708.4,985,-0.0004725009202957,2210,3838,0.0859722105818435,8.308650970458984,8.308650970458984,8.308650970458984,1,117,0.0,0.1492385864257812,0.103067398071289,281.2917785644531,5.853894491721314,0.4366214064346009,3.6391110045716815,0.5566922932041161,1.0266167833844149,78.25377121038302,190.0041087231353,201.7269279393173,3.8249359314962224,0.3956764914971386,3236.572379486616,-31.905_25.43,129.8754115225926,532.7413230451851,38.73888888888889,205.6130930053817,5.330847928372485,0.12794805342477403,2013,8,226,3,33,-0.8660254037844385,-0.5000000000000004,-0.7324940716135792,0.006031299241853541,0.0015733957904329012,0.023119783824243303,-63.395235,50.52941,3.9481689999999996,1.0942695392339727,-265.0875092124939,211.28899417877196,6,0,3,1.98019549333403,0.3994056928630205,3.838079483297238,5.8681562192602925,11.63168835505025,3.6277348722960134,-255.24,203.44,1708.367424738238,2.004872560501098,3.007308840751647,4.009745121002196,4.009745121002196,4.009745121002196,4.009745121002196,4.009745121002196,1.002436280250549,1.002436280250549,1.002436280250549,1.002436280250549,1.002436280250549,1.002436280250549,,,190.68034583501716,1.002436280250549,7,380.0082174462706,0.0,,16.509289478302,6.8,2337.155208951677,0.0,-3.2883653354644755,-0.0017194832987183289,-0.013745972604462614
-33.18536111,27.39075,2014-07-22,16256.5,8912.5,11946.5,9649.5,0.1528206219196539,-0.1454528021477532,1.5940001000000001,90,1.6152466535568235,7,60,2,3,20,63,6673.330434782609,7,-0.0008558444678783,4354,6695,0.0684319741939189,10.433755874633787,10.433755874633787,10.433755874633787,1,118,1.6391277313232425e-07,0.2004470825195312,0.1497383117675781,289.45891253153485,0.2018437283064412,0.1614159023148939,66.86530317704474,0.0645663609259575,0.623044282817541,16.49092378426396,229.8037235721048,411.86052382455046,0.1315599961844975,0.2346974579260604,3548.4095545158957,-33.1854_27.3908,129.67349669966583,544.5504496699258,38.51608910891089,12.001694951701314,2.565079729862787,0.8869054039715253,2014,7,203,3,30,-0.4999999999999997,-0.8660254037844388,-0.9383773917408642,-0.022228187684176014,0.023354142483909802,0.021156517652633437,-52.89746892787612,43.660858239075004,2.5408363188000105,0.9532011244447526,-346.2479564333062,285.7883987231254,1,1,2,0.9862356692229705,-0.008539591233342136,0.21263340357514257,0.32602740668841185,0.32173892310484015,1.6841741190373376,-232.29752777000002,191.73525,125.22275520787625,3.230493307113647,4.84573996067047,6.460986614227294,8.076233267784117,11.306726574897764,12.921973228454588,12.921973228454588,1.6152466535568235,1.6152466535568235,1.6152466535568235,1.6152466535568235,1.6152466535568235,1.6152466535568235,1.6152466535568235,0.0,2.745329766113599,1.6152466535568235,1,689.4111707163144,2.6475955827720554e-07,0.37909428351336244,16.631407907541846,6.3,3020.143629091009,2.4544021925976267e-08,-4.969119948008842,-0.05722629981707906,-0.07627194722493488
-32.043333,27.822778,2012-05-07,13681.04828042328,9736.467592592593,13037.4708994709,10927.805555555555,0.02767556715248159,-0.13611907853487948,1.3969999999999998,50,1.7268855571746826,780,60,1,2,28,67,4390.017391304348,781,-0.0016849376261234,2303,4542,0.8499336676821312,5.027146816253662,28.16761469841004,2.8612704277038574,8,119,7.37607479095459e-06,0.2710590362548828,0.2270704905192057,287.32106590271,32.35909346582117,0.6757461417075135,3.190795491264453,0.0108991313178631,1.558191103231443,43.25959251781048,196.6036604607132,249.9438308614705,2.488236788114856,0.4652227498014931,2223.134863555915,-32.0433_27.8228,120.45334559710494,476.2898914354644,42.100723763570564,88.36434076914189,4.492721729780151,0.41327443809170694,2012,5,128,2,19,0.49999999999999994,-0.8660254037844387,-0.5912614448635781,-0.0037671726987259725,0.000765937017211518,0.018528403541184686,-44.76453620099999,38.868420865999994,1.9516089999999995,0.8742179554522472,-902.5842575968475,783.7012905433995,4,2,0,0.8085026199792285,-0.1293088324666919,4.299388409014381,55.88045114939222,45.205653571752165,19.03415695355443,-160.21666499999998,139.11389,2489.012703864195,3.4537711143493652,5.180656671524048,6.9075422286987305,8.634427785873413,12.088198900222778,20.72262668609619,24.176397800445557,1.7268855571746826,1.7268855571746826,1.7268855571746826,1.7268855571746826,1.7268855571746826,1.7268855571746826,1.7268855571746826,0.0,7.119518338957867,1.7268855571746826,5,393.2073209214264,1.2737637025139747e-05,0.8033864475012894,39.35015773367882,6.7,8093.149079084015,1.6748889208884064e-06,-7.27609534218025,-0.005376291380496376,-0.006493780348036049
-32.08639,25.57556,2012-07-19,12863.5,10468.0,12101.5,10620.0,0.0305227318245543,-0.0723764372272311,2.068,164,0.9414331912994384,898,60,4,5,21,68,5029.426086956521,897,-0.0015540467575192,2193,4448,0.0522290631885286,15.97887134552002,15.97887134552002,0.0,1,120,3.0994415283203125e-06,0.2208003997802734,0.3117764790852864,281.7842566172282,7.095884476719371,0.3812924468209182,3.7430742552621568,0.2647045378714183,0.5170197413363308,69.69987478227881,188.2469993682881,179.50126342387873,3.4355267674755505,0.4272828468475174,2970.2395286879614,-32.0864_25.5756,129.67349669966583,544.5504496699258,38.51608910891089,183.4214918192583,5.217223854327048,0.1597388606266151,2012,7,201,3,29,-0.4999999999999997,-0.8660254037844388,-0.9497178427914317,-0.0022091265839034634,0.0009316371580336599,0.005238348665707324,-66.35465452000001,52.89025808,4.276624,1.1210258835050098,-512.7042977521801,408.668582829628,5,0,3,2.1943199996475258,0.45708447399024466,3.2377544552666264,6.680301168010063,14.674289097855661,6.092622952769985,-224.60473000000002,179.02892,2930.8684197832813,1.8828663825988767,2.824299573898315,3.7657327651977535,4.7071659564971915,6.5900323390960684,9.414331912994383,9.414331912994383,0.9414331912994384,0.9414331912994384,0.9414331912994384,0.9414331912994384,0.9414331912994384,0.9414331912994384,0.9414331912994384,0.0,0.0,0.9414331912994384,5,941.2349968414405,2.9179171292526003e-06,0.40225825409516747,33.0443059425354,6.8,4502.594383679688,9.66332966830426e-07,-10.003781700757342,-0.005816912409543749,0.1128453474778395
-33.001667,25.161389,2014-09-17,13075.5,10164.0,16105.5,14226.0,-0.1038346869538398,-0.226174841546279,2.042,80,0.851338803768158,338,20,6,2,20,74,3179.9304347826087,340,-0.0004257671535015,1122,2318,0.0067955300349302,7.487817764282227,7.487817764282227,0.0,1,121,4.51505184173584e-06,0.1526510450575086,0.1426175435384114,296.63260078430176,0.1941042217033892,0.0107835678724105,7.433768806225206,0.0,1.6753435623579898,61.37524744059418,184.8042244640605,140.6992433795712,2.3950612593516656,0.0960853989312394,1645.4146745983876,-33.0017_25.1614,128.38052861749696,525.4655451431681,39.254786376457076,100.29789501224202,4.618065631297789,0.3667851773530178,2014,9,260,3,38,-1.0,-1.8369701987210297e-16,-0.23449138957041052,0.023484793868792198,0.010781642214801908,0.05115505894848442,-67.389404014,51.37955633799999,4.169763999999999,1.112515193837101,-247.11046841352652,188.4038955282154,4,0,3,2.395760923910063,0.4960661349448314,2.0414036487472567,0.16524845591131268,0.39636082071832074,0.08074539107737844,-297.015003,226.45250099999998,751.0123599927796,1.702677607536316,2.554016411304474,2.554016411304474,2.554016411304474,2.554016411304474,2.554016411304474,2.554016411304474,0.851338803768158,0.851338803768158,0.851338803768158,0.851338803768158,0.851338803768158,0.851338803768158,,,0.0,0.851338803768158,5,369.608448928121,3.843838833894608e-06,,15.290123874664305,7.4,2221.1308576179326,6.439256026169458e-07,-4.706616680212655,-0.0031650545844147497,-0.10281689961751303
-31.905,25.43,2011-07-06,13018.5,10954.0,13163.5,12073.5,-0.0055381559850278,-0.0916139732559341,1.8880000000000001,109,1.002436280250549,983,10,6,2,23,68,4708.4,985,-0.0007401164621114,2622,4672,0.0859722105818435,9.407161712646484,23.00351428985596,0.0,4,122,1.1920928955078125e-07,0.187495125664605,0.2127469380696614,279.8396415710449,5.853894491721314,0.4366214064346009,3.6391110045716815,0.5566922932041161,1.0266167833844149,78.25377121038302,190.0041087231353,201.7269279393173,3.8249359314962224,0.3956764914971386,3236.572379486616,-31.905_25.43,129.67349669966583,544.5504496699258,38.51608910891089,205.6130930053817,5.330847928372485,0.12794805342477403,2011,7,187,3,27,-0.4999999999999997,-0.8660254037844388,-0.9970011699250151,0.0005073724742995282,3.067117171449924e-05,0.008393120095739007,-60.23664000000001,48.01184,3.5645440000000006,1.0605642210305797,-733.9271234178544,584.979368391037,6,0,3,1.881534520087896,0.36570037465962746,3.838079483297238,5.8681562192602925,11.052152800369841,10.04382676217535,-223.335,178.01,4729.82372313078,2.004872560501098,3.007308840751647,4.009745121002196,5.012181401252746,5.012181401252746,5.012181401252746,5.012181401252746,1.002436280250549,1.002436280250549,1.002436280250549,1.002436280250549,1.002436280250549,1.002436280250549,,,0.0,1.002436280250549,7,380.0082174462706,1.194997167885958e-07,,43.430634979248055,6.8,6437.295193747702,2.5361411341388394e-08,-6.787691059112547,-0.002693365961934256,0.0959335673939098
-32.08639,25.57556,2013-03-05,15543.5,10764.0,12807.0,10273.0,0.0965238708312022,-0.0866743031691481,1.861,164,0.9414331912994384,898,60,4,5,21,68,5029.426086956521,897,-0.0004312368109822,3660,5717,0.0522290631885286,12.297686576843262,29.07494831085205,0.0,4,123,1.5348196029663086e-06,0.1626404656304253,0.0953553517659505,300.776886622111,7.095884476719371,0.3812924468209182,3.7430742552621568,0.2647045378714183,0.5170197413363308,69.69987478227881,188.2469993682881,179.50126342387873,3.4355267674755505,0.4272828468475174,2970.2395286879614,-32.0864_25.5756,106.013235367335,421.7467787464508,47.294520547945204,183.4214918192583,5.217223854327048,0.1597388606266151,2013,3,64,1,10,1.0,6.123233995736766e-17,0.45207220393230435,-0.008366139243483312,0.009316857640238606,0.007512434829857397,-59.712771790000005,47.59611716,3.463321,1.0511712140679732,-932.9101307318401,743.6080850210952,5,0,3,1.9746757830483777,0.3872298045532081,3.2377544552666264,6.680301168010063,13.20544101117475,11.086058182636501,-96.25917000000001,76.72668,5332.970393744307,1.8828663825988767,2.824299573898315,3.7657327651977535,4.7071659564971915,6.5900323390960684,10.355765104293821,10.355765104293821,0.9414331912994384,0.9414331912994384,0.9414331912994384,0.9414331912994384,0.9414331912994384,0.9414331912994384,0.9414331912994384,0.0,0.0,0.9414331912994384,5,941.2349968414405,1.4449301168895088e-06,0.40225825409516747,54.10847880649567,6.8,8745.072431636885,1.4635326313812885e-07,-3.059609005349477,-0.0016141514051088257,-0.10357577984149638
-33.18536111,27.39075,2015-10-29,20018.0,9304.0,12432.0,9650.0,0.2337750385208012,-0.1439087228560906,1.6190001,90,1.6152466535568235,7,60,2,3,20,63,6673.330434782609,7,-0.00285548530519,3656,6796,0.0684319741939189,23.830251693725582,62.691730976104736,0.0,4,124,8.642673492431641e-07,0.2268276214599609,0.188507080078125,292.66502316792804,0.2018437283064412,0.1614159023148939,66.86530317704474,0.0645663609259575,0.623044282817541,16.49092378426396,229.8037235721048,411.86052382455046,0.1315599961844975,0.2346974579260604,3548.4095545158957,-33.1854_27.3908,128.93517074592074,518.4723193473194,43.481351981351985,12.001694951701314,2.565079729862787,0.8869054039715253,2015,10,302,4,44,-0.8660254037844386,0.5000000000000001,0.46735921715800205,-0.03364226722916189,0.05465076863540209,0.020709720514071096,-53.727102955626115,44.345626989075,2.62116132380001,0.9627926037080865,-2080.4477310530087,1717.1735302337408,1,1,2,1.0017036053483033,0.0010518880299917877,0.21263340357514257,0.32602740668841185,0.3267850163125012,10.11944232319053,-331.8536111,273.9075,752.4070311693331,3.230493307113647,4.84573996067047,6.460986614227294,8.076233267784117,11.306726574897764,14.537219882011412,14.537219882011412,1.6152466535568235,1.6152466535568235,1.6152466535568235,1.6152466535568235,1.6152466535568235,1.6152466535568235,1.6152466535568235,0.0,0.0,1.6152466535568235,1,689.4111707163144,1.3960049436434472e-06,0.37909428351336244,101.49791871948666,6.3,18347.676898559206,1.6292051441268995e-07,-6.255675524184266,-0.19093289064912547,-0.03750317891438798
-32.08639,25.57556,2012-12-03,16162.0,10654.0,14157.0,11210.5,0.0661301494112602,-0.1411873765668448,2.068,164,0.9414331912994384,898,60,4,5,21,68,5029.426086956521,897,-0.0030224518850445,3282,4907,0.0522290631885286,13.286466598510742,23.67575979232788,23.67575979232788,3,125,0.0001377761363983,0.1857223510742187,0.3561611175537109,290.79715220133465,7.095884476719371,0.3812924468209182,3.7430742552621568,0.2647045378714183,0.5170197413363308,69.69987478227881,188.2469993682881,179.50126342387873,3.4355267674755505,0.4272828468475174,2970.2395286879614,-32.0864_25.5756,118.20264897579143,476.55787709497207,52.9925512104283,183.4214918192583,5.217223854327048,0.1597388606266151,2012,12,338,4,49,-2.4492935982947064e-16,1.0,0.893918596519257,-0.009336742307349304,0.004373196661155598,0.019933875301828035,-66.35465452000001,52.89025808,4.276624,1.1210258835050098,-759.6696622429514,605.5208151142692,5,0,3,2.1943199996475258,0.45708447399024466,3.2377544552666264,6.680301168010063,14.674289097855661,9.02738838156101,-385.03668000000005,306.90672,4342.643181063193,1.8828663825988767,2.824299573898315,3.7657327651977535,4.7071659564971915,6.5900323390960684,11.29719829559326,11.29719829559326,0.9414331912994384,0.9414331912994384,0.9414331912994384,0.9414331912994384,0.9414331912994384,0.9414331912994384,0.9414331912994384,0.0,325.35482602745526,0.9414331912994384,5,941.2349968414405,0.0001297070277743583,0.40225825409516747,48.96147125053406,6.8,6884.84352381181,4.907050271185103e-05,-11.427924520664213,-0.011313261838678644,0.157229985946264
-32.99163889,27.64002778,2012-05-31,7593.0,4715.5,5605.5,5276.0,0.1505852937833844,-0.0862319542679964,1.3290001,349,1.7668724060058594,160,10,6,3,25,63,6314.313043478261,160,-0.0007915440946817,4265,7573,3.0928937079408123,9.168234825134276,22.5701208114624,4.538408279418945,5,126,1.937150955200196e-07,0.2006130218505859,0.1682065327962239,287.1925512949626,1.848000040601443,1.190679600481804,58.66912700131276,0.9398388122724632,0.2428473791768734,27.11364343813017,192.2745591939547,369.0210957178842,1.940785565696371,0.5749613178391901,3922.0896013580114,-32.9916_27.64,120.45334559710494,476.2898914354644,42.100723763570564,15.613324365592023,2.8102050460191297,0.8554452001310441,2012,5,152,2,22,0.49999999999999994,-0.8660254037844387,-0.865307254363206,-0.012985264166961606,0.022675930703828187,0.007435949936877823,-43.845891383973886,36.73359968362278,1.76624126580001,0.8454390338390858,-744.6252755154412,623.8387662267769,3,2,0,0.7517511419291847,-0.17263990675773044,3.4310612475690863,3.2651802780363974,2.455992238759322,26.8737824306181,-164.95819444999998,138.2001389,352.3946171999615,3.5337448120117188,5.300617218017578,7.0674896240234375,8.834362030029297,12.368106842041016,21.202468872070312,24.73621368408203,1.7668724060058594,1.7668724060058594,1.7668724060058594,1.7668724060058594,1.7668724060058594,1.7668724060058594,1.7668724060058594,0.0,52.84846367959915,1.7668724060058594,1,576.8236775818641,3.4226985690111194e-07,1.0158832870108294,29.995692815445608,6.3,6481.970578879417,3.2584144567711824e-08,-5.549409188951961,-0.046439201018019786,-0.10052100817362467
-31.905,25.43,2013-07-17,12464.0,9697.5,12935.0,11738.0,-0.0185440371668175,-0.1430465039213514,1.9869999999999999,109,1.002436280250549,983,10,6,2,23,68,4708.4,985,-0.0001383330672979,2172,3826,0.0859722105818435,5.666725158691406,13.324646472930908,0.0,3,127,5.21540641784668e-07,0.1513570149739583,0.084729512532552,282.7496198018392,5.853894491721314,0.4366214064346009,3.6391110045716815,0.5566922932041161,1.0266167833844149,78.25377121038302,190.0041087231353,201.7269279393173,3.8249359314962224,0.3956764914971386,3236.572379486616,-31.905_25.43,129.67349669966583,544.5504496699258,38.51608910891089,205.6130930053817,5.330847928372485,0.12794805342477403,2013,7,198,3,29,-0.4999999999999997,-0.8660254037844388,-0.9646141756912435,0.0026526596853008455,0.0003438813144443088,0.020462302284121204,-63.395235,50.52941,3.9481689999999996,1.0942695392339727,-425.1228457188606,338.845759806633,6,0,3,1.98019549333403,0.3994056928630205,3.838079483297238,5.8681562192602925,11.63168835505025,5.817825883254938,-223.335,178.01,2739.721774502574,2.004872560501098,3.007308840751647,4.009745121002196,5.012181401252746,6.014617681503294,6.014617681503294,6.014617681503294,1.002436280250549,1.002436280250549,1.002436280250549,1.002436280250549,1.002436280250549,1.002436280250549,,,0.0,1.002436280250549,7,380.0082174462706,5.228112609501067e-07,,26.476072541713712,6.8,3767.5387242151314,4.418988434432923e-08,-2.7032950973510714,-0.000503409387499943,-0.03208385814319961
-31.903056,25.482222,2012-04-25,13893.0,9273.0,12362.0,10217.0,0.0583127023424109,-0.1427779061705563,1.733,306,1.0192323923110962,971,60,9,3,22,66,5561.130434782609,968,-0.0011408012360334,2841,5237,0.0449728292176692,25.801734924316406,68.46361637115479,11.094083786010742,6,128,4.32133674621582e-06,0.1718673706054687,0.2169926961263021,288.22904141743976,4.684667407791398,0.1919875484196021,2.247474304275222,0.3165547203038925,0.4949725802398794,80.90813320896592,205.65195460277425,201.3240857503152,4.222173640601993,0.4031417466239699,3172.1821179889234,-31.9031_25.4822,110.60336520245478,457.97399870801036,45.71188630490956,204.90724675106944,5.327425808902835,0.12885436478689669,2012,4,116,2,17,0.8660254037844387,-0.4999999999999998,-0.4132786077829042,-0.008325765543596321,0.0034003712544746134,0.020385530490448178,-55.287996048000004,44.160690726000006,3.0032890000000005,1.005399906945931,-2184.1985870514677,1744.6050712926005,6,0,2,1.6986325988673001,0.30218735645150396,4.307598314104221,4.774764769225048,8.118528617702493,13.144161863038143,-127.612224,101.928888,14028.69113323477,2.0384647846221924,3.0576971769332886,3.0576971769332886,3.0576971769332886,3.0576971769332886,3.0576971769332886,3.0576971769332886,1.0192323923110962,1.0192323923110962,1.0192323923110962,1.0192323923110962,1.0192323923110962,1.0192323923110962,,,421.5703331513207,1.0192323923110962,7,616.9558638083228,4.404446389827399e-06,,118.64744717121125,6.6,19733.202518629278,9.376985114310326e-07,-6.922730136108399,-0.0025639214642704787,-0.035371939341227204
-34.096389,24.439167,2014-03-25,14744.5,8428.0,10806.5,9006.0,0.1541231262964267,-0.1236580103459922,1.3419999999999999,203,1.5622611045837402,37,10,14,5,22,55,7333.504347826087,41,-0.002404854632914,4252,7467,0.0257797022588172,6.356339454650879,6.356339454650879,0.0,1,129,0.0009439885616302,0.2229459550645616,0.2438952128092447,291.95442390441895,15.337325199280126,0.0212955191722306,38.69800866017778,8.771081520082511,0.7339020489629916,36.16872732131599,265.083728278041,737.6126382306476,0.5403433137443069,0.3323363226077756,4529.542748815165,-34.0964_24.4392,106.013235367335,421.7467787464508,47.294520547945204,3.803152312624292,1.569272434156615,0.9626825936479506,2014,3,84,1,13,1.0,6.123233995736766e-17,0.12447926388678915,-0.019058559146120195,0.02375393805938429,0.015291303522729515,-45.757354037999995,32.797362113999995,1.8009639999999996,0.8510052651755255,-216.72822266182425,155.34364144090176,1,1,0,0.8584618372868319,-0.09027505161127847,0.8446976854983637,23.960906607187404,20.582690417433927,0.1353615487217236,-102.289167,73.31750100000001,24.174127096780524,3.1245222091674805,4.686783313751221,6.249044418334961,7.811305522918701,10.935827732086182,12.498088836669922,12.498088836669922,1.5622611045837402,1.5622611045837402,1.5622611045837402,1.5622611045837402,1.5622611045837402,1.5622611045837402,1.5622611045837402,0.0,0.0,1.5622611045837402,1,1325.418641390205,0.0014747566130068124,0.5191961104505218,8.530207548141478,5.5,1855.7614236235258,0.00023023429112829043,-8.31594605118179,-0.09306308541097462,0.0029970275031195037
-33.094444,25.012778,2015-07-23,13329.0,9499.5,13145.0,11546.5,0.0069502153055828,-0.1609883194594707,2.182,90,0.6749870181083679,270,30,3,2,27,74,3921.5565217391295,270,-0.0013784253969788,1308,2602,0.0098575247019227,15.843125343322754,32.3097128868103,20.32360887527465,6,130,2.5346875190734863e-05,0.1578750610351562,0.2706216176350911,286.2301508585612,0.0514100592208398,0.1914042549955835,1.668397936669735,0.0,6.543609205822307,83.72096461661488,169.87653931165144,142.38838017050838,3.036363468987055,0.1057346316426757,1527.1320245466154,-33.0944_25.0128,129.67349669966583,544.5504496699258,38.51608910891089,96.41217142781841,4.578951166165848,0.38131795882946556,2015,7,204,3,30,-0.4999999999999997,-0.8660254037844388,-0.9322892131745134,-0.0011189034819272666,4.830549279395742e-05,0.025917239002384594,-72.212076808,54.577881596,4.761124,1.157509929915595,-1069.271983788622,808.1556756815253,5,0,3,3.227872638894675,0.6411076736444327,2.0525422872937393,0.03470112257424926,0.11217674921987243,6.18421652422113,-231.661108,175.089446,3115.0495776267485,1.3499740362167358,1.3499740362167358,1.3499740362167358,1.3499740362167358,1.3499740362167358,1.3499740362167358,1.3499740362167358,0.6749870181083679,0.6749870181083679,0.6749870181083679,0.6749870181083679,0.6749870181083679,0.6749870181083679,,,185.12959064059513,0.6749870181083679,5,339.7530786233029,1.7108811703359095e-05,,70.49979351902007,7.4,9248.013993788512,6.859412366111427e-06,-8.956071970013937,-0.0022997620881725902,0.1588244967990452
-32.802778,27.856389,2015-06-01,14958.0,8634.0,11684.5,9569.0,0.1228675987613775,-0.1501341142308726,1.556,270,1.9185377359390257,195,10,3,5,21,58,7465.347826086957,202,-0.0011523682624101,3739,7449,0.0238558502547706,14.95771312713623,14.95771312713623,0.0,1,131,6.350874900817871e-05,0.2065050337049696,0.3145427703857422,288.71792793273926,1.4901613073443385,0.1048143836019952,67.82384910797579,0.0216155825463071,0.1080779127315357,22.65762315901989,201.7384032817924,394.0643736194384,1.5850530284420763,0.2152241778866505,4024.841401072894,-32.8028_27.8564,123.25419014219513,510.1924471545122,36.76361788618293,22.159429129792642,3.1424020034283195,0.8012403685916639,2015,6,152,2,23,1.2246467991473532e-16,-1.0,-0.865307254363206,-0.018446618107713673,0.015096446825386854,0.022540252255888706,-51.041122568000006,43.344541284,2.421136,0.9384435365152884,-490.6545430971356,416.6678754199133,2,3,1,0.810611831623521,-0.13298175762269004,3.042569101558999,2.858930700776346,2.318690994227791,1.5677834815162561,-196.81666800000002,167.138334,331.4543839845444,3.8370754718780513,5.755613207817077,5.755613207817077,5.755613207817077,5.755613207817077,5.755613207817077,5.755613207817077,1.9185377359390257,1.9185377359390257,1.9185377359390257,1.9185377359390257,1.9185377359390257,1.9185377359390257,,,0.0,1.9185377359390257,2,1008.692016408962,0.00012184393153447103,,23.274201625823974,5.8,4318.559940679106,1.9976217856765288e-05,-10.317876668468477,-0.07815805114652287,0.02893048241024926
-34.096389,24.439167,2015-11-12,14635.5,8460.0,11053.0,8976.0,0.1394592911224867,-0.1328857684620502,1.507,203,1.5622611045837402,37,10,14,5,22,55,7333.504347826087,41,-0.0032448899000883,5776,7970,0.0257797022588172,46.04899597167969,81.45920848846436,67.49536514282227,4,132,0.0001415014266967,0.2625783284505208,0.2527631123860677,290.4392655690511,15.337325199280126,0.0212955191722306,38.69800866017778,8.771081520082511,0.7339020489629916,36.16872732131599,265.083728278041,737.6126382306476,0.5403433137443069,0.3323363226077756,4529.542748815165,-34.0964_24.4392,122.35395532319392,505.8983269961977,45.876742712294046,3.803152312624292,1.569272434156615,0.9626825936479506,2015,11,316,4,46,-0.5000000000000004,0.8660254037844384,0.6648553979642866,-0.01853215506998442,0.019448893880386498,0.017658627459749613,-51.383258223,36.829824669,2.2710489999999997,0.9190868191761563,-2777.4648602547827,1990.7951999373981,1,1,1,0.9640104238384917,-0.022193497610647706,0.8446976854983637,23.960906607187404,23.11334907531515,1.7347161361208223,-375.06027900000004,268.83083700000003,309.8017771474476,3.1245222091674805,4.686783313751221,6.249044418334961,7.811305522918701,10.935827732086182,14.060349941253662,14.060349941253662,1.5622611045837402,1.5622611045837402,1.5622611045837402,1.5622611045837402,1.5622611045837402,1.5622611045837402,1.5622611045837402,0.0,510.58936969116394,1.5622611045837402,1,1325.418641390205,0.00022106217517136172,0.5191961104505218,122.75902719211578,5.5,23658.9526872258,3.5766341018926906e-05,-8.618309404766082,-0.12557077745494044,0.011864927079942494
-32.99163889,27.64002778,2015-11-18,17012.0,9354.5,13105.5,10271.5,0.1297086411554744,-0.1670080142475504,1.5840001000000001,349,1.7668724060058594,160,10,6,3,25,63,6314.313043478261,160,-0.0033837473019957,4181,7226,3.0928937079408123,57.69956970214844,102.4957790374756,10.13187551498413,6,133,1.3202428817749023e-05,0.2505541907416449,0.3010247548421224,289.8515059153239,1.848000040601443,1.190679600481804,58.66912700131276,0.9398388122724632,0.2428473791768734,27.11364343813017,192.2745591939547,369.0210957178842,1.940785565696371,0.5749613178391901,3922.0896013580114,-32.9916_27.64,122.35395532319392,505.8983269961977,45.876742712294046,15.613324365592023,2.8102050460191297,0.8554452001310441,2015,11,322,4,47,-0.5000000000000004,0.8660254037844384,0.7383263540031063,-0.02166238259012387,0.016824331590399626,0.02789167682291,-52.25875930092389,43.78180676752278,2.5090563168000104,0.9493386246200451,-3381.5037297536264,2832.9861799285673,3,2,1,0.8959923208365017,-0.0687403159767711,3.4310612475690863,3.2651802780363974,2.92723224911269,122.03963323541272,-362.90802778999995,304.04030558,1600.2998442161538,3.5337448120117188,5.300617218017578,7.0674896240234375,8.834362030029297,12.368106842041016,21.202468872070312,24.73621368408203,1.7668724060058594,1.7668724060058594,1.7668724060058594,1.7668724060058594,1.7668724060058594,1.7668724060058594,1.7668724060058594,0.0,117.98278651748213,1.7668724060058594,1,576.8236775818641,2.332700717033731e-05,1.0158832870108294,162.35332424493927,6.3,29708.55590397659,3.974257898183471e-06,-9.93130000870208,-0.19852150020113513,0.0322972138722738
-32.08639,25.57556,2011-03-10,14278.5,10335.5,12794.5,10912.0,0.0548147600930816,-0.1063121487245996,1.8590001,164,0.9414331912994384,898,60,4,5,21,68,5029.426086956521,897,-0.0028577037155628,4417,7203,0.0522290631885286,17.054519653320312,97.02706289291382,34.51025724411011,8,134,7.590651512145996e-05,0.199541515774197,0.2854417165120442,293.9797299702962,7.095884476719371,0.3812924468209182,3.7430742552621568,0.2647045378714183,0.5170197413363308,69.69987478227881,188.2469993682881,179.50126342387873,3.4355267674755505,0.4272828468475174,2970.2395286879614,-32.0864_25.5756,106.013235367335,421.7467787464508,47.294520547945204,183.4214918192583,5.217223854327048,0.1597388606266151,2011,3,69,1,10,1.0,6.123233995736766e-17,0.37371971479046906,-0.005827474927318938,0.003004657924062091,0.011302272966441384,-59.648602218639006,47.544968597556,3.45588137180001,1.050471948317439,-3113.248180536561,2481.521468641491,5,0,3,1.9725537228127419,0.38653053880267385,3.2377544552666264,6.680301168010063,13.191249951809759,36.995686218286224,-96.25917000000001,76.72668,17796.848622659254,1.8828663825988767,2.824299573898315,3.7657327651977535,4.7071659564971915,6.5900323390960684,11.29719829559326,12.238631486892698,0.9414331912994384,0.9414331912994384,0.9414331912994384,0.9414331912994384,0.9414331912994384,0.9414331912994384,0.9414331912994384,0.0,474.2436500584292,0.9414331912994384,5,941.2349968414405,7.146091277121512e-05,0.40225825409516747,180.37331962063308,6.8,28523.98974906975,2.166688597071697e-05,-9.15879423827489,-0.010696597206890125,0.08651058490459732
-33.329167,26.0775,2015-07-22,12768.5,8970.0,10912.5,9209.0,0.0783750686204129,-0.0976989815164084,1.776,296,1.0588278770446775,271,10,9,5,16,60,6937.773913043478,270,-0.0011756811290979,3353,7247,1.1216865440546526,7.809212684631348,31.757794857025143,14.808895587921144,5,135,4.225969314575195e-05,0.2034681108262803,0.3784294128417969,285.30029487609863,0.1289192939941303,0.5908800974730974,32.285688525930034,0.1842366250445529,0.1718923919921738,45.84833529801846,246.48785871964677,401.3055818353831,0.0137503224503585,0.4121474828941143,3451.557829788984,-33.3292_26.0775,129.67349669966583,544.5504496699258,38.51608910891089,42.89048706618247,3.781697601068106,0.6512218765406007,2015,7,203,3,30,-0.4999999999999997,-0.8660254037844388,-0.9383773917408642,-0.00765716438049296,0.00614265138125443,0.00954509098934351,-59.192600592,46.31364,3.154176,1.021011042644558,-1058.460848341532,828.1638953840732,1,0,3,1.675743805637915,0.29838861816664863,0.014572975051243215,0.13650334236990364,0.2289606661335754,18.765048920649647,-233.304169,182.54250000000002,1362.1072895657132,2.117655754089355,3.1764836311340323,4.23531150817871,5.294139385223388,5.294139385223388,5.294139385223388,5.294139385223388,1.0588278770446775,1.0588278770446775,1.0588278770446775,1.0588278770446775,1.0588278770446775,1.0588278770446775,,,1.8326438052084635,1.0588278770446775,2,1232.439293598234,4.474574117807605e-05,,56.40184366607665,6.0,9060.508237323922,1.599231086402142e-05,-12.612737098316192,-0.03795767473986854,0.12862950279599147
-33.731111,24.618333,2012-07-26,12462.5,8451.5,10133.5,8602.0,0.1030713400601876,-0.0905030938929239,1.6940001,318,1.5277236700057983,112,10,47,5,18,60,7232.617391304348,153,-0.0015866197645664,2469,6877,0.0664581003366822,35.54302978515625,52.77098083496094,17.227951049804688,2,136,1.7881393432617188e-06,0.2231947580973307,0.2813568115234375,286.510404586792,2.63495362391042,0.1924823683634469,34.00786032573553,1.3588668114268267,0.5560601752721801,14.984479798577052,260.8192999053926,540.7291075370546,-0.8229040366649734,0.2251136597352838,3027.098205202035,-33.7311_24.6183,129.67349669966583,544.5504496699258,38.51608910891089,41.36525586583466,3.746328589189245,0.661230650224401,2012,7,208,3,30,-0.4999999999999997,-0.8660254037844388,-0.9051931898913975,-0.009328275167136647,0.010623701141802834,0.008190810004191399,-57.1405054071111,41.7034585638333,2.86963633880001,0.9910271151076964,-1780.02381212294,1299.1335789316863,0,1,2,1.108113999434296,0.06331241791881448,-1.2579928789930641,4.025481020615505,4.463611702399614,10.157483371975347,-236.117777,172.328331,2182.8851245292162,3.0554473400115967,4.583171010017395,6.110894680023193,7.638618350028992,10.694065690040588,16.80496037006378,16.80496037006378,1.5277236700057983,1.5277236700057983,1.5277236700057983,1.5277236700057983,1.5277236700057983,1.5277236700057983,1.5277236700057983,0.0,-666.3166717304896,1.5277236700057983,2,1304.096499526963,2.731782799969551e-06,0.34391146641922427,89.39404681152192,6.0,15119.435069466505,5.031051841797307e-07,-9.490477840103148,-0.05395754334342552,0.06887717474074595
-32.605278,25.885,2012-12-03,15908.0,9961.0,14036.0,11511.0,0.0625166978359604,-0.1698128932783257,1.9280000000000002,130,1.219136118888855,631,30,3,2,22,71,4032.678260869565,629,-0.0025841761380434,1930,3103,0.011022683579517,9.354532241821287,29.66144561767578,11.693165302276611,5,137,4.136562347412109e-05,0.1702798207600911,0.3413740793863932,291.345817565918,4.956925571992979,0.2176128343572563,2.2441350091602983,0.1507105868240377,0.2424622405838803,75.83465332529656,220.18284993694823,179.48455233291298,2.8156493359316017,0.144557195444313,1993.7640166675803,-32.6053_25.885,118.20264897579143,476.55787709497207,52.9925512104283,122.79320793091918,4.818612495505705,0.2928976409458186,2012,12,338,4,49,-2.4492935982947064e-16,1.0,0.893918596519257,-0.010616141337731278,0.003908337508312775,0.02883641872355603,-62.862975984,49.90628000000001,3.7171840000000005,1.074319596099065,-967.1196802462005,767.7865198135377,5,1,3,1.580151566823362,0.27675108727975384,3.435475452895566,6.043167003460439,9.556952502802465,6.454711251996046,-391.263336,310.62,3642.2240592629137,2.43827223777771,3.657408356666565,4.87654447555542,6.095680594444275,8.533952832221985,12.19136118888855,12.19136118888855,1.219136118888855,1.219136118888855,1.219136118888855,1.219136118888855,1.219136118888855,1.219136118888855,1.219136118888855,0.0,98.77155935488076,1.219136118888855,5,440.36569987389646,5.04303256576577e-05,0.17623489821143742,57.18726715087891,7.1,8641.738123668767,1.4121151631722262e-05,-11.13059676038742,-0.00579924014121985,0.13071256213717988
-33.094444,25.012778,2015-05-28,14180.0,9240.5,12344.0,10545.0,0.0692203287588599,-0.1437837336977917,2.182,90,0.6749870181083679,270,30,3,2,27,74,3921.5565217391295,270,-6.13778829574585e-05,1558,3145,0.0098575247019227,1.9740804433822632,3.478760004043579,0.7216547131538391,1,138,2.9802322387695312e-08,0.152314715915256,0.0268541971842447,288.6400515238444,0.0514100592208398,0.1914042549955835,1.668397936669735,0.0,6.543609205822307,83.72096461661488,169.87653931165144,142.38838017050838,3.036363468987055,0.1057346316426757,1527.1320245466154,-33.0944_25.0128,120.45334559710494,476.2898914354644,42.100723763570564,96.41217142781841,4.578951166165848,0.38131795882946556,2015,5,148,2,22,0.49999999999999994,-0.8660254037844387,-0.8287700871745038,-0.009952757316737506,0.0047914539134846475,0.020673762076077483,-72.212076808,54.577881596,4.761124,1.157509929915595,-115.12762814326001,87.01345169642114,5,0,3,3.227872638894675,0.6411076736444327,2.0525422872937393,0.03470112257424926,0.11217674921987243,0.6658494668823943,-165.47222000000002,125.06389,335.3948058660878,1.3499740362167358,2.0249610543251038,2.0249610543251038,2.0249610543251038,2.0249610543251038,2.0249610543251038,2.0249610543251038,0.6749870181083679,0.6749870181083679,0.6749870181083679,0.6749870181083679,0.6749870181083679,0.6749870181083679,,,6.573618024727947,0.6749870181083679,5,339.7530786233029,2.0116180721174715e-08,,7.590654328823089,7.4,1004.1094668062279,8.003174419476002e-10,-0.8887247248789439,-0.00010240273328338025,-0.08494292365180124
-34.0325,24.196389,2011-11-08,14724.127245508982,10121.422155688622,14369.699850299401,12093.31886227545,0.01745591687600899,-0.1650375111213819,1.551,174,1.7914111614227295,63,10,11,5,19,55,7819.582608695652,71,-0.0026687839999794,3624,7021,0.0266974547016544,28.480329513549805,42.6529483795166,0.0,2,139,2.7045607566833496e-05,0.2503426869710286,0.2233257293701172,290.3836104075114,6.603322993811747,0.3097677765459869,42.32690633797491,11.380466118392048,0.4811784630955132,38.499667583614944,241.29779179810728,659.8078864353314,0.105490995399591,0.2698592697690339,3980.817210259225,-34.0325_24.1964,122.35395532319392,505.8983269961977,45.876742712294046,3.5064752989957704,1.505515317804536,0.9655428924440682,2011,11,312,4,45,-0.5000000000000004,0.8660254037844384,0.6118864012687242,-0.0028808810755582516,0.0003047090339821354,0.027237380077140255,-52.78440749999999,37.528599338999996,2.405601,0.9364854391596743,-1451.5864657258987,1032.0473309877034,1,3,1,0.8653148526306269,-0.09041999901804443,0.1890832375838207,11.829266513593717,10.241753963402019,13.212508982653613,-374.35749999999996,266.160279,149.56150992211664,1.7914111614227295,1.7914111614227295,1.7914111614227295,1.7914111614227295,1.7914111614227295,1.7914111614227295,1.7914111614227295,1.7914111614227295,1.7914111614227295,1.7914111614227295,1.7914111614227295,1.7914111614227295,1.7914111614227295,,,0.0,1.7914111614227295,1,1206.4889589905365,4.8449803262684554e-05,,66.15472293663025,5.5,12385.717144969243,6.039980036121051e-06,-7.6003328847885125,-0.11296137040341411,0.0
-32.515278,28.015556,2014-05-14,12587.5,9024.0,11153.5,9127.5,0.0604018364854049,-0.1055383471688757,1.318,102,1.7544153928756714,148,30,4,4,22,61,5336.408695652174,148,-0.0009957235306501,3492,6738,0.08850271913379,39.74864959716797,83.4759669303894,2.91868257522583,5,140,6.377696990966797e-06,0.2314980824788411,0.2301108042399088,287.6990203857422,1.624294385871219,0.216850380040921,41.4081753443669,0.0661606257536613,0.2996362015977196,13.108733032520757,205.8630914826499,342.34984227129337,1.4384102635867873,0.2177711146769087,3011.0988259498013,-32.5153_28.0156,120.45334559710494,476.2898914354644,42.100723763570564,33.023847199148946,3.527061666968668,0.7187523106980583,2014,5,134,2,20,0.49999999999999994,-0.8660254037844387,-0.6712599575675313,-0.006374709988634325,0.0036483818508095903,0.011138342723138133,-42.85513640400001,36.924502808,1.7371240000000001,0.84070474491756,-2714.244271060418,2338.6256261924723,2,2,0,0.7508194387203647,-0.17286346413479659,2.525007517970598,2.8496870731340023,2.140820000578267,18.101795153138294,-162.57639,140.07778,2756.69757671039,3.5088307857513428,5.263246178627014,7.0176615715026855,8.772076964378357,8.772076964378357,8.772076964378357,8.772076964378357,1.7544153928756714,1.7544153928756714,1.7544153928756714,1.7544153928756714,1.7544153928756714,1.7544153928756714,,,16.793051889426998,1.7544153928756714,2,823.4523659305996,1.1189129772049e-05,,110.02132441425324,6.1,24015.953911625642,1.4675769837898158e-06,-7.482116770664214,-0.041231094551671434,-0.016557884216308633
-33.18536111,27.39075,2012-09-20,16193.0,9405.0,12466.5,9768.0,0.1300266927196915,-0.1399766819834024,1.5340001,90,1.6152466535568235,7,60,2,3,20,63,6673.330434782609,7,-0.0021243281662464,3479,5975,0.0684319741939189,31.08116149902344,69.13940238952637,15.3233003616333,5,141,3.874301910400392e-07,0.2023448944091797,0.1941884358723958,292.1050039927165,0.2018437283064412,0.1614159023148939,66.86530317704474,0.0645663609259575,0.623044282817541,16.49092378426396,229.8037235721048,411.86052382455046,0.1315599961844975,0.2346974579260604,3548.4095545158957,-33.1854_27.3908,128.38052861749696,525.4655451431681,39.254786376457076,12.001694951701314,2.565079729862787,0.8869054039715253,2012,9,264,3,38,-1.0,-1.8369701987210297e-16,-0.1670516255021195,-0.01820070501617784,0.016906940819621075,0.01959347149908257,-50.90634726127612,42.017413239075005,2.35315630680001,0.9297991213622457,-2294.4160352260296,1893.7800860009195,1,1,1,0.9491126225221714,-0.031941594315848976,0.21263340357514257,0.32602740668841185,0.30962829940645364,11.16019902221793,-298.66824999000005,246.51675,829.7900166220244,3.230493307113647,4.84573996067047,6.460986614227294,8.076233267784117,11.306726574897764,16.152466535568234,16.152466535568234,1.6152466535568235,1.6152466535568235,1.6152466535568235,1.6152466535568235,1.6152466535568235,1.6152466535568235,1.6152466535568235,0.0,4.0318666742207725,1.6152466535568235,1,689.4111707163144,6.257953195643042e-07,0.37909428351336244,106.0598501794737,6.3,20195.965411046633,7.523446280780871e-08,-6.444213367811533,-0.14204384688360103,-0.03182182312011719
-33.329167,26.0775,2014-05-28,13681.04828042328,9736.467592592593,13037.4708994709,10927.805555555555,0.02767556715248159,-0.13611907853487948,1.5330000000000001,296,1.0588278770446775,271,10,9,5,16,60,6937.773913043478,270,-0.0016510831192135,3246,6834,1.1216865440546526,7.264729022979736,25.0588595867157,7.264729022979736,6,142,9.83476638793945e-07,0.1873844994439019,0.191653569539388,293.85580507914227,0.1289192939941303,0.5908800974730974,32.285688525930034,0.1842366250445529,0.1718923919921738,45.84833529801846,246.48785871964677,401.3055818353831,0.0137503224503585,0.4121474828941143,3451.557829788984,-33.3292_26.0775,120.45334559710494,476.2898914354644,42.100723763570564,42.89048706618247,3.781697601068106,0.6512218765406007,2014,5,148,2,22,0.49999999999999994,-0.8660254037844387,-0.8287700871745038,-0.0037671726987259725,0.000765937017211518,0.018528403541184686,-51.093613011,39.97680750000001,2.3500890000000005,0.9294043710195382,-835.1909159951985,653.4724108725786,1,0,1,1.4464612916908355,0.20678194654162885,0.014572975051243215,0.13650334236990364,0.19763327769300176,14.806781395163235,-166.64583499999998,130.3875,1074.7866929973122,2.117655754089355,3.1764836311340323,4.23531150817871,5.294139385223388,6.352967262268065,6.352967262268065,6.352967262268065,1.0588278770446775,1.0588278770446775,1.0588278770446775,1.0588278770446775,1.0588278770446775,1.0588278770446775,,,0.8990312992240431,1.0588278770446775,2,1232.439293598234,1.041332481577228e-06,,38.41523174643517,6.0,7363.691358219524,1.8848680838345894e-07,-6.387653825324375,-0.053306355317348064,-0.0581463405064174
-33.731111,24.618333,2015-05-07,16119.5,9197.0,11807.5,9622.0,0.1544025495040641,-0.1242828917612886,1.736,318,1.5277236700057983,112,10,47,5,18,60,7232.617391304348,153,-0.0004546344280242,3103,7241,0.0664581003366822,38.53166580200195,38.53166580200195,0.0,1,143,2.9802322387695312e-08,0.1629346211751302,0.1577053070068359,287.14208539326984,2.63495362391042,0.1924823683634469,34.00786032573553,1.3588668114268267,0.5560601752721801,14.984479798577052,260.8192999053926,540.7291075370546,-0.8229040366649734,0.2251136597352838,3027.098205202035,-33.7311_24.6183,120.45334559710494,476.2898914354644,42.100723763570564,41.36525586583466,3.746328589189245,0.661230650224401,2015,5,127,2,19,0.49999999999999994,-0.8660254037844387,-0.5772916165517272,-0.019189595347680603,0.023840147293354964,0.015446237184548177,-58.557208696,42.737426088,3.013696,1.006496999760304,-1299.7158961822317,948.5853797583961,0,1,2,1.1355878332108351,0.07878230257142205,-1.2579928789930641,4.025481020615505,4.57427949110849,7.41666629055817,-168.655555,123.091665,1593.8722148366421,3.0554473400115967,4.583171010017395,6.110894680023193,7.638618350028992,10.694065690040588,18.33268404006958,18.33268404006958,1.5277236700057983,1.5277236700057983,1.5277236700057983,1.5277236700057983,1.5277236700057983,1.5277236700057983,1.5277236700057983,0.0,-0.0,1.5277236700057983,2,1304.096499526963,4.552971333282585e-08,0.34391146641922427,66.89097183227538,6.0,11064.06287206338,4.699984401668188e-09,-5.319575215936659,-0.015461144127517656,-0.05477432977585564
-31.905,25.43,2012-03-12,14117.0,10588.5,12976.0,11284.0,0.042114199239656,-0.1013176600394657,1.7309999999999999,109,1.002436280250549,983,10,6,2,23,68,4708.4,985,-0.0004509221762418,3792,5811,0.0859722105818435,6.9817609786987305,13.96352195739746,0.0,2,144,0.0,0.15692138671875,0.0779953002929687,295.25256792704266,5.853894491721314,0.4366214064346009,3.6391110045716815,0.5566922932041161,1.0266167833844149,78.25377121038302,190.0041087231353,201.7269279393173,3.8249359314962224,0.3956764914971386,3236.572379486616,-31.905_25.43,106.013235367335,421.7467787464508,47.294520547945204,205.6130930053817,5.330847928372485,0.12794805342477403,2012,3,72,1,11,1.0,6.123233995736766e-17,0.3253420847119801,-0.0042669121213977914,0.001773605777597442,0.010265268235872744,-55.227554999999995,44.01933,2.9963609999999994,1.0046678424915678,-445.50616805076595,355.09236337661736,6,0,2,1.7250721685763493,0.3098039961206156,3.838079483297238,5.8681562192602925,10.133091365169593,6.09677259581931,-95.715,76.28999999999999,2871.082938909053,2.004872560501098,3.007308840751647,4.009745121002196,5.012181401252746,7.017053961753843,7.017053961753843,7.017053961753843,1.002436280250549,1.002436280250549,1.002436280250549,1.002436280250549,1.002436280250549,1.002436280250549,,,0.0,1.002436280250549,7,380.0082174462706,0.0,,24.170856508255,6.8,4122.765715227245,0.0,-2.488440055847166,-0.0016409558537669455,-0.03881807038278291
-32.761111,26.629444,2014-04-22,16268.5,10545.0,16821.0,13337.5,-0.0166971395759984,-0.2293356720017531,1.5340001,0,1.1457247734069824,437,20,2,2,24,71,5669.48695652174,435,-0.0013646781444549,2486,4317,6.09542329090875,12.367812156677246,25.9743013381958,20.89063549041748,3,145,9.752810001373292e-05,0.1828865475124783,0.2524388631184895,289.3394190470378,2.0275267015280547,5.949602508934431,15.30768878493418,0.1189420139660398,0.4541422351430611,40.5342510596652,219.78963992419452,271.2447883765004,2.3069118274696367,0.5807215846270154,2903.562138482244,-32.7611_26.6294,110.60336520245478,457.97399870801036,45.71188630490956,94.91138850833573,4.5634247288359395,0.38708387232357666,2014,4,112,2,17,0.8660254037844387,-0.4999999999999998,-0.3496474552512284,0.00382924972516866,0.0002787944700203721,0.05259485045249568,-50.2555475501111,40.849569758944405,2.35315630680001,0.9297991213622457,-850.9469692880812,691.6812029246101,4,1,1,1.3377229964627009,0.16585580192314464,2.6453929426250067,2.322987570684837,3.1102261628967063,154.5367684095487,-131.044444,106.517776,2465.2570055420865,1.1457247734069824,1.1457247734069824,1.1457247734069824,1.1457247734069824,1.1457247734069824,1.1457247734069824,1.1457247734069824,1.1457247734069824,1.1457247734069824,1.1457247734069824,1.1457247734069824,1.1457247734069824,1.1457247734069824,,,96.38570819240208,1.1457247734069824,5,439.57927984838904,0.00011174036028904767,,39.84458085022249,7.1,7515.389259346269,2.4619882689573082e-05,-8.27017761533864,-0.020890068326917057,0.011740366617838505
-32.761111,26.629444,2014-05-26,16268.5,10545.0,16821.0,13337.5,-0.0166971395759984,-0.2293356720017531,1.5340001,0,1.1457247734069824,437,20,2,2,24,71,5669.48695652174,435,-0.0014366311952471,2735,5424,6.09542329090875,3.6892104148864746,14.346211433410645,8.281298160552979,5,146,2.9802322387695312e-08,0.2212248908148871,0.2289581298828125,288.72876230875653,2.0275267015280547,5.949602508934431,15.30768878493418,0.1189420139660398,0.4541422351430611,40.5342510596652,219.78963992419452,271.2447883765004,2.3069118274696367,0.5807215846270154,2903.562138482244,-32.7611_26.6294,120.45334559710494,476.2898914354644,42.100723763570564,94.91138850833573,4.5634247288359395,0.38708387232357666,2014,5,146,2,22,0.49999999999999994,-0.8660254037844387,-0.8090169943749473,0.00382924972516866,0.0002787944700203721,0.05259485045249568,-50.2555475501111,40.849569758944405,2.35315630680001,0.9297991213622457,-469.9978251994352,382.0316339781685,4,1,1,1.3377229964627009,0.16585580192314464,2.6453929426250067,2.322987570684837,3.1102261628967063,85.35425553792379,-163.805555,133.14722,1361.6188469791657,2.291449546813965,2.291449546813965,2.291449546813965,2.291449546813965,2.291449546813965,2.291449546813965,2.291449546813965,1.1457247734069824,1.1457247734069824,1.1457247734069824,1.1457247734069824,1.1457247734069824,1.1457247734069824,,,38.208449346764425,1.1457247734069824,5,439.57927984838904,3.414525906464405e-08,,22.007089773473073,7.1,4142.163870988387,6.823484000051394e-09,-7.500922707443237,-0.02199150323557062,-0.011740366617838505
-32.802778,27.856389,2015-08-24,14958.0,8634.0,11684.5,9569.0,0.1228675987613775,-0.1501341142308726,1.556,270,1.9185377359390257,195,10,3,5,21,58,7465.347826086957,202,-0.0021249577403068,3905,6491,0.0238558502547706,4.932318687438965,9.86463737487793,0.0,2,147,2.831220626831055e-07,0.2338316175672743,0.2727851867675781,292.7136459350586,1.4901613073443385,0.1048143836019952,67.82384910797579,0.0216155825463071,0.1080779127315357,22.65762315901989,201.7384032817924,394.0643736194384,1.5850530284420763,0.2152241778866505,4024.841401072894,-32.8028_27.8564,129.8754115225926,532.7413230451851,38.73888888888889,22.159429129792642,3.1424020034283195,0.8012403685916639,2015,8,236,3,35,-0.8660254037844385,-0.5000000000000004,-0.6050560696488494,-0.018446618107713673,0.015096446825386854,0.022540252255888706,-51.041122568000006,43.344541284,2.421136,0.9384435365152884,-323.58750985862355,274.79317605853845,2,3,1,0.810611831623521,-0.13298175762269004,3.042569101558999,2.858930700776346,2.318690994227791,1.0339558859050342,-262.422224,222.851112,218.5947327997112,3.8370754718780513,5.755613207817077,7.674150943756103,7.674150943756103,7.674150943756103,7.674150943756103,7.674150943756103,1.9185377359390257,1.9185377359390257,1.9185377359390257,1.9185377359390257,1.9185377359390257,1.9185377359390257,,,0.0,1.9185377359390257,2,1008.692016408962,5.431803611344321e-07,,15.349375755310058,5.8,2887.513971827764,7.72315047470329e-08,-8.948111923225404,-0.1441228131393936,-0.012827101207914804
-32.99163889,27.64002778,2011-11-24,17585.0,9949.5,13643.0,10482.0,0.126232867939029,-0.1565539896153432,1.5819999999999999,349,1.7668724060058594,160,10,6,3,25,63,6314.313043478261,160,-0.0027096262201666,4700,7064,3.0928937079408123,28.812664031982425,28.812664031982425,0.0,1,148,0.0001515001058578,0.2481363084581163,0.4008776346842448,286.58288892110187,1.848000040601443,1.190679600481804,58.66912700131276,0.9398388122724632,0.2428473791768734,27.11364343813017,192.2745591939547,369.0210957178842,1.940785565696371,0.5749613178391901,3922.0896013580114,-32.9916_27.64,122.35395532319392,505.8983269961977,45.876742712294046,15.613324365592023,2.8102050460191297,0.8554452001310441,2011,11,328,4,47,-0.5000000000000004,0.8660254037844384,0.8039279618328208,-0.019762259096441734,0.015934736948112333,0.024509151664480987,-52.19277272397999,43.72652394796,2.5027239999999997,0.9485642924244507,-950.5770072020555,796.382834259801,3,2,1,0.8948609609073545,-0.06951464817236552,3.4310612475690863,3.2651802780363974,2.9235360642314823,34.30665129841728,-362.90802778999995,304.04030558,449.8614693681681,3.5337448120117188,5.300617218017578,7.0674896240234375,8.834362030029297,12.368106842041016,21.202468872070312,24.73621368408203,1.7668724060058594,1.7668724060058594,1.7668724060058594,1.7668724060058594,1.7668724060058594,1.7668724060058594,1.7668724060058594,0.0,0.0,1.7668724060058594,1,576.8236775818641,0.0002676813565471135,1.0158832870108294,45.581634498596195,6.3,8257.216495798646,6.073300409068757e-05,-13.225610162579942,-0.1589714048370413,0.13215009371439623
-32.579167,27.366667,2014-05-27,12323.0,8226.5,10719.0,8994.0,0.0696120128461071,-0.1315615845451419,1.3559999999999999,222,2.115182876586914,812,10,15,3,28,65,5752.286956521739,816,-0.0019814586266875,3140,5422,0.1811423624861438,3.0368757247924805,6.519695401191711,1.7547097206115725,2,149,1.940131187438965e-05,0.2984267340766058,0.254794438680013,288.75038083394367,8.067877584786434,0.8964827741805825,18.65766798907683,0.1300174078862781,0.2645811761136777,71.7137356593136,218.99464398235668,246.52016383112797,-0.0435902227207589,0.4287488139888815,3256.112547601436,-32.5792_27.3667,120.45334559710494,476.2898914354644,42.100723763570564,68.00271062315436,4.234145788219189,0.5066032600742068,2014,5,147,2,22,0.49999999999999994,-0.8660254037844387,-0.8190148866680801,-0.009158266713410624,0.00484583233248658,0.017308450528028523,-44.17735045199999,37.109200451999996,1.8387359999999997,0.8569652657893402,-212.40624526455676,178.42233298584497,0,3,0,0.6407763785458017,-0.2796435500306679,-0.09224488290827983,17.065036517739653,10.940042004970403,5.844794620072731,-162.89583499999998,136.833335,443.3569597183502,4.230365753173828,6.345548629760742,8.460731506347656,10.57591438293457,12.691097259521484,12.691097259521484,12.691097259521484,2.115182876586914,2.115182876586914,2.115182876586914,2.115182876586914,2.115182876586914,2.115182876586914,,,-1.1473228129760862,2.115182876586914,5,656.98393194707,4.103732266003135e-05,,8.84070696401596,6.5,1882.5645300154179,4.943346368690982e-06,-8.300990568427403,-0.0369693971908275,-0.029455025990804018
-32.802778,27.856389,2014-10-30,14831.0,9084.5,13506.5,10759.5,0.0467401852668725,-0.1957416670355442,1.52,270,1.9185377359390257,195,10,3,5,21,58,7465.347826086957,202,-0.0024556908756494,3899,7317,0.0238558502547706,21.53436279296875,60.64689636230469,43.0687255859375,3,150,6.8694353103637695e-06,0.2425223456488715,0.2749512990315755,291.7394879659017,1.4901613073443385,0.1048143836019952,67.82384910797579,0.0216155825463071,0.1080779127315357,22.65762315901989,201.7384032817924,394.0643736194384,1.5850530284420763,0.2152241778866505,4024.841401072894,-32.8028_27.8564,128.93517074592074,518.4723193473194,43.481351981351985,22.159429129792642,3.1424020034283195,0.8012403685916639,2014,10,303,4,44,-0.8660254037844386,0.5000000000000001,0.48250774176121763,-0.009149001781687805,0.002184644918781565,0.03831480021385385,-49.860222560000004,42.34171128,2.3104,0.9242589015233319,-1989.3866777616884,1689.4035367110444,2,3,1,0.7918573162389151,-0.1471663926146466,3.042569101558999,2.858930700776346,2.2650451871633943,6.356667059589051,-328.02778,278.56389,1343.90060188237,3.8370754718780513,5.755613207817077,7.674150943756103,9.592688679695128,9.592688679695128,9.592688679695128,9.592688679695128,1.9185377359390257,1.9185377359390257,1.9185377359390257,1.9185377359390257,1.9185377359390257,1.9185377359390257,,,204.7986417633929,1.9185377359390257,2,1008.692016408962,1.3179270867524904e-05,,92.18328247070312,5.8,17693.094491459873,1.8887601621978925e-06,-9.019166422944387,-0.16655440740587785,-0.010660988943917427
-32.99163889,27.64002778,2012-11-15,16912.0,10002.5,13444.5,10740.5,0.1142259483141995,-0.1467991640721621,1.5030000000000001,349,1.7668724060058594,160,10,6,3,25,63,6314.313043478261,160,-0.0041672103106975,4615,7510,3.0928937079408123,42.54248046875,126.44985151290894,12.391292095184326,7,151,2.5331974029541016e-07,0.2481083340115017,0.2715848286946614,295.81056722005206,1.848000040601443,1.190679600481804,58.66912700131276,0.9398388122724632,0.2428473791768734,27.11364343813017,192.2745591939547,369.0210957178842,1.940785565696371,0.5749613178391901,3922.0896013580114,-32.9916_27.64,122.35395532319392,505.8983269961977,45.876742712294046,15.613324365592023,2.8102050460191297,0.8554452001310441,2012,11,320,4,46,-0.5000000000000004,0.8660254037844384,0.7146733860429608,-0.01676827372787448,0.013047567268278173,0.021549994572285566,-49.58643325167,41.54296175334,2.2590090000000003,0.9174900124496372,-4171.787838808012,3495.0774085936782,3,2,1,0.8501744780301858,-0.10058892814717901,3.4310612475690863,3.2651802780363974,2.777544061023969,150.56125868037387,-362.90802778999995,304.04030558,1974.3025476519945,3.5337448120117188,5.300617218017578,7.0674896240234375,8.834362030029297,12.368106842041016,21.202468872070312,24.73621368408203,1.7668724060058594,1.7668724060058594,1.7668724060058594,1.7668724060058594,1.7668724060058594,1.7668724060058594,1.7668724060058594,0.0,144.2930450319677,1.7668724060058594,1,576.8236775818641,4.475836590245308e-07,1.0158832870108294,190.05412682390215,6.3,37405.20230092495,6.879779827310507e-08,-8.960028596296779,-0.24448659095949163,0.002857287724812807
-32.515278,28.015556,2013-05-08,17240.5,10271.5,11701.5,9038.0,0.1913827655310621,-0.0650798707504661,1.318,102,1.7544153928756714,148,30,4,4,22,61,5336.408695652174,148,-0.0034858817234635,3341,6988,0.08850271913379,15.56489086151123,48.73106980323792,0.0,5,152,3.129243850708008e-07,0.2278018527560763,0.2600663503011067,292.7999019622803,1.624294385871219,0.216850380040921,41.4081753443669,0.0661606257536613,0.2996362015977196,13.108733032520757,205.8630914826499,342.34984227129337,1.4384102635867873,0.2177711146769087,3011.0988259498013,-32.5153_28.0156,120.45334559710494,476.2898914354644,42.100723763570564,33.023847199148946,3.527061666968668,0.7187523106980583,2013,5,128,2,19,0.49999999999999994,-0.8660254037844387,-0.5912614448635781,-0.01245516564462828,0.03662736294231749,0.004235389576897374,-42.85513640400001,36.924502808,1.7371240000000001,0.84070474491756,-1584.5042818896864,1365.228015012521,2,2,0,0.7508194387203647,-0.17286346413479659,2.525007517970598,2.8496870731340023,2.140820000578267,10.567351006632792,-162.57639,140.07778,1609.2874030331905,3.5088307857513428,5.263246178627014,7.0176615715026855,8.772076964378357,10.526492357254028,10.526492357254028,10.526492357254028,1.7544153928756714,1.7544153928756714,1.7544153928756714,1.7544153928756714,1.7544153928756714,1.7544153928756714,,,0.0,1.7544153928756714,2,823.4523659305996,5.489993579743668e-07,,64.22755000066759,6.1,14268.4524609051,8.138110274558128e-08,-8.456129678485869,-0.14434400163490052,0.013397661844889275
-32.605278,25.885,2013-10-10,15316.0,10640.5,16707.5,14486.0,-0.043452464596312,-0.2218443761883859,1.8940001000000002,130,1.219136118888855,631,30,3,2,22,71,4032.678260869565,629,-0.0010823775082826,1280,2319,0.011022683579517,0.0,0.0,0.0,0,153,2.9802322387695312e-08,0.1540934244791666,0.1434033711751302,295.61533800760907,4.956925571992979,0.2176128343572563,2.2441350091602983,0.1507105868240377,0.2424622405838803,75.83465332529656,220.18284993694823,179.48455233291298,2.8156493359316017,0.144557195444313,1993.7640166675803,-32.6053_25.885,128.93517074592074,518.4723193473194,43.481351981351985,122.79320793091918,4.818612495505705,0.2928976409458186,2013,10,283,4,41,-0.8660254037844386,0.5000000000000001,0.15855938510313475,0.00963968490221676,0.001888116679493748,0.04921492724641408,-61.754399792527806,49.02619258850001,3.587236378800011,1.062639662763542,-0.0,0.0,5,1,3,1.5522859053830937,0.26507115394423075,3.435475452895566,6.043167003460439,9.388417529047262,0.0,-326.05278,258.85,0.0,2.43827223777771,3.657408356666565,4.87654447555542,6.095680594444275,8.533952832221985,13.410497307777405,13.410497307777405,1.219136118888855,1.219136118888855,1.219136118888855,1.219136118888855,1.219136118888855,1.219136118888855,1.219136118888855,0.0,0.0,1.219136118888855,5,440.36569987389646,3.63330876496093e-08,0.17623489821143742,0.0,7.1,0.0,4.273753499243563e-09,-4.6757067833023065,-0.0024290012594646733,-0.06725814607408312
-32.579167,27.366667,2014-03-04,15589.0,8887.0,11351.5,9096.0,0.1572910673521278,-0.1217728586604732,1.3559999999999999,222,2.115182876586914,812,10,15,3,28,65,5752.286956521739,816,-0.0024384558200836,4495,6956,0.1811423624861438,38.91073226928711,147.49826288223267,7.981348514556885,7,154,7.243454456329346e-05,0.3116927676730685,0.3898372650146484,289.9845161437988,8.067877584786434,0.8964827741805825,18.65766798907683,0.1300174078862781,0.2645811761136777,71.7137356593136,218.99464398235668,246.52016383112797,-0.0435902227207589,0.4287488139888815,3256.112547601436,-32.5792_27.3667,106.013235367335,421.7467787464508,47.294520547945204,68.00271062315436,4.234145788219189,0.5066032600742068,2014,3,63,1,10,1.0,6.123233995736766e-17,0.4673592171580022,-0.01915378291322563,0.024740479868771606,0.014828629106343583,-44.17735045199999,37.109200451999996,1.8387359999999997,0.8569652657893402,-4805.370538650159,4036.5358433765214,0,3,0,0.6407763785458017,-0.2796435500306679,-0.09224488290827983,17.065036517739653,10.940042004970403,132.2296518954808,-97.737501,82.10000099999999,10030.281688198418,4.230365753173828,6.345548629760742,8.460731506347656,10.57591438293457,14.806280136108398,14.806280136108398,14.806280136108398,2.115182876586914,2.115182876586914,2.115182876586914,2.115182876586914,2.115182876586914,2.115182876586914,,,-5.218631390422993,2.115182876586914,5,656.98393194707,0.00015321230833365007,,200.0076444683075,6.5,42772.21239395508,2.823768474513599e-05,-12.700573359735486,-0.045495899097151876,0.10558780034383136
-32.515278,28.015556,2011-01-19,15234.0,9528.0,10237.0,8548.0,0.1961838954104668,-0.035871490007589,1.3119999999999998,102,1.7544153928756714,148,30,4,4,22,61,5336.408695652174,148,-0.0056129759177565,4743,7308,0.08850271913379,25.682205200195312,69.64642333984375,17.0926513671875,4,155,3.725290298461914e-06,0.2208169301350911,0.2488950093587239,300.129607518514,1.624294385871219,0.216850380040921,41.4081753443669,0.0661606257536613,0.2996362015977196,13.108733032520757,205.8630914826499,342.34984227129337,1.4384102635867873,0.2177711146769087,3011.0988259498013,-32.5153_28.0156,106.83844744121714,433.7159336099585,50.31327800829875,33.023847199148946,3.527061666968668,0.7187523106980583,2011,1,19,1,3,0.49999999999999994,0.8660254037844387,0.9469877530760753,-0.007037408643866445,0.038488120818424974,0.0012867637953645572,-42.660044735999996,36.756409471999994,1.7213439999999995,0.8381129508101309,-2264.572816600708,1951.1832732770997,2,2,0,0.7474014443104084,-0.17545525824222563,2.525007517970598,2.8496870731340023,2.131074234263039,15.102853369735987,-32.515278,28.015556,2299.9928423422407,3.5088307857513428,5.263246178627014,7.0176615715026855,8.772076964378357,12.2809077501297,12.2809077501297,12.2809077501297,1.7544153928756714,1.7544153928756714,1.7544153928756714,1.7544153928756714,1.7544153928756714,1.7544153928756714,,,98.34498063389293,1.7544153928756714,2,823.4523659305996,6.535706642551986e-06,,91.37610742187499,6.1,20902.953702055576,9.272061636996415e-07,-8.09289042211151,-0.2324230910061699,0.00222632090250649
-32.515278,28.015556,2014-04-10,14961.0,10121.5,11054.0,8926.5,0.1501825869690563,-0.0440367405728316,1.318,102,1.7544153928756714,148,30,4,4,22,61,5336.408695652174,148,-0.0026822555810213,2849,5517,0.08850271913379,26.842744827270508,40.24276542663574,0.0,2,156,7.450580596923828e-08,0.2065679762098524,0.1970342000325521,293.2667719523112,1.624294385871219,0.216850380040921,41.4081753443669,0.0661606257536613,0.2996362015977196,13.108733032520757,205.8630914826499,342.34984227129337,1.4384102635867873,0.2177711146769087,3011.0988259498013,-32.5153_28.0156,110.60336520245478,457.97399870801036,45.71188630490956,33.023847199148946,3.527061666968668,0.7187523106980583,2014,4,100,2,15,0.8660254037844387,-0.4999999999999998,-0.1500553983446526,-0.0066135516209130515,0.022554809428718157,0.0019392345202788727,-42.85513640400001,36.924502808,1.7371240000000001,0.84070474491756,-1308.5047053358498,1127.4234484047774,2,2,0,0.7508194387203647,-0.17286346413479659,2.525007517970598,2.8496870731340023,2.140820000578267,8.726658976663597,-130.061112,112.062224,1328.9709363204129,3.5088307857513428,5.263246178627014,7.0176615715026855,8.772076964378357,12.2809077501297,14.035323143005371,14.035323143005371,1.7544153928756714,1.7544153928756714,1.7544153928756714,1.7544153928756714,1.7544153928756714,1.7544153928756714,1.7544153928756714,0.0,0.0,1.7544153928756714,2,823.4523659305996,1.3071413285103972e-07,0.3820609957128617,53.03996483230591,6.1,11801.865911103538,1.468019187692941e-08,-6.4066217895660404,-0.11106730941733671,-0.04963448842366533
-34.096389,24.439167,2014-01-07,15394.0,8462.5,10996.0,8837.5,0.1666540356195528,-0.1302001695916944,0.605,203,1.5622611045837402,37,10,14,5,22,55,7333.504347826087,41,-0.0028073564171791,5123,6876,0.0257797022588172,9.215959548950195,22.47916805744171,9.215959548950195,4,157,9.400397539138794e-05,0.2480161454942491,0.3265844980875651,295.9402535756429,15.337325199280126,0.0212955191722306,38.69800866017778,8.771081520082511,0.7339020489629916,36.16872732131599,265.083728278041,737.6126382306476,0.5403433137443069,0.3323363226077756,4529.542748815165,-34.0964_24.4392,106.83844744121714,433.7159336099585,50.31327800829875,3.803152312624292,1.569272434156615,0.9626825936479506,2014,1,7,1,2,0.49999999999999994,0.8660254037844387,0.9927487224577402,-0.021698383700806054,0.027773567588283175,0.01695208416170598,-20.628315345,14.785696035,0.366025,0.4731237565819792,-766.458458482907,549.3721421768836,1,1,0,0.38701148402275215,-0.4681565602048248,0.8446976854983637,23.960906607187404,9.279081745564476,0.4787055543430437,-34.096389,24.439167,85.49169998352956,3.1245222091674805,4.686783313751221,6.249044418334961,7.811305522918701,10.935827732086182,15.622611045837402,15.622611045837402,1.5622611045837402,1.5622611045837402,1.5622611045837402,1.5622611045837402,1.5622611045837402,1.5622611045837402,1.5622611045837402,0.0,69.71694970818531,1.5622611045837402,1,1325.418641390205,0.00014685875443021246,0.5191961104505218,13.599896674752236,5.5,6652.490695088792,3.0700241121432256e-05,-11.135352088163376,-0.10863910294420247,0.08568631278143993
-33.18536111,27.39075,2012-06-28,13564.0,8843.0,11268.5,9335.0,0.0924393436021343,-0.1206026402804359,1.3640001000000002,90,1.6152466535568235,7,60,2,3,20,63,6673.330434782609,7,-0.0011078640818595,3522,6872,0.0684319741939189,12.551769256591797,33.97419357299805,12.551769256591797,4,158,2.086162567138672e-07,0.2022936079237196,0.2245623270670572,286.614102045695,0.2018437283064412,0.1614159023148939,66.86530317704474,0.0645663609259575,0.623044282817541,16.49092378426396,229.8037235721048,411.86052382455046,0.1315599961844975,0.2346974579260604,3548.4095545158957,-33.1854_27.3908,123.25419014219513,510.1924471545122,36.76361788618293,12.001694951701314,2.565079729862787,0.8869054039715253,2012,6,180,2,26,1.2246467991473532e-16,-1.0,-0.99907411510223,-0.011148428904207815,0.008545032245593446,0.014544996842612219,-45.26483587257612,37.360985739075005,1.8604962728000105,0.8603551418450354,-1127.4458821409814,930.5786426095963,1,1,0,0.8439306568699078,-0.10138557383305935,0.21263340357514257,0.32602740668841185,0.2753148655943587,5.483975111006348,-199.11216666,164.3445,407.7479074931739,3.230493307113647,4.84573996067047,6.460986614227294,8.076233267784117,11.306726574897764,17.767713189125057,17.767713189125057,1.6152466535568235,1.6152466535568235,1.6152466535568235,1.6152466535568235,1.6152466535568235,1.6152466535568235,1.6152466535568235,0.0,3.30262143101182,1.6152466535568235,1,689.4111707163144,3.369667105346252e-07,0.37909428351336244,46.3408034309887,6.3,9737.482983651458,4.684735207168461e-08,-7.452181915422221,-0.07407766771249377,-0.001447931925455781
-33.771111,25.386667,2013-11-08,17001.5,9381.0,13052.0,10363.5,0.1314156421049129,-0.1636428475906024,1.7,310,1.0938864946365356,41,20,1,2,26,73,5182.4,42,-0.0027115987613797,2528,3851,11.839383506035778,28.918466567993164,71.68619108200073,0.0,4,159,2.9802322387695312e-08,0.1914225684271918,0.2146949768066406,291.0557861328125,3.1241119204481924,33.70925732029042,19.27728871984932,0.502354380102659,4.296020649133236,31.85052515628104,260.9519061583578,272.36083408884866,2.86542226281518,0.8665267226635075,2590.0876342832053,-33.7711_25.3867,122.35395532319392,505.8983269961977,45.876742712294046,25.53552911297582,3.278484556272343,0.7746412259068073,2013,11,312,4,45,-0.5000000000000004,0.8660254037844384,0.6118864012687242,-0.021505229891995416,0.017270070989846557,0.026778981567561127,-57.410888699999994,43.1573339,2.8899999999999997,0.9932517730102833,-2420.922316197457,1819.8734614971222,5,0,2,1.5526723622290557,0.2537524002750313,3.137312136987202,3.4174238375112886,5.310990264761927,2416.488261494671,-371.482221,279.253337,1830.5448193727773,2.1877729892730713,2.1877729892730713,2.1877729892730713,2.1877729892730713,2.1877729892730713,2.1877729892730713,2.1877729892730713,1.0938864946365356,1.0938864946365356,1.0938864946365356,1.0938864946365356,1.0938864946365356,1.0938864946365356,,,0.0,1.0938864946365356,2,521.9038123167156,3.2600357968703975e-08,,121.86652483940124,7.3,20864.680700238736,6.398408913810271e-09,-7.250487892879485,-0.052272272215502284,-0.024838765462239593
-34.096389,24.439167,2011-03-09,12003.0,8511.0,9158.0,8134.5,0.1344454420868579,-0.03661780519554,1.3,203,1.5622611045837402,37,10,14,5,22,55,7333.504347826087,41,-0.0034222109243273,3567,6611,0.0257797022588172,25.13570022583008,75.53009414672852,40.64006805419922,7,160,6.42240047454834e-06,0.18578126695421,0.1702963511149088,293.17614936828613,15.337325199280126,0.0212955191722306,38.69800866017778,8.771081520082511,0.7339020489629916,36.16872732131599,265.083728278041,737.6126382306476,0.5403433137443069,0.3323363226077756,4529.542748815165,-34.0964_24.4392,106.013235367335,421.7467787464508,47.294520547945204,3.803152312624292,1.569272434156615,0.9626825936479506,2011,3,68,1,10,1.0,6.123233995736766e-17,0.38963044953078796,-0.004923097007764817,0.018075576897930663,0.001340863657338516,-44.3253057,31.770917100000002,1.6900000000000002,0.832909122935104,-2575.303471233479,1845.8925843776208,1,1,0,0.8315949243464096,-0.10837119385170002,0.8446976854983637,23.960906607187404,19.938522759064163,1.6084525679820394,-102.289167,73.31750100000001,287.25245222686107,3.1245222091674805,4.686783313751221,6.249044418334961,7.811305522918701,10.935827732086182,17.184872150421143,17.184872150421143,1.5622611045837402,1.5622611045837402,1.5622611045837402,1.5622611045837402,1.5622611045837402,1.5622611045837402,1.5622611045837402,0.0,307.4342466048021,1.5622611045837402,1,1325.418641390205,1.0033466459447027e-05,0.5191961104505218,98.18912239074707,5.5,22143.622163361993,1.0937113662142408e-06,-5.806490632894514,-0.13243274798657287,-0.0706018341912164
-31.903056,25.482222,2012-12-03,16465.5,10506.0,14084.0,11861.0,0.0779554493526899,-0.1455063033753552,2.092,306,1.0192323923110962,971,60,9,3,22,66,5561.130434782609,968,-0.002964056096971,2920,4506,0.0449728292176692,7.358151912689209,25.28089714050293,11.556854724884031,4,161,1.3619661331176758e-05,0.1718366410997178,0.3340714772542317,291.0978520711263,4.684667407791398,0.1919875484196021,2.247474304275222,0.3165547203038925,0.4949725802398794,80.90813320896592,205.65195460277425,201.3240857503152,4.222173640601993,0.4031417466239699,3172.1821179889234,-31.9031_25.4822,118.20264897579143,476.55787709497207,52.9925512104283,204.90724675106944,5.327425808902835,0.12885436478689669,2012,12,338,4,49,-2.4492935982947064e-16,1.0,0.893918596519257,-0.011343009263274634,0.0060770520837798,0.021172084321960903,-66.74119315200001,53.308808424000006,4.376464,1.1288181307251755,-806.5378772037049,644.2134332934609,6,0,3,2.050513212250659,0.42560558023074846,4.307598314104221,4.774764769225048,9.800324217099606,4.853617463853287,-382.836672,305.786664,5180.239028457439,2.0384647846221924,3.0576971769332886,4.076929569244385,4.076929569244385,4.076929569244385,4.076929569244385,4.076929569244385,1.0192323923110962,1.0192323923110962,1.0192323923110962,1.0192323923110962,1.0192323923110962,1.0192323923110962,,,439.15542648904767,1.0192323923110962,7,616.9558638083228,1.3881600001042216e-05,,52.88763681793213,6.6,7359.214856031481,4.549940380608555e-06,-10.65790104684448,-0.0066616399143726275,0.0817068417867024
-31.905,25.43,2013-10-07,12986.5,9911.0,14071.0,12004.5,-0.0400813083248637,-0.1734634309065125,1.9869999999999999,109,1.002436280250549,983,10,6,2,23,68,4708.4,985,-0.0002251742407679,3292,5036,0.0859722105818435,5.5190510749816895,5.5190510749816895,0.0,1,162,0.0,0.1461329989963107,0.0767955780029296,286.7624905904134,5.853894491721314,0.4366214064346009,3.6391110045716815,0.5566922932041161,1.0266167833844149,78.25377121038302,190.0041087231353,201.7269279393173,3.8249359314962224,0.3956764914971386,3236.572379486616,-31.905_25.43,128.93517074592074,518.4723193473194,43.481351981351985,205.6130930053817,5.330847928372485,0.12794805342477403,2013,10,280,4,41,-0.8660254037844386,0.5000000000000001,0.10738134666416306,0.006952641257252619,0.0016065112770327883,0.03008956186185844,-63.395235,50.52941,3.9481689999999996,1.0942695392339727,-176.0853245472908,140.34946883678435,6,0,3,1.98019549333403,0.3994056928630205,3.838079483297238,5.8681562192602925,11.63168835505025,2.409735842542901,-319.05,254.3,1134.789161981662,2.004872560501098,3.007308840751647,4.009745121002196,5.012181401252746,7.017053961753843,8.019490242004393,8.019490242004393,1.002436280250549,1.002436280250549,1.002436280250549,1.002436280250549,1.002436280250549,1.002436280250549,1.002436280250549,0.0,0.0,1.002436280250549,7,380.0082174462706,0.0,0.39664047031897964,10.966354485988616,6.8,1582.6568319574476,0.0,-2.4501629161834693,-0.0008194340575245383,-0.040017792672822
-33.506389,26.744722,2015-10-06,16080.0,8799.0,11108.0,8986.5,0.1828747977048698,-0.1159893504797301,1.652,180,1.5091787576675415,45,10,3,5,22,61,7364.278260869565,47,-0.0023635243996977,3792,8203,0.020117351909454,22.87388610839844,43.35646867752075,10.321877479553224,4,163,2.9802322387695312e-08,0.2088671790228949,0.2522233327229817,290.6382026672363,0.3408169263156834,0.0,72.81411098119199,0.2388997995713931,0.0321644397522203,23.01632650143816,292.68160302934683,410.663300725781,1.3237188192172529,0.1707317765276678,3937.208218200776,-33.5064_26.7447,128.93517074592074,518.4723193473194,43.481351981351985,14.708864983830177,2.754225201651799,0.863217449936939,2015,10,279,4,41,-0.8660254037844386,0.5000000000000001,0.0902516100310407,-0.021211529004899886,0.03344319163559706,0.013453529424709664,-55.35255462799999,44.182280743999996,2.7291039999999995,0.975314072323616,-1452.7187051753258,1159.556701682,2,1,2,1.0939102352038776,0.054960103521579096,1.9990520419066558,0.514353665449173,0.563029562273509,0.0,-335.06389,267.44722,637.7244439533148,1.5091787576675415,1.5091787576675415,1.5091787576675415,1.5091787576675415,1.5091787576675415,1.5091787576675415,1.5091787576675415,1.5091787576675415,1.5091787576675415,1.5091787576675415,1.5091787576675415,1.5091787576675415,1.5091787576675415,,,40.989790408018045,1.5091787576675415,1,1463.4080151467342,4.497703187666957e-08,,71.62488625526427,6.1,12601.04613043296,7.516841075509241e-09,-8.451093101092654,-0.1720979279463435,0.023341284857855915
-33.731111,24.618333,2013-03-27,12638.0,8598.5,10324.5,8955.0,0.1007512248230811,-0.0912117528933039,1.6140001000000002,318,1.5277236700057983,112,10,47,5,18,60,7232.617391304348,153,-0.0008324971422553,2800,6021,0.0664581003366822,9.440472602844238,16.768556594848633,9.440472602844238,2,164,2.6166439056396484e-05,0.1568258073594835,0.1623560587565104,298.1862958272298,2.63495362391042,0.1924823683634469,34.00786032573553,1.3588668114268267,0.5560601752721801,14.984479798577052,260.8192999053926,540.7291075370546,-0.8229040366649734,0.2251136597352838,3027.098205202035,-33.7311_24.6183,106.013235367335,421.7467787464508,47.294520547945204,41.36525586583466,3.746328589189245,0.661230650224401,2013,3,86,1,13,1.0,6.123233995736766e-17,0.09025161003104117,-0.009189695822260579,0.010150809303351034,0.008319583865869132,-54.4420165271111,39.7339919238333,2.6049963228000106,0.9608816534575766,-565.6220438106212,412.81391018132973,0,1,2,1.0557827628808014,0.0331669562686947,-1.2579928789930641,4.025481020615505,4.252815412486781,3.2276514874129614,-101.193333,73.85499899999999,693.635634046643,3.0554473400115967,4.583171010017395,6.110894680023193,7.638618350028992,10.694065690040588,18.33268404006958,19.86040771007538,1.5277236700057983,1.5277236700057983,1.5277236700057983,1.5277236700057983,1.5277236700057983,1.5277236700057983,1.5277236700057983,0.0,-365.12434160656375,1.5277236700057983,2,1304.096499526963,3.9975088306221096e-05,0.34391146641922427,27.064452020941356,6.0,5000.15377738718,4.248279916888956e-06,-5.476450239438375,-0.02831144653539222,-0.05012357802618114
-32.173889,27.3725,2013-04-04,12250.0,8410.5,10140.0,8469.5,0.094238499330058,-0.0932319883561085,1.476,227,1.853421688079834,668,10,15,2,20,71,5678.217391304348,665,-0.0027035968378186,2471,5883,0.0281337729256059,22.68828392028809,116.353346824646,33.047760009765625,11,165,2.9802322387695312e-08,0.2091108957926432,0.2916151682535807,286.0163377126058,1.3413606692974889,0.0,23.956911541386795,0.0,0.3036286051095309,14.0323022594168,194.65014209030628,271.31954531102,2.856134336939945,0.1830668202805753,2497.340972803778,-32.1739_27.3725,110.60336520245478,457.97399870801036,45.71188630490956,100.14248794800928,4.616530294400198,0.36735563057667664,2013,4,94,2,14,0.8660254037844387,-0.4999999999999998,-0.04732138832243185,-0.008786042672237107,0.008880894755981342,0.008692203652833552,-47.488660164,40.40181,2.178576,0.9066443548223496,-3743.539665514663,3184.8819859576224,5,3,1,0.795935471143205,-0.14222490667447707,5.2964774584909495,2.4861069560132476,1.9798483478830935,0.0,-128.695556,109.49,11651.913632097656,1.853421688079834,1.853421688079834,1.853421688079834,1.853421688079834,1.853421688079834,1.853421688079834,1.853421688079834,1.853421688079834,1.853421688079834,1.853421688079834,1.853421688079834,1.853421688079834,1.853421688079834,,,1415.8326318426355,1.853421688079834,5,389.30028418061255,5.5236270668501675e-08,,171.7375399131775,7.1,33278.9581393899,8.690809257435223e-09,-9.38239405410703,-0.06476983028719326,0.0
-33.771111,25.386667,2013-12-06,15172.473233404711,10262.521413276232,14106.17130620985,11809.817987152035,0.039963131903647635,-0.15299958594199203,1.7,310,1.0938864946365356,41,20,1,2,26,73,5182.4,42,-0.001661479473114,2738,3950,11.839383506035778,37.29230499267578,63.18004035949707,17.531463623046875,3,166,4.038214683532715e-06,0.1698894500732422,0.2135524749755859,290.2962582906087,3.1241119204481924,33.70925732029042,19.27728871984932,0.502354380102659,4.296020649133236,31.85052515628104,260.9519061583578,272.36083408884866,2.86542226281518,0.8665267226635075,2590.0876342832053,-33.7711_25.3867,118.20264897579143,476.55787709497207,52.9925512104283,25.53552911297582,3.278484556272343,0.7746412259068073,2013,12,340,4,49,-2.4492935982947064e-16,1.0,0.9088176373395028,-0.0061143426342033,0.0015970519115483394,0.023408873298421007,-57.410888699999994,43.1573339,2.8899999999999997,0.9932517730102833,-2133.6601559650553,1603.9306456531124,5,0,2,1.5526723622290557,0.2537524002750313,3.137312136987202,3.4174238375112886,5.310990264761927,2129.752237984621,-405.253332,304.640004,1613.3357599589247,2.1877729892730713,3.281659483909607,3.281659483909607,3.281659483909607,3.281659483909607,3.281659483909607,3.281659483909607,1.0938864946365356,1.0938864946365356,1.0938864946365356,1.0938864946365356,1.0938864946365356,1.0938864946365356,,,50.23504616521299,1.0938864946365356,2,521.9038123167156,4.4173485047593886e-06,,107.40606861114502,7.3,18340.929315011643,8.623707401511637e-07,-7.211904336725233,-0.0320288195053217,-0.02598126729329428
-33.001667,25.161389,2015-07-23,9931.0,8774.5,10868.5,9855.5,-0.0450731988749729,-0.1066028610701007,2.1440001,80,0.851338803768158,338,20,6,2,20,74,3179.9304347826087,340,-0.0009668450802564,1362,3001,0.0067955300349302,18.11248779296875,38.30436730384827,23.59534215927124,5,167,1.8730759620666504e-05,0.1652770572238498,0.3118057250976562,286.1886469523112,0.1941042217033892,0.0107835678724105,7.433768806225206,0.0,1.6753435623579898,61.37524744059418,184.8042244640605,140.6992433795712,2.3950612593516656,0.0960853989312394,1645.4146745983876,-33.0017_25.1614,129.67349669966583,544.5504496699258,38.51608910891089,100.29789501224202,4.618065631297789,0.3667851773530178,2015,7,204,3,30,-0.4999999999999997,-0.8660254037844388,-0.9322892131745134,0.004804931957653755,0.0020315932568228585,0.01136416998833119,-70.7555773481667,53.946020532138895,4.59673642880001,1.1454959063735755,-1264.107974407288,963.7910861310074,4,0,3,2.515431763192589,0.5290468474813059,2.0414036487472567,0.16524845591131268,0.4161594707424886,0.41305774463078937,-231.01166899999998,176.129723,3841.8474103517296,1.702677607536316,2.554016411304474,3.405355215072632,3.405355215072632,3.405355215072632,3.405355215072632,3.405355215072632,0.851338803768158,0.851338803768158,0.851338803768158,0.851338803768158,0.851338803768158,0.851338803768158,,,339.07373944090574,0.851338803768158,5,369.608448928121,1.5946222489127138e-05,,82.12456732988741,7.4,10962.275051052684,5.840358085151819e-06,-10.290108708366391,-0.007187302798062332,0.06637128194173175
-32.579167,27.366667,2011-02-07,15484.0,8414.5,11543.5,9059.0,0.1457959485709,-0.1567792363964317,1.357,222,2.115182876586914,812,10,15,3,28,65,5752.286956521739,816,-0.0038076918572187,4353,7161,0.1811423624861438,34.15648651123047,127.91422080993652,0.0,7,168,8.881092071533203e-05,0.3237527211507162,0.4039516448974609,294.31888516743976,8.067877584786434,0.8964827741805825,18.65766798907683,0.1300174078862781,0.2645811761136777,71.7137356593136,218.99464398235668,246.52016383112797,-0.0435902227207589,0.4287488139888815,3256.112547601436,-32.5792_27.3667,100.24407962213225,396.55668016194335,45.75708502024292,68.00271062315436,4.234145788219189,0.5066032600742068,2011,2,38,1,6,0.8660254037844386,0.5000000000000001,0.7935716089521474,-0.02285777748663913,0.021256458619688518,0.024579728965048217,-44.209929619,37.136567119,1.841449,0.857389623953994,-4167.338761441797,3500.585885470003,0,3,0,0.6412489274975317,-0.27921919186601407,-0.09224488290827983,17.065036517739653,10.94810988255519,114.67289552883949,-65.158334,54.733334,8698.513742324383,4.230365753173828,6.345548629760742,8.460731506347656,10.57591438293457,14.806280136108398,16.921463012695312,16.921463012695312,2.115182876586914,2.115182876586914,2.115182876586914,2.115182876586914,2.115182876586914,2.115182876586914,2.115182876586914,0.0,-0.0,2.115182876586914,5,656.98393194707,0.00018785133875098836,0.90688214970623,173.57959763908386,6.5,37647.570865842245,3.5875317507816355e-05,-13.160408099039076,-0.07104265047669785,0.11970218022664386
-33.18536111,27.39075,2014-07-10,16796.0,9058.5,11893.0,9330.0,0.1709017393426052,-0.135288642817936,1.5940001000000001,90,1.6152466535568235,7,60,2,3,20,63,6673.330434782609,7,-0.0008590091019868,3697,6915,0.0684319741939189,0.0,0.0,0.0,0,169,1.4901161193847656e-07,0.2054354349772135,0.192022959391276,286.3522224426269,0.2018437283064412,0.1614159023148939,66.86530317704474,0.0645663609259575,0.623044282817541,16.49092378426396,229.8037235721048,411.86052382455046,0.1315599961844975,0.2346974579260604,3548.4095545158957,-33.1854_27.3908,129.67349669966583,544.5504496699258,38.51608910891089,12.001694951701314,2.565079729862787,0.8869054039715253,2014,7,191,3,28,-0.4999999999999997,-0.8660254037844388,-0.9893142039703664,-0.023121064370885715,0.029207404510327765,0.01830301687551907,-52.89746892787612,43.660858239075004,2.5408363188000105,0.9532011244447526,-0.0,0.0,1,1,2,0.9862356692229705,-0.008539591233342136,0.21263340357514257,0.32602740668841185,0.32173892310484015,0.0,-232.29752777000002,191.73525,0.0,3.230493307113647,4.84573996067047,6.460986614227294,8.076233267784117,11.306726574897764,19.38295984268188,19.38295984268188,1.6152466535568235,1.6152466535568235,1.6152466535568235,1.6152466535568235,1.6152466535568235,1.6152466535568235,1.6152466535568235,0.0,0.0,1.6152466535568235,1,689.4111707163144,2.4069050752473226e-07,0.37909428351336244,0.0,6.3,0.0,2.8613650708090664e-08,-6.372351248810361,-0.05743790403618832,-0.033987299601236975
-32.802778,27.856389,2014-09-04,14831.0,9084.5,13506.5,10759.5,0.0467401852668725,-0.1957416670355442,1.52,270,1.9185377359390257,195,10,3,5,21,58,7465.347826086957,202,-0.0014102514833211,3360,6708,0.0238558502547706,26.7360954284668,26.7360954284668,0.0,1,170,4.023313522338867e-07,0.2001050313313802,0.1991418202718099,290.8276818593343,1.4901613073443385,0.1048143836019952,67.82384910797579,0.0216155825463071,0.1080779127315357,22.65762315901989,201.7384032817924,394.0643736194384,1.5850530284420763,0.2152241778866505,4024.841401072894,-32.8028_27.8564,128.38052861749696,525.4655451431681,39.254786376457076,22.159429129792642,3.1424020034283195,0.8012403685916639,2014,9,247,3,36,-1.0,-1.8369701987210297e-16,-0.4443781781046134,-0.009149001781687805,0.002184644918781565,0.03831480021385385,-49.860222560000004,42.34171128,2.3104,0.9242589015233319,-877.0182029268115,744.7710745964929,2,3,1,0.7918573162389151,-0.1471663926146466,3.042569101558999,2.858930700776346,2.2650451871633943,2.8023273622588696,-295.225002,250.707501,592.4566118544831,3.8370754718780513,5.755613207817077,7.674150943756103,9.592688679695128,11.511226415634153,11.511226415634153,11.511226415634153,1.9185377359390257,1.9185377359390257,1.9185377359390257,1.9185377359390257,1.9185377359390257,1.9185377359390257,,,0.0,1.9185377359390257,2,1008.692016408962,7.718878816120877e-07,,40.63886505126954,5.8,7775.596655430944,8.012099783627491e-08,-6.5324049208920805,-0.09564868380906931,-0.08647046770368302
-32.713889,26.296667,2013-01-31,17110.5,9526.0,13607.0,10687.5,0.1140555058191584,-0.1764146457441742,1.6290001,343,1.1156346797943115,573,20,8,2,25,71,5400.417391304348,575,-0.0035655815154314,3224,4755,1.6422582451219394,15.094847679138184,22.67338418960572,15.094847679138184,2,171,2.2396445274353027e-05,0.1679397159152561,0.2376079559326172,293.40786425272626,0.2596446093197141,3.2131020403314627,3.860177135322359,0.1383074226114817,0.357011337814607,63.25774224587496,199.40368852459017,244.2444547134935,0.7229932545375148,0.4474098756203376,2853.0629240023068,-32.7139_26.2967,106.83844744121714,433.7159336099585,50.31327800829875,113.01433965285561,4.736324226912604,0.32298693789571115,2013,1,31,1,5,0.49999999999999994,0.8660254037844387,0.8609610158889943,-0.020121061654259427,0.013008658407664075,0.03112212723304248,-53.290928452388904,42.8372731726667,2.65364132580001,0.96660358378502,-741.7345736331165,596.2344337971265,2,1,2,1.4588478483402185,0.21677617157091478,0.807319341273945,0.2896685305787184,0.42296109454627523,72.85189700084126,-32.713889,26.296667,2562.417541883787,1.1156346797943115,1.1156346797943115,1.1156346797943115,1.1156346797943115,1.1156346797943115,1.1156346797943115,1.1156346797943115,1.1156346797943115,1.1156346797943115,1.1156346797943115,1.1156346797943115,1.1156346797943115,1.1156346797943115,,,87.30778440230534,1.1156346797943115,5,398.80737704918033,2.498625105218366e-05,,36.93494511220614,7.1,6652.549230453745,5.321573581795747e-06,-7.773080295896531,-0.013763776239996337,0.0
-32.802778,27.856389,2015-05-04,15311.0,8566.5,12265.0,9699.5,0.1104583695967508,-0.177543623838897,1.556,270,1.9185377359390257,195,10,3,5,21,58,7465.347826086957,202,-0.0014021797105669,4211,7603,0.0238558502547706,29.014305114746094,29.014305114746094,0.0,1,172,2.980232238769531e-07,0.2298431396484375,0.2314872741699218,290.73803011576337,1.4901613073443385,0.1048143836019952,67.82384910797579,0.0216155825463071,0.1080779127315357,22.65762315901989,201.7384032817924,394.0643736194384,1.5850530284420763,0.2152241778866505,4024.841401072894,-32.8028_27.8564,120.45334559710494,476.2898914354644,42.100723763570564,22.159429129792642,3.1424020034283195,0.8012403685916639,2015,5,124,2,19,0.49999999999999994,-0.8660254037844387,-0.5343725582809786,-0.01961117922154338,0.012201051413972402,0.031521738365847755,-51.041122568000006,43.344541284,2.421136,0.9384435365152884,-951.7498095032807,808.2337698410569,2,3,1,0.810611831623521,-0.13298175762269004,3.042569101558999,2.858930700776346,2.318690994227791,3.0411165062423287,-164.01389,139.281945,642.9404379403962,3.8370754718780513,5.755613207817077,7.674150943756103,9.592688679695128,13.42976415157318,13.42976415157318,13.42976415157318,1.9185377359390257,1.9185377359390257,1.9185377359390257,1.9185377359390257,1.9185377359390257,1.9185377359390257,,,0.0,1.9185377359390257,2,1008.692016408962,5.71768801194139e-07,,45.146258758544924,5.8,8435.561914238997,6.898858373460823e-08,-7.59342566442108,-0.09510122511175459,-0.05412501380557114
-32.99163889,27.64002778,2014-09-04,14549.5,9557.5,13574.0,11127.5,0.0346862943801447,-0.1736376802196132,1.5630000000000002,349,1.7668724060058594,160,10,6,3,25,63,6314.313043478261,160,-0.0013954266905784,3653,6634,3.0928937079408123,26.357629776000977,26.357629776000977,0.0,1,173,4.3213367462158203e-07,0.2043395572238498,0.1979777018229166,290.8752892812093,1.848000040601443,1.190679600481804,58.66912700131276,0.9398388122724632,0.2428473791768734,27.11364343813017,192.2745591939547,369.0210957178842,1.940785565696371,0.5749613178391901,3922.0896013580114,-32.9916_27.64,128.38052861749696,525.4655451431681,39.254786376457076,15.613324365592023,2.8102050460191297,0.8554452001310441,2014,9,247,3,36,-1.0,-1.8369701987210297e-16,-0.4443781781046134,-0.006022847691582932,0.001203139017826058,0.030150043992048656,-51.565931585070004,43.201363420140005,2.4429690000000006,0.9411784473819341,-869.5814035661357,728.5256192236221,3,2,1,0.8841135789495546,-0.07690049321488213,3.4310612475690863,3.2651802780363974,2.8884240634600555,31.383492091336148,-296.92475000999997,248.76025002,411.53022320088985,3.5337448120117188,5.300617218017578,7.0674896240234375,8.834362030029297,12.368106842041016,21.202468872070312,24.73621368408203,1.7668724060058594,1.7668724060058594,1.7668724060058594,1.7668724060058594,1.7668724060058594,1.7668724060058594,1.7668724060058594,0.0,0.0,1.7668724060058594,1,576.8236775818641,7.635250653947878e-07,1.0158832870108294,41.19697533988953,6.3,7666.7831858613,8.555283178187283e-08,-6.531608846813759,-0.0818684657305657,-0.07074983914693198
-31.905,25.43,2013-03-04,14444.5,10651.5,13762.5,11796.0,0.0241783954337575,-0.1274268862128282,1.8690001,109,1.002436280250549,983,10,6,2,23,68,4708.4,985,-0.0002547167241573,5485,7375,0.0859722105818435,15.654051780700684,26.090086936950684,0.0,2,174,1.4901161193847656e-08,0.1497535705566406,0.0773677825927734,299.624755859375,5.853894491721314,0.4366214064346009,3.6391110045716815,0.5566922932041161,1.0266167833844149,78.25377121038302,190.0041087231353,201.7269279393173,3.8249359314962224,0.3956764914971386,3236.572379486616,-31.905_25.43,106.013235367335,421.7467787464508,47.294520547945204,205.6130930053817,5.330847928372485,0.12794805342477403,2013,3,63,1,10,1.0,6.123233995736766e-17,0.4673592171580022,-0.0030809776437461817,0.0005845948057511455,0.016237611329897064,-59.630448190500005,47.528672543,3.4931613738000102,1.0539635718545775,-832.4042237234116,663.4709108066559,6,0,3,1.8625996854860856,0.35909972548362523,3.838079483297238,5.8681562192602925,10.940929390416585,11.391490452412416,-95.715,76.28999999999999,5364.463471885735,2.004872560501098,3.007308840751647,4.009745121002196,5.012181401252746,7.017053961753843,9.021926522254942,9.021926522254942,1.002436280250549,1.002436280250549,1.002436280250549,1.002436280250549,1.002436280250549,1.002436280250549,1.002436280250549,0.0,0.0,1.002436280250549,7,380.0082174462706,1.4937464598574476e-08,0.39664047031897964,48.76237509416952,6.8,7817.2359288337175,1.1528697996254771e-09,-2.4684191036224354,-0.0009269424339292798,-0.03944558808297821
-33.001667,25.161389,2014-01-09,14188.5,10804.0,16741.5,14415.0,-0.0825412221144519,-0.2155524495834157,1.17700005,80,0.851338803768158,338,20,6,2,20,74,3179.9304347826087,340,-0.0032715899869799,2013,3171,0.0067955300349302,17.15186309814453,39.164602279663086,0.0,6,175,0.0004409551620483,0.2194928063286675,0.3839600880940755,294.9673258463542,0.1941042217033892,0.0107835678724105,7.433768806225206,0.0,1.6753435623579898,61.37524744059418,184.8042244640605,140.6992433795712,2.3950612593516656,0.0960853989312394,1645.4146745983876,-33.0017_25.1614,106.83844744121714,433.7159336099585,50.31327800829875,100.29789501224202,4.618065631297789,0.3667851773530178,2014,1,9,1,2,0.49999999999999994,0.8660254037844387,0.9880226656636976,0.017791962618378912,0.006813053348147284,0.04646285852141097,-38.84296370908335,29.61495611106945,1.3853291177000024,0.7779478052197965,-1292.497162620882,985.4357929888897,4,0,0,1.380906330671004,0.16149874632752692,2.0414036487472567,0.16524845591131268,0.22846067865010017,0.4223341468787099,-33.001667,25.161389,3928.127167641863,1.702677607536316,2.554016411304474,3.405355215072632,4.25669401884079,4.25669401884079,4.25669401884079,4.25669401884079,0.851338803768158,0.851338803768158,0.851338803768158,0.851338803768158,0.851338803768158,0.851338803768158,,,0.0,0.851338803768158,5,369.608448928121,0.00037540224017359395,,46.09673884139357,7.4,11552.278002268247,0.0001693091828656026,-12.671322968571344,-0.02432024359196991,0.13852564493815106
-32.99163889,27.64002778,2015-12-16,17012.0,9354.5,13105.5,10271.5,0.1297086411554744,-0.1670080142475504,1.5840001000000001,349,1.7668724060058594,160,10,6,3,25,63,6314.313043478261,160,-0.0040534827858209,4972,7344,3.0928937079408123,12.010540962219238,39.36921548843384,0.0,4,176,7.241964340209961e-06,0.240168465508355,0.2766933441162109,292.8640530904134,1.848000040601443,1.190679600481804,58.66912700131276,0.9398388122724632,0.2428473791768734,27.11364343813017,192.2745591939547,369.0210957178842,1.940785565696371,0.5749613178391901,3922.0896013580114,-32.9916_27.64,118.20264897579143,476.55787709497207,52.9925512104283,15.613324365592023,2.8102050460191297,0.8554452001310441,2015,12,350,4,51,-2.4492935982947064e-16,1.0,0.9668478136052773,-0.02166238259012387,0.016824331590399626,0.02789167682291,-52.25875930092389,43.78180676752278,2.5090563168000104,0.9493386246200451,-1298.854940777004,1088.1662097771175,3,2,1,0.8959923208365017,-0.0687403159767711,3.4310612475690863,3.2651802780363974,2.92723224911269,46.87612176905046,-395.89966668,331.68033336,614.6843314398069,3.5337448120117188,5.300617218017578,7.0674896240234375,8.834362030029297,12.368106842041016,21.202468872070312,24.73621368408203,1.7668724060058594,1.7668724060058594,1.7668724060058594,1.7668724060058594,1.7668724060058594,1.7668724060058594,1.7668724060058594,0.0,0.0,1.7668724060058594,1,576.8236775818641,1.279562695799541e-05,1.0158832870108294,62.36084127060075,6.3,11529.828014932613,2.003803331263043e-06,-9.128566892348536,-0.23781429635896145,0.007965803146362305
-33.329167,26.0775,2011-05-06,12739.0,8937.0,11027.0,9319.0,0.0720356812252798,-0.1046884391905424,1.4969999999999999,296,1.0588278770446775,271,10,9,5,16,60,6937.773913043478,270,-0.0013977149501442,3222,6925,1.1216865440546526,7.553945064544678,11.330917596817017,11.330917596817017,2,177,9.116530418395996e-05,0.1732586754692925,0.3296146392822265,289.34447860717773,0.1289192939941303,0.5908800974730974,32.285688525930034,0.1842366250445529,0.1718923919921738,45.84833529801846,246.48785871964677,401.3055818353831,0.0137503224503585,0.4121474828941143,3451.557829788984,-33.3292_26.0775,120.45334559710494,476.2898914354644,42.100723763570564,42.89048706618247,3.781697601068106,0.6512218765406007,2011,5,126,2,18,0.49999999999999994,-0.8660254037844387,-0.5631507242749186,-0.007541303033502001,0.005189139369590128,0.010959669300151893,-49.893762998999996,39.038017499999995,2.2410089999999996,0.9150900112976361,-377.650044847553,295.48200363099573,1,0,1,1.4124935118468236,0.19246758681972675,0.014572975051243215,0.13650334236990364,0.19299218310921304,6.695213694066874,-166.64583499999998,130.3875,485.98857463425963,2.117655754089355,3.1764836311340323,4.23531150817871,5.294139385223388,7.411795139312742,7.411795139312742,7.411795139312742,1.0588278770446775,1.0588278770446775,1.0588278770446775,1.0588278770446775,1.0588278770446775,1.0588278770446775,,,1.4022339355320768,1.0588278770446775,2,1232.439293598234,9.652836548923459e-05,,16.96238364243507,6.0,3278.538444191915,3.004941885365042e-05,-10.985781358282086,-0.04512618952839147,0.0798147292364211
-33.771111,25.386667,2015-05-27,15480.5,9049.0,12915.5,10322.0,0.0903296238906888,-0.1760340549523086,1.798,310,1.0938864946365356,41,20,1,2,26,73,5182.4,42,-0.0004726443439722,2355,4416,11.839383506035778,9.922648429870604,14.54161548614502,1.6074798107147217,3,178,2.9802322387695312e-08,0.1697841220431857,0.1641782124837239,289.1683069864909,3.1241119204481924,33.70925732029042,19.27728871984932,0.502354380102659,4.296020649133236,31.85052515628104,260.9519061583578,272.36083408884866,2.86542226281518,0.8665267226635075,2590.0876342832053,-33.7711_25.3867,120.45334559710494,476.2898914354644,42.100723763570564,25.53552911297582,3.278484556272343,0.7746412259068073,2015,5,147,2,22,0.49999999999999994,-0.8660254037844387,-0.8190148866680801,-0.01590108997579488,0.008159440952233296,0.0309879885029524,-60.720457577999994,45.645227266,3.2328040000000002,1.0289048762432895,-491.0865107019224,369.1631499888067,5,0,3,1.6421793572281425,0.2894055035080375,3.137312136987202,3.4174238375112886,5.61715323296585,490.1870582751825,-168.85555499999998,126.933335,371.3278455961562,2.1877729892730713,3.281659483909607,4.375545978546143,4.375545978546143,4.375545978546143,4.375545978546143,4.375545978546143,1.0938864946365356,1.0938864946365356,1.0938864946365356,1.0938864946365356,1.0938864946365356,1.0938864946365356,,,4.606108436647895,1.0938864946365356,2,521.9038123167156,3.2600357968703975e-08,,26.145824644088744,7.3,4204.974330977093,4.892892017475483e-09,-5.544480637569426,-0.009111301480555873,-0.07535552978515628
-32.605278,25.885,2012-11-06,15908.0,9961.0,14036.0,11511.0,0.0625166978359604,-0.1698128932783257,1.9280000000000002,130,1.219136118888855,631,30,3,2,22,71,4032.678260869565,629,-0.0025314074009656,2086,3675,0.011022683579517,24.12510108947754,68.36189651489258,7.831611633300781,4,179,2.1457672119140625e-06,0.1952122582329644,0.1912784576416015,290.46548652648926,4.956925571992979,0.2176128343572563,2.2441350091602983,0.1507105868240377,0.2424622405838803,75.83465332529656,220.18284993694823,179.48455233291298,2.8156493359316017,0.144557195444313,1993.7640166675803,-32.6053_25.885,122.35395532319392,505.8983269961977,45.876742712294046,122.79320793091918,4.818612495505705,0.2928976409458186,2012,11,311,4,45,-0.5000000000000004,0.8660254037844384,0.5981809144059158,-0.010616141337731278,0.003908337508312775,0.02883641872355603,-62.862975984,49.90628000000001,3.7171840000000005,1.074319596099065,-2228.9586404753036,1769.5476912879944,5,1,3,1.580151566823362,0.27675108727975384,3.435475452895566,6.043167003460439,9.556952502802465,14.876426062643215,-358.658058,284.735,8394.376573305184,2.43827223777771,3.657408356666565,4.87654447555542,6.095680594444275,8.533952832221985,14.62963342666626,14.62963342666626,1.219136118888855,1.219136118888855,1.219136118888855,1.219136118888855,1.219136118888855,1.219136118888855,1.219136118888855,0.0,66.15321628373266,1.219136118888855,5,440.36569987389646,2.6159823107718694e-06,0.17623489821143742,131.8017364807129,7.1,19856.771531071783,4.104390427528414e-07,-6.236687286815641,-0.005680819970954384,-0.019383059607611802
-33.18536111,27.39075,2012-12-04,17771.0,9804.0,12258.0,9800.0,0.1835891971094608,-0.1112319825945059,1.5340001,90,1.6152466535568235,7,60,2,3,20,63,6673.330434782609,7,-0.0023819291964173,3897,7655,0.0684319741939189,20.649259567260746,32.622239112854004,11.972979545593262,2,180,2.460181713104248e-05,0.2222302754720052,0.2950916290283203,292.35290082295734,0.2018437283064412,0.1614159023148939,66.86530317704474,0.0645663609259575,0.623044282817541,16.49092378426396,229.8037235721048,411.86052382455046,0.1315599961844975,0.2346974579260604,3548.4095545158957,-33.1854_27.3908,118.20264897579143,476.55787709497207,52.9925512104283,12.001694951701314,2.565079729862787,0.8869054039715253,2012,12,339,4,49,-2.4492935982947064e-16,1.0,0.9015016841318838,-0.020420990377418857,0.033704993295296456,0.012372553951904463,-50.90634726127612,42.017413239075005,2.35315630680001,0.9297991213622457,-1082.5807851768263,893.5475959804058,1,1,1,0.9491126225221714,-0.031941594315848976,0.21263340357514257,0.32602740668841185,0.30962829940645364,5.265748161933552,-398.22433332,328.689,391.52216247393307,3.230493307113647,4.84573996067047,6.460986614227294,8.076233267784117,11.306726574897764,19.38295984268188,20.998206496238705,1.6152466535568235,1.6152466535568235,1.6152466535568235,1.6152466535568235,1.6152466535568235,1.6152466535568235,1.6152466535568235,0.0,3.1503302866706324,1.6152466535568235,1,689.4111707163144,3.97380027923333e-05,0.37909428351336244,50.04251806134196,6.3,9537.206235983007,7.259790294256163e-06,-9.792722269842969,-0.1592684178646973,0.06908137003580733
-33.18536111,27.39075,2012-11-15,17771.0,9804.0,12258.0,9800.0,0.1835891971094608,-0.1112319825945059,1.5340001,90,1.6152466535568235,7,60,2,3,20,63,6673.330434782609,7,-0.0046164635568857,4224,6540,0.0684319741939189,47.632205963134766,121.68081712722778,20.649259567260746,7,181,3.278255462646485e-07,0.2404863569471571,0.2596492767333984,295.63901774088544,0.2018437283064412,0.1614159023148939,66.86530317704474,0.0645663609259575,0.623044282817541,16.49092378426396,229.8037235721048,411.86052382455046,0.1315599961844975,0.2346974579260604,3548.4095545158957,-33.1854_27.3908,122.35395532319392,505.8983269961977,45.876742712294046,12.001694951701314,2.565079729862787,0.8869054039715253,2012,11,320,4,46,-0.5000000000000004,0.8660254037844384,0.7146733860429608,-0.020420990377418857,0.033704993295296456,0.012372553951904463,-50.90634726127612,42.017413239075005,2.35315630680001,0.9297991213622457,-4038.021856526927,3332.9288417276143,1,1,1,0.9491126225221714,-0.031941594315848976,0.21263340357514257,0.32602740668841185,0.30962829940645364,19.641218891005067,-365.03897221,301.29825,1460.3760486347405,3.230493307113647,4.84573996067047,6.460986614227294,8.076233267784117,11.306726574897764,19.38295984268188,22.61345314979553,1.6152466535568235,1.6152466535568235,1.6152466535568235,1.6152466535568235,1.6152466535568235,1.6152466535568235,1.6152466535568235,0.0,5.433233019763045,1.6152466535568235,1,689.4111707163144,5.295191165544111e-07,0.37909428351336244,186.65838564124914,6.3,35973.59725340193,8.511966598234721e-08,-8.616555010348147,-0.30868123533694064,0.0336390177408854
-32.043333,27.822778,2015-07-13,12584.0,9705.5,12837.0,11138.5,-0.0099524015577672,-0.1389153820561156,1.686,50,1.7268855571746826,780,60,1,2,28,67,4390.017391304348,781,-0.0007261298596858,1342,2829,0.8499336676821312,0.0,0.0,0.0,0,182,2.980232238769531e-07,0.1887535519070095,0.1536947886149088,280.6224829355876,32.35909346582117,0.6757461417075135,3.190795491264453,0.0108991313178631,1.558191103231443,43.25959251781048,196.6036604607132,249.9438308614705,2.488236788114856,0.4652227498014931,2223.134863555915,-32.0433_27.8228,129.67349669966583,544.5504496699258,38.51608910891089,88.36434076914189,4.492721729780151,0.41327443809170694,2015,7,194,3,29,-0.4999999999999997,-0.8660254037844388,-0.9804691603616321,0.0013825416647731106,9.9050296767047e-05,0.01929748337179656,-54.02505943799999,46.909203708,2.842596,0.9880530981010458,-0.0,0.0,4,2,2,0.9757590674910375,-0.015473689817893321,4.299388409014381,55.88045114939222,54.55743158337449,0.0,-224.303331,194.759446,0.0,3.4537711143493652,5.180656671524048,6.9075422286987305,8.634427785873413,12.088198900222778,20.72262668609619,24.176397800445557,1.7268855571746826,1.7268855571746826,1.7268855571746826,1.7268855571746826,1.7268855571746826,1.7268855571746826,1.7268855571746826,0.0,0.0,1.7268855571746826,5,393.2073209214264,5.146520010157474e-07,0.8033864475012894,0.0,6.7,0.0,4.580461639610195e-08,-4.924893291952131,-0.0023169318823579406,-0.07986948225233295
-32.00055556,28.58166667,2011-01-19,13279.5,11389.5,8597.5,7995.0,0.2140147186542944,0.1396907990193619,1.27200005,118,1.990221738815308,332,80,10,4,24,70,4637.843478260869,328,-0.006264055147767,4548,7488,0.3772979669069599,36.41474533081055,117.04253482818604,16.726362228393555,6,183,2.8312206268310547e-06,0.2648692660861545,0.28753662109375,300.373015721639,8.103756823152859,0.0109042160830773,30.144170841270967,2.129443735314053,1.8100571081591328,28.66577294856418,175.281389748882,375.94324045407626,-1.6145453242132215,0.3145368905390403,3002.7820183687754,-32.0006_28.5817,106.83844744121714,433.7159336099585,50.31327800829875,41.35409007326997,3.7460649943159474,0.6613044859892766,2011,1,19,1,3,0.49999999999999994,0.8660254037844387,0.9469877530760753,0.02989588705072232,0.04580229980067678,0.01951351933066776,-40.70470827234778,36.35588143332333,1.6179841272000024,0.8206605228659469,-3745.4261386526027,3345.270716671079,0,3,0,0.6388038183817668,-0.27502138937844456,-3.214917747875976,16.1282729955117,10.307979084238276,1.2762570906776411,-32.00055556,28.58166667,4840.187527688643,3.980443477630616,5.970665216445925,7.960886955261232,9.95110869407654,13.931552171707157,21.892439126968387,21.892439126968387,1.990221738815308,1.990221738815308,1.990221738815308,1.990221738815308,1.990221738815308,1.990221738815308,1.990221738815308,0.0,-270.05469926949456,1.990221738815308,2,701.125558995528,5.634756838901468e-06,0.625998157210169,148.87811015357937,7.0,35156.4191540472,8.140796126099303e-07,-9.201331618845215,-0.1888247485334313,0.04645440072724316
-33.506389,26.744722,2015-06-24,13161.0,8418.0,10108.5,8514.0,0.1311803003932186,-0.0912476722532583,1.652,180,1.5091787576675415,45,10,3,5,22,61,7364.278260869565,47,-0.0015970263630151,3989,8035,0.020117351909454,27.336570739746094,38.64147996902466,0.0,3,184,2.9802322387695312e-08,0.1871814727783203,0.2092672983805338,291.09308497111004,0.3408169263156834,0.0,72.81411098119199,0.2388997995713931,0.0321644397522203,23.01632650143816,292.68160302934683,410.663300725781,1.3237188192172529,0.1707317765276678,3937.208218200776,-33.5064_26.7447,123.25419014219513,510.1924471545122,36.76361788618293,14.708864983830177,2.754225201651799,0.863217449936939,2015,6,175,2,26,1.2246467991473532e-16,-1.0,-0.99167731989929,-0.011969897056364382,0.017208271211255066,0.008326137691638046,-55.35255462799999,44.182280743999996,2.7291039999999995,0.975314072323616,-1294.7364593778482,1033.4556394401332,2,1,2,1.0939102352038776,0.054960103521579096,1.9990520419066558,0.514353665449173,0.563029562273509,0.0,-201.038334,160.468332,568.372311639762,3.018357515335083,3.018357515335083,3.018357515335083,3.018357515335083,3.018357515335083,3.018357515335083,3.018357515335083,1.5091787576675415,1.5091787576675415,1.5091787576675415,1.5091787576675415,1.5091787576675415,1.5091787576675415,,,0.0,1.5091787576675415,1,1463.4080151467342,4.497703187666957e-08,,63.83572490882873,6.1,11248.267612032741,6.236651491538697e-09,-7.011791504517235,-0.11628605483647089,-0.019614749484591992
-33.731111,24.618333,2012-06-21,12462.5,8451.5,10133.5,8602.0,0.1030713400601876,-0.0905030938929239,1.517,318,1.5277236700057983,112,10,47,5,18,60,7232.617391304348,153,-0.0007670791819691,2507,6868,0.0664581003366822,8.868375778198242,18.728967666625977,0.0,3,185,8.067488670349121e-05,0.1757804022894965,0.3102931976318359,284.18786430358887,2.63495362391042,0.1924823683634469,34.00786032573553,1.3588668114268267,0.5560601752721801,14.984479798577052,260.8192999053926,540.7291075370546,-0.8229040366649734,0.2251136597352838,3027.098205202035,-33.7311_24.6183,123.25419014219513,510.1924471545122,36.76361788618293,41.36525586583466,3.746328589189245,0.661230650224401,2012,6,173,2,25,1.2246467991473532e-16,-1.0,-0.986657932891657,-0.009328275167136647,0.010623701141802834,0.008190810004191399,-51.170095386999996,37.346011161,2.3012889999999997,0.9230677161531787,-631.7488872783717,461.07596276323125,0,1,1,0.9923310731456432,-0.004646981035703157,-1.2579928789930641,4.025481020615505,3.997224647472107,3.6049960534745877,-202.386666,147.70999799999998,774.7285396329279,3.0554473400115967,4.583171010017395,6.110894680023193,7.638618350028992,10.694065690040588,18.33268404006958,21.388131380081177,1.5277236700057983,1.5277236700057983,1.5277236700057983,1.5277236700057983,1.5277236700057983,1.5277236700057983,1.5277236700057983,0.0,-0.0,1.5277236700057983,2,1304.096499526963,0.00012324893399195957,0.34391146641922427,28.411843950271603,6.0,5322.545321789406,2.5032868563812368e-05,-10.466534291864393,-0.02608672167918462,0.09781356084914433
-32.515278,28.015556,2012-02-22,18103.0,10000.0,11384.0,9032.0,0.2278631261233764,-0.0647212869435088,1.32,102,1.7544153928756714,148,30,4,4,22,61,5336.408695652174,148,-0.0059085059911012,4134,7694,0.08850271913379,50.95411682128906,60.35965156555176,50.95411682128906,2,186,1.132488250732422e-06,0.2468946244981553,0.3035259246826172,297.035545984904,1.624294385871219,0.216850380040921,41.4081753443669,0.0661606257536613,0.2996362015977196,13.108733032520757,205.8630914826499,342.34984227129337,1.4384102635867873,0.2177711146769087,3011.0988259498013,-32.5153_28.0156,100.24407962213225,396.55668016194335,45.75708502024292,33.023847199148946,3.527061666968668,0.7187523106980583,2012,2,53,1,8,0.8660254037844386,0.5000000000000001,0.6118864012687243,-0.01474759476967598,0.05192160424671774,0.004188844983624003,-42.92016696,36.98053392,1.7424000000000002,0.8415671856782186,-1962.6108506370508,1691.0091985752028,2,2,0,0.7519587701903501,-0.17200102337413792,2.525007517970598,2.8496870731340023,2.144068589350009,13.08901338112747,-65.030556,56.031112,1993.3079102946526,3.5088307857513428,5.263246178627014,7.0176615715026855,8.772076964378357,12.2809077501297,15.789738535881042,15.789738535881042,1.7544153928756714,1.7544153928756714,1.7544153928756714,1.7544153928756714,1.7544153928756714,1.7544153928756714,1.7544153928756714,0.0,293.1716984309694,1.7544153928756714,2,823.4523659305996,1.986854819335804e-06,0.3820609957128617,79.67474006652833,6.1,17928.96205823223,3.43739543495758e-07,-9.86922982126236,-0.24466045210276083,0.056857236226399765
-34.096389,24.439167,2014-04-23,14102.5,8290.0,10425.0,8611.5,0.1499337478340638,-0.1140796152818588,1.3419999999999999,203,1.5622611045837402,37,10,14,5,22,55,7333.504347826087,41,-0.0039343321695923,4044,7325,0.0257797022588172,13.771225929260254,29.53480815887451,0.0,3,187,0.0010930597782135,0.2648537953694661,0.3847255706787109,287.6042079925537,15.337325199280126,0.0212955191722306,38.69800866017778,8.771081520082511,0.7339020489629916,36.16872732131599,265.083728278041,737.6126382306476,0.5403433137443069,0.3323363226077756,4529.542748815165,-34.0964_24.4392,110.60336520245478,457.97399870801036,45.71188630490956,3.803152312624292,1.569272434156615,0.9626825936479506,2014,4,113,2,17,0.8660254037844387,-0.4999999999999998,-0.36572252349726897,-0.017104384270677227,0.02248012873956863,0.013014158622856912,-45.757354037999995,32.797362113999995,1.8009639999999996,0.8510052651755255,-1007.0303080253592,721.8061089076967,1,1,0,0.8584618372868319,-0.09027505161127847,0.8446976854983637,23.960906607187404,20.582690417433927,0.6289590733954649,-136.385556,97.756668,112.32537395233841,3.1245222091674805,4.686783313751221,6.249044418334961,7.811305522918701,10.935827732086182,18.747133255004883,18.747133255004883,1.5622611045837402,1.5622611045837402,1.5622611045837402,1.5622611045837402,1.5622611045837402,1.5622611045837402,1.5622611045837402,0.0,0.0,1.5622611045837402,1,1325.418641390205,0.0017076447764878804,0.5191961104505218,39.63571254920959,5.5,8494.335108745117,0.0004205280469591339,-13.11775271610832,-0.15225082037089885,0.1438273853725857
-32.515278,28.015556,2014-12-01,17661.5,10059.5,11990.0,9450.5,0.1912719423975178,-0.0875530057370911,1.567,102,1.7544153928756714,148,30,4,4,22,61,5336.408695652174,148,-0.0047927312552928,3224,6942,0.08850271913379,24.80931663513184,78.48573064804077,11.31124210357666,9,188,5.960464477539065e-08,0.2016177707248263,0.2532520294189453,295.0285339355469,1.624294385871219,0.216850380040921,41.4081753443669,0.0661606257536613,0.2996362015977196,13.108733032520757,205.8630914826499,342.34984227129337,1.4384102635867873,0.2177711146769087,3011.0988259498013,-32.5153_28.0156,118.20264897579143,476.55787709497207,52.9925512104283,33.023847199148946,3.527061666968668,0.7187523106980583,2014,12,335,4,49,-2.4492935982947064e-16,1.0,0.8695893893466109,-0.016746433470074432,0.03658495594851937,0.007665528813599107,-50.951440626,43.900376252,2.455489,0.9427379018890033,-2551.985351054166,2198.8213821711024,2,2,1,0.8926662067335444,-0.07083030716335326,2.525007517970598,2.8496870731340023,2.5452693026602002,17.019660518817002,-390.18333600000005,336.186672,2591.90077623446,3.5088307857513428,5.263246178627014,7.0176615715026855,8.772076964378357,12.2809077501297,17.544153928756714,17.544153928756714,1.7544153928756714,1.7544153928756714,1.7544153928756714,1.7544153928756714,1.7544153928756714,1.7544153928756714,1.7544153928756714,0.0,65.08082694279868,1.7544153928756714,2,823.4523659305996,1.0457130628083183e-07,0.3820609957128617,122.98713992547988,6.1,23155.530047951688,1.5094997252163018e-08,-8.234560140621186,-0.19845825619759194,0.0065833409627278905
-32.99163889,27.64002778,2014-01-16,16959.5,9266.0,12864.5,9973.0,0.1373055257510729,-0.1626036465511391,1.325,349,1.7668724060058594,160,10,6,3,25,63,6314.313043478261,160,-0.0038020238280296,4859,7659,3.0928937079408123,15.112613677978516,53.69682598114014,15.112613677978516,8,189,5.364418029785156e-07,0.2133761511908637,0.2235158284505208,296.7227141062419,1.848000040601443,1.190679600481804,58.66912700131276,0.9398388122724632,0.2428473791768734,27.11364343813017,192.2745591939547,369.0210957178842,1.940785565696371,0.5749613178391901,3922.0896013580114,-32.9916_27.64,106.83844744121714,433.7159336099585,50.31327800829875,15.613324365592023,2.8102050460191297,0.8554452001310441,2014,1,16,1,3,0.49999999999999994,0.8660254037844387,0.9623090774541486,-0.022326379178745786,0.018852807401778547,0.02643994587172777,-43.713921529249994,36.6230368085,1.755625,0.8437200390393196,-1771.546292308945,1484.1817618165392,3,2,0,0.7494884786360586,-0.17435890155749667,3.4310612475690863,3.2651802780363974,2.4486000537969117,63.9357153063649,-32.99163889,27.64002778,838.38596144629,3.5337448120117188,5.300617218017578,7.0674896240234375,8.834362030029297,12.368106842041016,21.202468872070312,24.73621368408203,1.7668724060058594,1.7668724060058594,1.7668724060058594,1.7668724060058594,1.7668724060058594,1.7668724060058594,1.7668724060058594,0.0,175.9820549169975,1.7668724060058594,1,576.8236775818641,9.478242191107711e-07,1.0158832870108294,71.14829442501068,6.3,15933.067944014467,1.1990323400823397e-07,-7.374153498438769,-0.2230614188286859,-0.04521171251932779
-33.202778,24.235556,2011-09-12,13347.109053497943,10103.822359396434,14054.699588477366,12064.713305898491,-0.018614553818789382,-0.1541439418532486,1.933,270,0.8285588622093201,506,20,4,2,20,73,4256.608695652174,506,-0.0007506189867854,2383,4472,0.0005629215718852,5.778781890869141,5.778781890869141,5.778781890869141,1,190,4.3213367462158203e-07,0.1648663414849175,0.1534372965494791,288.4202124277751,0.0,0.0,0.6818647847913059,0.0,0.1692742724201917,31.82837310209873,198.4069877242682,231.94113943972292,2.699076719814133,0.1120062944674814,1965.12914015136,-33.2028_24.2356,128.38052861749696,525.4655451431681,39.254786376457076,94.73955793268242,4.5616315665804255,0.38774957254411785,2011,9,255,3,37,-1.0,-1.8369701987210297e-16,-0.31719128858910595,0.002869320701467637,0.0003465016138726064,0.02376035481005768,-64.180969874,46.847329748,3.736489,1.0760257899953138,-191.8716122329483,140.05199212794494,5,0,3,2.3301541193254733,0.4719509111033623,2.239043012704676,0.0,0.0,0.0,-298.82500200000004,218.120004,547.479241730333,1.6571177244186401,1.6571177244186401,1.6571177244186401,1.6571177244186401,1.6571177244186401,1.6571177244186401,1.6571177244186401,0.8285588622093201,0.8285588622093201,0.8285588622093201,0.8285588622093201,0.8285588622093201,0.8285588622093201,,,62.38950268211357,0.8285588622093201,5,396.8139754485364,3.5804818576679054e-07,,11.17038539505005,7.3,1666.7175005382574,6.630542278192779e-08,-5.094544494252521,-0.0005118206538846948,-0.02644379933675131
-31.905,25.43,2015-12-28,14806.0,10362.5,13830.0,11956.5,0.0340829724821902,-0.1433295442802515,2.142,109,1.002436280250549,983,10,6,2,23,68,4708.4,985,-0.0001083016395568,3531,5246,0.0859722105818435,3.7740652561187744,3.7740652561187744,0.0,1,191,3.5762786865234375e-07,0.1455364227294922,0.0728797912597656,301.5814100901286,5.853894491721314,0.4366214064346009,3.6391110045716815,0.5566922932041161,1.0266167833844149,78.25377121038302,190.0041087231353,201.7269279393173,3.8249359314962224,0.3956764914971386,3236.572379486616,-31.905_25.43,118.20264897579143,476.55787709497207,52.9925512104283,205.6130930053817,5.330847928372485,0.12794805342477403,2015,12,362,4,53,-2.4492935982947064e-16,1.0,0.9986668162884759,-0.004885096913588674,0.0011616490132217345,0.020543358263584572,-68.34051,54.471059999999994,4.588164,1.1448595398334294,-120.4115519964695,95.97447946310044,6,0,3,2.1346646938709073,0.44999569346247714,3.838079483297238,5.8681562192602925,12.539042001267054,1.6478376801025416,-382.86,305.15999999999997,775.9972305147293,2.004872560501098,3.007308840751647,4.009745121002196,5.012181401252746,7.017053961753843,10.024362802505491,10.024362802505491,1.002436280250549,1.002436280250549,1.002436280250549,1.002436280250549,1.002436280250549,1.002436280250549,1.002436280250549,0.0,0.0,1.002436280250549,7,380.0082174462706,3.584991503657874e-07,0.39664047031897964,8.084047778606415,6.8,1138.1879217124624,2.606384441605768e-08,-2.3252297401428215,-0.00039412168832430656,-0.04393357941598601
-33.23778,26.99472,2012-11-08,12442.5,10792.0,10398.0,9639.0,0.0895120509621067,0.0185936762623878,1.68,31,1.3359594345092771,36,80,2,4,19,66,4803.904347826087,38,-0.0032368656247854,2782,4851,0.0367373145984741,39.14187240600586,112.94427394866943,6.648828506469727,5,192,1.405179500579834e-05,0.2238693237304687,0.2663949330647786,289.0187581380208,0.0322639009966382,0.4146227590822882,27.186026905141187,0.9141438615714166,15.37988529234258,16.285720672219437,229.59304897314377,330.8815165876777,4.318187115434061,0.1569840072031834,2418.833384161,-33.2378_26.9947,122.35395532319392,505.8983269961977,45.876742712294046,30.148920166731138,3.4387795790380906,0.7397158140089675,2012,11,313,4,45,-0.5000000000000004,0.8660254037844384,0.6254105729852457,0.0016643580971717703,0.008012407267442786,0.0003457247969504835,-55.839470399999996,45.3511296,2.8223999999999996,0.9858167945227653,-3754.016929765606,3048.899050847626,6,1,2,1.2565826281906856,0.1369660970502521,5.7732410039559685,0.04310326293053207,0.054203353674352174,46.82926648714312,-365.61558,296.94192,3405.1478985678464,1.3359594345092771,1.3359594345092771,1.3359594345092771,1.3359594345092771,1.3359594345092771,1.3359594345092771,1.3359594345092771,1.3359594345092771,1.3359594345092771,1.3359594345092771,1.3359594345092771,1.3359594345092771,1.3359594345092771,,,57.421771178736535,1.3359594345092771,2,918.3721958925751,1.8772628109786634e-05,,189.74638023376465,6.6,32643.013795444855,3.7433269900096393e-06,-8.854376178321838,-0.08799751596374251,0.007503827412923159
-31.905,25.43,2014-05-19,12888.0,9263.5,11584.0,10126.0,0.0532853873814972,-0.1113083103489621,1.88,109,1.002436280250549,983,10,6,2,23,68,4708.4,985,-0.0008480120450258,3581,6003,0.0859722105818435,24.09576988220215,38.82951545715332,0.0,5,193,5.453824996948242e-06,0.171854019165039,0.1126505533854166,287.3200340270996,5.853894491721314,0.4366214064346009,3.6391110045716815,0.5566922932041161,1.0266167833844149,78.25377121038302,190.0041087231353,201.7269279393173,3.8249359314962224,0.3956764914971386,3236.572379486616,-31.905_25.43,120.45334559710494,476.2898914354644,42.100723763570564,205.6130930053817,5.330847928372485,0.12794805342477403,2014,5,139,2,21,0.49999999999999994,-0.8660254037844387,-0.7324940716135789,-0.00593110643572436,0.002839332508396221,0.012389539952740863,-59.9814,47.8084,3.5343999999999998,1.0577902941478545,-1238.8556906604767,987.4345780754089,6,0,3,1.873561916189218,0.3629264477769023,3.838079483297238,5.8681562192602925,11.00532164443607,16.953797650076357,-159.525,127.15,7983.856773045572,2.004872560501098,3.007308840751647,4.009745121002196,5.012181401252746,7.017053961753843,11.02679908275604,11.02679908275604,1.002436280250549,1.002436280250549,1.002436280250549,1.002436280250549,1.002436280250549,1.002436280250549,1.002436280250549,0.0,0.0,1.002436280250549,7,380.0082174462706,5.4671120430782585e-06,0.39664047031897964,72.99948905944824,6.8,11156.497702405082,6.143764039734375e-07,-3.5941159057617167,-0.0030860099650627253,-0.004162817290335005
-33.506389,26.744722,2015-08-18,12993.5,8568.0,10654.0,8911.0,0.0989322338513584,-0.1085214857975231,1.652,180,1.5091787576675415,45,10,3,5,22,61,7364.278260869565,47,-0.0010946961119771,4707,7644,0.020117351909454,39.81631851196289,84.81517124176025,13.145798683166504,6,194,1.0132789611816406e-06,0.1954915788438585,0.2251555124918619,289.9842065175374,0.3408169263156834,0.0,72.81411098119199,0.2388997995713931,0.0321644397522203,23.01632650143816,292.68160302934683,410.663300725781,1.3237188192172529,0.1707317765276678,3937.208218200776,-33.5064_26.7447,129.8754115225926,532.7413230451851,38.73888888888889,14.708864983830177,2.754225201651799,0.863217449936939,2015,8,230,3,34,-0.8660254037844385,-0.5000000000000004,-0.6839194216246105,-0.010736273010817424,0.009787586894819863,0.011776912879702008,-55.35255462799999,44.182280743999996,2.7291039999999995,0.975314072323616,-2841.850120728032,2268.3581762432727,2,1,2,1.0939102352038776,0.054960103521579096,1.9990520419066558,0.514353665449173,0.563029562273509,0.0,-268.051112,213.957776,1247.5349023754875,3.018357515335083,4.5275362730026245,4.5275362730026245,4.5275362730026245,4.5275362730026245,4.5275362730026245,4.5275362730026245,1.5091787576675415,1.5091787576675415,1.5091787576675415,1.5091787576675415,1.5091787576675415,1.5091787576675415,,,52.204023331646646,1.5091787576675415,1,1463.4080151467342,1.5292190838067654e-06,,140.11466289138792,6.1,24595.060133190906,2.2814534380207372e-07,-7.544148187046684,-0.07970932418817993,-0.003726535373263895
-33.771111,25.386667,2012-12-06,17562.0,9492.0,13559.5,10235.0,0.1286088395482223,-0.1764527254191693,1.7140001,310,1.0938864946365356,41,20,1,2,26,73,5182.4,42,-0.003034146502614,3258,4494,11.839383506035778,11.83527946472168,20.89948844909668,9.064208984375,2,195,3.546476364135742e-06,0.2056310441758897,0.2610492706298828,294.08342425028485,3.1241119204481924,33.70925732029042,19.27728871984932,0.502354380102659,4.296020649133236,31.85052515628104,260.9519061583578,272.36083408884866,2.86542226281518,0.8665267226635075,2590.0876342832053,-33.7711_25.3867,118.20264897579143,476.55787709497207,52.9925512104283,25.53552911297582,3.278484556272343,0.7746412259068073,2012,12,341,4,49,-2.4492935982947064e-16,1.0,0.9158642882672868,-0.02269338025128047,0.016540233609940388,0.03113556430785275,-57.883687631111094,43.5127497766667,2.9377963428000102,0.9984235982586606,-705.7989442576618,530.5683537275638,5,0,2,1.5654591671340223,0.25892422552340855,3.137312136987202,3.4174238375112886,5.354728144059394,704.5062339930373,-405.253332,304.640004,533.6794957382101,2.1877729892730713,3.281659483909607,4.375545978546143,5.469432473182678,5.469432473182678,5.469432473182678,5.469432473182678,1.0938864946365356,1.0938864946365356,1.0938864946365356,1.0938864946365356,1.0938864946365356,1.0938864946365356,,,25.9727862186375,1.0938864946365356,2,521.9038123167156,3.879442598275773e-06,,35.82172529170055,7.3,6146.193128189627,9.258050681637542e-07,-8.815923894910812,-0.05849011814921113,0.021515528361002623
-33.18536111,27.39075,2014-09-04,15883.0,9083.5,12135.5,9484.0,0.1337509145742991,-0.1438333568971198,1.5940001000000001,90,1.6152466535568235,7,60,2,3,20,63,6673.330434782609,7,-0.0014570252969861,2896,6061,0.0684319741939189,20.830434799194336,20.830434799194336,0.0,1,196,3.725290298461914e-07,0.1972215440538194,0.1959946950276692,291.1892541249593,0.2018437283064412,0.1614159023148939,66.86530317704474,0.0645663609259575,0.623044282817541,16.49092378426396,229.8037235721048,411.86052382455046,0.1315599961844975,0.2346974579260604,3548.4095545158957,-33.1854_27.3908,128.38052861749696,525.4655451431681,39.254786376457076,12.001694951701314,2.565079729862787,0.8869054039715253,2014,9,247,3,36,-1.0,-1.8369701987210297e-16,-0.4443781781046134,-0.019237843031281343,0.017889307149461457,0.020688034556294237,-52.89746892787612,43.660858239075004,2.5408363188000105,0.9532011244447526,-691.2655008895745,570.5612319760322,1,1,2,0.9862356692229705,-0.008539591233342136,0.21263340357514257,0.32602740668841185,0.32173892310484015,3.362363428723519,-298.66824999000005,246.51675,250.00052417123402,3.230493307113647,4.84573996067047,6.460986614227294,8.076233267784117,11.306726574897764,19.38295984268188,22.61345314979553,1.6152466535568235,1.6152466535568235,1.6152466535568235,1.6152466535568235,1.6152466535568235,1.6152466535568235,1.6152466535568235,0.0,0.0,1.6152466535568235,1,689.4111707163144,6.017262688118307e-07,0.37909428351336244,33.203715152959255,6.3,6065.598772275995,7.301371359365776e-08,-6.504154730137524,-0.09742443821959923,-0.030015563964843783
-32.043333,27.822778,2015-09-28,13619.5,10046.5,13105.0,10969.0,0.0192519972310052,-0.1321080707513546,1.686,50,1.7268855571746826,780,60,1,2,28,67,4390.017391304348,781,-0.0037454068660736,1876,3569,0.8499336676821312,18.735694885253903,39.11143064498901,6.516402721405029,4,197,2.950429916381836e-06,0.2283087836371528,0.2841904958089192,290.2761376698812,32.35909346582117,0.6757461417075135,3.190795491264453,0.0108991313178631,1.558191103231443,43.25959251781048,196.6036604607132,249.9438308614705,2.488236788114856,0.4652227498014931,2223.134863555915,-32.0433_27.8228,128.38052861749696,525.4655451431681,39.254786376457076,88.36434076914189,4.492721729780151,0.41327443809170694,2015,9,271,3,40,-1.0,-1.8369701987210297e-16,-0.04732138832243232,-0.002543344212298518,0.00037063939738263193,0.017452542357644915,-54.02505943799999,46.909203708,2.842596,0.9880530981010458,-1253.2605962637874,1088.188652097926,4,2,2,0.9757590674910375,-0.015473689817893321,4.299388409014381,55.88045114939222,54.55743158337449,26.429398355012324,-288.389997,250.405002,3456.0557854824674,3.4537711143493652,5.180656671524048,6.9075422286987305,8.634427785873413,12.088198900222778,20.72262668609619,24.176397800445557,1.7268855571746826,1.7268855571746826,1.7268855571746826,1.7268855571746826,1.7268855571746826,1.7268855571746826,1.7268855571746826,0.0,16.214352977571757,1.7268855571746826,5,393.2073209214264,5.095054810055899e-06,0.8033864475012894,65.94187206745146,6.7,11353.11502637084,8.38484140786022e-07,-9.106410692640301,-0.01195082734121857,0.050626224941677456
-33.001667,25.161389,2015-01-08,13955.5,10670.0,17303.5,14835.5,-0.1071051537157298,-0.2371351457629534,0.8120000500000001,80,0.851338803768158,338,20,6,2,20,74,3179.9304347826087,340,-0.0004549790173768,1297,2386,0.0067955300349302,12.347111701965332,32.442588567733765,8.351915121078491,4,198,4.827976226806641e-06,0.1515884399414062,0.1383622487386067,301.8047726949056,0.1941042217033892,0.0107835678724105,7.433768806225206,0.0,1.6753435623579898,61.37524744059418,184.8042244640605,140.6992433795712,2.3950612593516656,0.0960853989312394,1645.4146745983876,-33.0017_25.1614,106.83844744121714,433.7159336099585,50.31327800829875,100.29789501224202,4.618065631297789,0.3667851773530178,2015,1,8,1,2,0.49999999999999994,0.8660254037844387,0.9905324521322229,0.025398396238343116,0.011471513952470109,0.05623307735601715,-26.79735525408335,20.431049126069453,0.6593440812000027,0.5944312352146063,-1070.6595045303566,816.3005911197021,4,0,0,0.9526728648398715,-0.02201782367766325,2.0414036487472567,0.16524845591131268,0.15761263772836312,0.34984685577684604,-33.001667,25.161389,3253.9233420919245,1.702677607536316,2.554016411304474,3.405355215072632,4.25669401884079,5.108032822608948,5.108032822608948,5.108032822608948,0.851338803768158,0.851338803768158,0.851338803768158,0.851338803768158,0.851338803768158,0.851338803768158,,,120.02009008733081,0.851338803768158,5,369.608448928121,4.11024350555067e-06,,26.34338353912925,7.4,9791.328068319232,6.680096475975003e-07,-4.566184858242668,-0.003382208826862652,-0.10707219441731775
-33.23778,26.99472,2013-03-27,14549.383590462832,9896.441795231416,12929.501402524544,10648.982468443197,0.06305933545775358,-0.1289141276511609,1.528,31,1.3359594345092771,36,80,2,4,19,66,4803.904347826087,38,-0.0012790597975254,2052,4340,0.0367373145984741,10.03796100616455,17.217928886413574,0.0,2,199,1.5348196029663086e-06,0.1635386149088541,0.2513872782389323,295.7426923116048,0.0322639009966382,0.4146227590822882,27.186026905141187,0.9141438615714166,15.37988529234258,16.285720672219437,229.59304897314377,330.8815165876777,4.318187115434061,0.1569840072031834,2418.833384161,-33.2378_26.9947,106.013235367335,421.7467787464508,47.294520547945204,30.148920166731138,3.4387795790380906,0.7397158140089675,2013,3,86,1,13,1.0,6.123233995736766e-17,0.09025161003104117,-0.008129239220798222,0.003976479788373498,0.016618852308059807,-50.78732784,41.247932160000005,2.334784,0.927428476284611,-572.2857323822594,464.79316926864624,6,1,1,1.142891818973433,0.07857777881209782,5.7732410039559685,0.04310326293053207,0.04929924072286317,7.1389451805674256,-99.71334,80.98416,519.1019634329368,2.6719188690185542,2.6719188690185542,2.6719188690185542,2.6719188690185542,2.6719188690185542,2.6719188690185542,2.6719188690185542,1.3359594345092771,1.3359594345092771,1.3359594345092771,1.3359594345092771,1.3359594345092771,1.3359594345092771,,,0.0,1.3359594345092771,2,918.3721958925751,2.0504567288526228e-06,,26.308995338439942,6.6,5092.076644897702,3.85834122577459e-07,-8.355555048904419,-0.03477255406880996,-0.007503827412923159
