Latitude,Longitude,Sample Date,nir,green,swir16,swir22,NDMI,MNDWI,pet,aspect,avg_precip,elevation_x,land_use,slope,soil_carbon,soil_clay,soil_ph,veg_index,elevation_y,evaporation,evi,ndvi,pop_density_3km,precip_30d_max,precip_30d_sum,precip_7d_sum,rainy_days_30d,row_index,runoff,soil_moist_deep_avg,soil_moist_top,temp_2m,ag_pct,urban_pct,forest_pct,water_pct,bare_pct,grass_pct,soil_cec,soil_soc,twi,human_mod,evi_index
-32.043333,27.822778,2014-09-01,15229.0,12868.0,14797.0,12421.0,0.0143875308066342,-0.0697270919934933,161.90001,50,1.7268855571746826,780,60,1,2,28,67,4390.017391304348,781,-0.0007860651239752,1339,2542,0.8499336676821312,12.804869651794434,19.24716806411743,0.0,2,0,5.21540641784668e-07,0.1880925496419271,0.1298681894938151,285.8096459706624,32.35909346582117,0.6757461417075135,3.190795491264453,0.0108991313178631,1.558191103231443,43.25959251781048,196.60366046071317,249.9438308614705,2.4882367881148557,0.4652227498014931,2223.134863555915
-33.329167,26.0775,2015-09-16,,,,,,,177.6,296,1.0588278770446775,271,10,9,5,16,60,6937.773913043478,270,-0.0018165186047554,3379,7018,1.1216865440546526,12.50655746459961,35.65241742134094,4.444222450256348,5,1,8.940696716308595e-08,0.2040066189236111,0.2321077982584635,287.8305721282959,0.1289192939941303,0.5908800974730974,32.285688525930034,0.1842366250445529,0.1718923919921738,45.84833529801846,246.48785871964674,401.30558183538307,0.013750322450358544,0.41214748289411435,3451.557829788984
-32.99163889,27.64002778,2015-05-07,16221.0,9304.5,12536.5,9958.0,0.1281230983221768,-0.1479785724096875,158.40001,349,1.7668724060058594,160,10,6,3,25,63,6314.313043478261,160,-0.0011976277455687,4322,7648,3.0928937079408123,0.0,0.0,0.0,0,2,3.427267074584961e-07,0.2261965009901258,0.2159226735432942,288.9845333099365,1.848000040601443,1.190679600481804,58.66912700131276,0.9398388122724632,0.2428473791768734,27.113643438130172,192.2745591939547,369.0210957178842,1.940785565696371,0.5749613178391901,3922.0896013580114
-34.096389,24.439167,2012-02-07,,,,,,,130.0,203,1.5622611045837402,37,10,14,5,22,55,7333.504347826087,41,-0.0026450809091329,5351,7385,0.0257797022588172,14.912137031555176,53.79167985916138,33.24662113189697,6,3,9.804964065551758e-05,0.2384158240424262,0.266116460164388,294.706501642863,15.337325199280126,0.0212955191722306,38.69800866017778,8.771081520082511,0.7339020489629916,36.16872732131599,265.083728278041,737.6126382306476,0.5403433137443069,0.3323363226077756,4529.542748815165
-32.00055556,28.58166667,2014-10-01,9125.0,11100.5,9455.0,8711.0,-0.0177610333692142,0.0800515677069393,152.5,118,1.990221738815308,332,80,10,4,24,70,4637.843478260869,328,-0.00256391428411,1530,3688,0.3772979669069599,30.467071533203125,40.478271484375,30.467071533203125,2,4,0.0001318305730819,0.2574787139892578,0.4114856719970703,286.3893585205078,8.103756823152859,0.0109042160830773,30.144170841270967,2.129443735314053,1.8100571081591332,28.66577294856418,175.281389748882,375.94324045407626,-1.6145453242132217,0.3145368905390403,3002.7820183687754
-32.08639,25.57556,2013-07-19,13355.0,10552.5,13501.5,10943.0,-0.0054549178038836,-0.122599151908206,198.8,164,0.9414331912994384,898,60,4,5,21,68,5029.426086956521,897,-0.0003059627488255,2011,3705,0.0522290631885286,4.242469310760498,12.480748653411863,0.0,4,5,2.9802322387695312e-08,0.1631062825520833,0.1086203257242838,282.5250358581543,7.095884476719371,0.3812924468209182,3.7430742552621568,0.2647045378714183,0.5170197413363308,69.69987478227881,188.2469993682881,179.50126342387873,3.4355267674755505,0.42728284684751744,2970.2395286879614
-32.00055556,28.58166667,2014-09-03,9534.0,11336.5,9552.5,9160.0,-0.0009692714746024,0.085403801043611,152.5,118,1.990221738815308,332,80,10,4,24,70,4637.843478260869,328,-0.001934272237122,1603,4070,0.3772979669069599,17.63213348388672,26.120567321777344,0.0,2,6,8.493661880493164e-07,0.1889701419406467,0.1621373494466146,291.63573964436847,8.103756823152859,0.0109042160830773,30.144170841270967,2.129443735314053,1.8100571081591332,28.66577294856418,175.281389748882,375.94324045407626,-1.6145453242132217,0.3145368905390403,3002.7820183687754
-32.99163889,27.64002778,2014-10-02,14693.5,9493.5,13449.0,11459.0,0.0442213733676823,-0.1724092840797638,156.3,349,1.7668724060058594,160,10,6,3,25,63,6314.313043478261,160,-0.0024869823828339,3427,6867,3.0928937079408123,23.257253646850582,54.60447549819946,0.0,4,7,5.587935447692871e-06,0.273215823703342,0.3868319193522135,287.23707644144696,1.848000040601443,1.190679600481804,58.66912700131276,0.9398388122724632,0.2428473791768734,27.113643438130172,192.2745591939547,369.0210957178842,1.940785565696371,0.5749613178391901,3922.0896013580114
-32.00055556,28.58166667,2014-08-06,8884.5,10063.0,9534.0,8720.0,-0.035263457936314,0.0269939276419858,152.5,118,1.990221738815308,332,80,10,4,24,70,4637.843478260869,328,-0.0006417939439415,1839,4041,0.3772979669069599,8.488433837890625,16.654460906982422,8.488433837890625,2,8,2.816319465637207e-06,0.192710452609592,0.1289075215657552,287.82356961568195,8.103756823152859,0.0109042160830773,30.144170841270967,2.129443735314053,1.8100571081591332,28.66577294856418,175.281389748882,375.94324045407626,-1.6145453242132217,0.3145368905390403,3002.7820183687754
-33.18536111,27.39075,2011-09-22,,,,,,,161.40001,90,1.6152466535568235,7,60,2,3,20,63,6673.330434782609,7,-0.0020566992461681,3805,6823,0.0684319741939189,15.770963668823242,15.770963668823242,0.0,1,9,3.8743019104003917e-07,0.2343020968967013,0.17108154296875,289.6646277109782,0.2018437283064412,0.1614159023148939,66.86530317704474,0.0645663609259575,0.623044282817541,16.49092378426396,229.80372357210481,411.86052382455046,0.13155999618449757,0.23469745792606042,3548.4095545158953
-33.731111,24.618333,2013-03-28,12638.0,8598.5,10324.5,8955.0,0.1007512248230811,-0.0912117528933039,161.40001,318,1.5277236700057983,112,10,47,5,18,60,7232.617391304348,153,-0.0016921740025281,2800,6021,0.0664581003366822,23.60118103027344,40.36973762512207,33.04165363311768,3,10,2.211332321166992e-05,0.1568342844645182,0.1914742787679036,294.3558781941732,2.63495362391042,0.1924823683634469,34.00786032573553,1.3588668114268267,0.5560601752721801,14.984479798577052,260.8192999053926,540.7291075370546,-0.8229040366649734,0.22511365973528388,3027.098205202035
-33.731111,24.618333,2013-04-18,15237.0,9018.0,11554.5,9703.0,0.1374503107328817,-0.1232956616842866,161.40001,318,1.5277236700057983,112,10,47,5,18,60,7232.617391304348,153,-0.0020139282569289,3039,6790,0.0664581003366822,23.60118103027344,72.79530692100525,9.131195783615112,8,11,1.9356608390808105e-05,0.1718082427978515,0.2363389333089192,285.4848454793294,2.63495362391042,0.1924823683634469,34.00786032573553,1.3588668114268267,0.5560601752721801,14.984479798577052,260.8192999053926,540.7291075370546,-0.8229040366649734,0.22511365973528388,3027.098205202035
-32.00055556,28.58166667,2012-11-21,12623.0,11073.0,8886.5,8472.0,0.1737139403519375,0.1095468323354788,144.5,118,1.990221738815308,332,80,10,4,24,70,4637.843478260869,328,-0.0023192316293716,5014,7549,0.3772979669069599,14.03715991973877,28.746060848236084,7.085507392883301,3,12,5.137920379638672e-05,0.2723185221354166,0.2714341481526692,288.7105795542399,8.103756823152859,0.0109042160830773,30.144170841270967,2.129443735314053,1.8100571081591332,28.66577294856418,175.281389748882,375.94324045407626,-1.6145453242132217,0.3145368905390403,3002.7820183687754
-32.00055556,28.58166667,2014-07-09,9338.5,10082.0,9386.0,8825.5,-0.0025367833587011,0.0357509759605504,152.5,118,1.990221738815308,332,80,10,4,24,70,4637.843478260869,328,-0.0005902275443077,1841,4708,0.3772979669069599,3.072983503341675,3.072983503341675,0.0,1,13,9.5367431640625e-07,0.2014838324652778,0.1185321807861328,282.29378573099774,8.103756823152859,0.0109042160830773,30.144170841270967,2.129443735314053,1.8100571081591332,28.66577294856418,175.281389748882,375.94324045407626,-1.6145453242132217,0.3145368905390403,3002.7820183687754
-32.00055556,28.58166667,2014-06-04,8823.5,10519.0,8917.5,8479.0,-0.0052984611915901,0.0823965220075626,129.1,118,1.990221738815308,332,80,10,4,24,70,4637.843478260869,328,-0.0015684477984905,2979,6202,0.3772979669069599,7.0457634925842285,16.549889087677002,7.0457634925842285,3,14,1.0579824447631836e-06,0.2231593661838107,0.1504567464192708,289.35809961954754,8.103756823152859,0.0109042160830773,30.144170841270967,2.129443735314053,1.8100571081591332,28.66577294856418,175.281389748882,375.94324045407626,-1.6145453242132217,0.3145368905390403,3002.7820183687754
-31.905,25.43,2014-11-03,13570.0,10135.5,13023.0,11702.5,0.0205693227541082,-0.1246842412073315,198.0,109,1.002436280250549,983,10,6,2,23,68,4708.4,985,-0.0018248446285724,3301,5245,0.0859722105818435,9.65721035003662,31.247687339782715,31.247687339782715,4,15,2.992153167724609e-05,0.1480956607394748,0.1565628051757812,293.15535672505695,5.853894491721314,0.4366214064346009,3.6391110045716815,0.5566922932041161,1.0266167833844149,78.25377121038302,190.00410872313526,201.72692793931733,3.8249359314962224,0.3956764914971386,3236.5723794866162
-33.731111,24.618333,2014-04-10,15323.0,8819.0,11006.5,9177.0,0.1639415864334681,-0.110337696401099,158.6,318,1.5277236700057983,112,10,47,5,18,60,7232.617391304348,153,-0.0017209071666002,2710,6877,0.0664581003366822,11.211237907409668,34.08662986755371,0.0,4,16,2.9802322387695312e-08,0.1694198184543185,0.1744378407796224,294.9032465616862,2.63495362391042,0.1924823683634469,34.00786032573553,1.3588668114268267,0.5560601752721801,14.984479798577052,260.8192999053926,540.7291075370546,-0.8229040366649734,0.22511365973528388,3027.098205202035
-32.08639,25.57556,2014-12-05,15557.5,11089.5,14653.0,11730.5,0.0299399215504543,-0.1384286685442356,197.90001,164,0.9414331912994384,898,60,4,5,21,68,5029.426086956521,897,-0.0017631780356168,3916,6374,0.0522290631885286,23.37127494812012,66.74748039245605,15.038403511047363,5,17,3.427267074584961e-07,0.1752836439344618,0.2035884857177734,288.9117418924968,7.095884476719371,0.3812924468209182,3.7430742552621568,0.2647045378714183,0.5170197413363308,69.69987478227881,188.2469993682881,179.50126342387873,3.4355267674755505,0.42728284684751744,2970.2395286879614
-32.043333,27.822778,2014-08-04,12556.5,10013.5,12704.5,11123.0,-0.0058588337753849,-0.1184523285500479,161.90001,50,1.7268855571746826,780,60,1,2,28,67,4390.017391304348,781,-0.0006456384435296,1454,2663,0.8499336676821312,3.812171459197998,5.825477123260498,0.0,2,18,1.6391277313232422e-06,0.1938860151502821,0.1141510009765625,291.71296246846515,32.35909346582117,0.6757461417075135,3.190795491264453,0.0108991313178631,1.558191103231443,43.25959251781048,196.60366046071317,249.9438308614705,2.4882367881148557,0.4652227498014931,2223.134863555915
-32.515278,28.015556,2015-08-05,12252.0,9749.0,12547.0,10619.5,-0.0118956409532642,-0.1254933620380331,159.40001,102,1.7544153928756714,148,30,4,4,22,61,5336.408695652174,148,-0.0023550856858491,2149,5239,0.08850271913379,16.826797485351562,70.53124713897705,0.0,6,19,5.960464477539064e-08,0.2186029222276475,0.2467422485351562,285.4258282979329,1.624294385871219,0.216850380040921,41.4081753443669,0.0661606257536613,0.2996362015977196,13.108733032520757,205.8630914826499,342.34984227129337,1.4384102635867873,0.21777111467690877,3011.0988259498013
-32.043333,27.822778,2014-09-29,13494.0,10057.0,14390.0,11911.5,-0.0321331229378855,-0.1772405612140541,161.90001,50,1.7268855571746826,780,60,1,2,28,67,4390.017391304348,781,-0.0021288115531206,1426,2579,0.8499336676821312,11.307164192199709,27.800216674804688,15.076219081878662,5,20,5.713105201721192e-05,0.184252209133572,0.3241825103759765,286.348393758138,32.35909346582117,0.6757461417075135,3.190795491264453,0.0108991313178631,1.558191103231443,43.25959251781048,196.60366046071317,249.9438308614705,2.4882367881148557,0.4652227498014931,2223.134863555915
-32.99163889,27.64002778,2011-03-08,16227.0,9602.0,12598.5,9917.5,0.1258781287401779,-0.134974437512668,131.2,349,1.7668724060058594,160,10,6,3,25,63,6314.313043478261,160,-0.0028641819953918,3620,7711,3.0928937079408123,12.119091987609863,48.92688322067261,24.68869924545288,7,21,8.493661880493164e-07,0.1874807145860459,0.2086849212646484,300.08917744954425,1.848000040601443,1.190679600481804,58.66912700131276,0.9398388122724632,0.2428473791768734,27.113643438130172,192.2745591939547,369.0210957178842,1.940785565696371,0.5749613178391901,3922.0896013580114
-32.08639,25.57556,2013-04-26,14994.5,10467.5,13048.5,10355.0,0.0693934315158863,-0.1097550603844186,186.1,164,0.9414331912994384,898,60,4,5,21,68,5029.426086956521,897,-0.0016269441694021,4082,6602,0.0522290631885286,26.820281982421875,64.809396982193,3.957983493804932,10,22,2.9802322387695312e-08,0.1837946573893229,0.1574153900146484,291.885191599528,7.095884476719371,0.3812924468209182,3.7430742552621568,0.2647045378714183,0.5170197413363308,69.69987478227881,188.2469993682881,179.50126342387873,3.4355267674755505,0.42728284684751744,2970.2395286879614
-32.043333,27.822778,2011-07-04,15229.5,11940.0,15485.0,13238.0,-0.008318546614791,-0.1292616226071098,141.1,50,1.7268855571746826,780,60,1,2,28,67,4390.017391304348,781,-0.0008343420922756,1883,3569,0.8499336676821312,9.501021385192873,23.593018770217896,0.0,5,23,1.1622905731201172e-05,0.2898385789659288,0.260318120320638,280.2148920694987,32.35909346582117,0.6757461417075135,3.190795491264453,0.0108991313178631,1.558191103231443,43.25959251781048,196.60366046071317,249.9438308614705,2.4882367881148557,0.4652227498014931,2223.134863555915
-32.99163889,27.64002778,2014-07-22,13584.0,9298.0,13567.5,11264.5,0.0006077012319761,-0.1867223546390843,156.3,349,1.7668724060058594,160,10,6,3,25,63,6314.313043478261,160,-0.00096763856709,2649,5271,3.0928937079408123,8.772577285766602,8.772577285766602,8.772577285766602,1,24,2.384185791015625e-07,0.2117483350965711,0.1504198710123697,288.5589288075765,1.848000040601443,1.190679600481804,58.66912700131276,0.9398388122724632,0.2428473791768734,27.113643438130172,192.2745591939547,369.0210957178842,1.940785565696371,0.5749613178391901,3922.0896013580114
-32.99163889,27.64002778,2014-07-10,14629.0,9421.0,13900.5,11040.5,0.0255349725722497,-0.1920759813905615,156.3,349,1.7668724060058594,160,10,6,3,25,63,6314.313043478261,160,-0.0007509123533964,3784,7237,3.0928937079408123,0.0,0.0,0.0,0,25,2.682209014892578e-07,0.2184927198621962,0.1635602315266927,285.00879796346027,1.848000040601443,1.190679600481804,58.66912700131276,0.9398388122724632,0.2428473791768734,27.113643438130172,192.2745591939547,369.0210957178842,1.940785565696371,0.5749613178391901,3922.0896013580114
-32.043333,27.822778,2014-05-12,13527.0,9458.5,11937.0,9975.0,0.0624410933081998,-0.1158421163328732,141.1,50,1.7268855571746826,780,60,1,2,28,67,4390.017391304348,781,-0.0018713939934968,2188,3995,0.8499336676821312,26.084259033203125,59.99785614013672,0.0,4,26,6.705522537231445e-07,0.2441435919867621,0.2118816375732422,285.76068178812665,32.35909346582117,0.6757461417075135,3.190795491264453,0.0108991313178631,1.558191103231443,43.25959251781048,196.60366046071317,249.9438308614705,2.4882367881148557,0.4652227498014931,2223.134863555915
-33.18536111,27.39075,2015-07-02,16567.5,9081.5,11512.5,9157.5,0.1800213675213675,-0.118044090511799,161.90001,90,1.6152466535568235,7,60,2,3,20,63,6673.330434782609,7,-0.000910498201847,4184,7281,0.0684319741939189,14.183161735534668,36.234270334243774,3.8171498775482178,4,27,1.341104507446289e-07,0.221663581000434,0.2697181701660156,285.8131688435872,0.2018437283064412,0.1614159023148939,66.86530317704474,0.0645663609259575,0.623044282817541,16.49092378426396,229.80372357210481,411.86052382455046,0.13155999618449757,0.23469745792606042,3548.4095545158953
-33.731111,24.618333,2014-03-20,13483.0,8481.5,10416.0,8946.0,0.1283317293610611,-0.1023680381002772,158.6,318,1.5277236700057983,112,10,47,5,18,60,7232.617391304348,153,-0.0005405517295002,2834,6851,0.0664581003366822,8.285713195800781,26.45064878463745,0.0,4,28,5.960464477539064e-08,0.1587664286295572,0.1467615763346354,290.2890961964925,2.63495362391042,0.1924823683634469,34.00786032573553,1.3588668114268267,0.5560601752721801,14.984479798577052,260.8192999053926,540.7291075370546,-0.8229040366649734,0.22511365973528388,3027.098205202035
-33.18536111,27.39075,2012-05-31,,,,,,,136.40001,90,1.6152466535568235,7,60,2,3,20,63,6673.330434782609,7,-0.0006790850311517,3825,6770,0.0684319741939189,8.228816032409668,15.380757927894592,2.986253261566162,4,29,2.384185791015625e-07,0.1897305382622613,0.161935806274414,288.4203344980876,0.2018437283064412,0.1614159023148939,66.86530317704474,0.0645663609259575,0.623044282817541,16.49092378426396,229.80372357210481,411.86052382455046,0.13155999618449757,0.23469745792606042,3548.4095545158953
-33.329167,26.0775,2015-03-08,13201.0,8939.0,11515.0,9620.5,0.0682149215083346,-0.125941136208076,177.6,296,1.0588278770446775,271,10,9,5,16,60,6937.773913043478,270,-0.0011672023683786,2976,6407,1.1216865440546526,29.156503677368164,29.156503677368164,0.0,1,30,3.725290298461914e-06,0.1658772362603081,0.1574535369873047,292.3888689676921,0.1289192939941303,0.5908800974730974,32.285688525930034,0.1842366250445529,0.1718923919921738,45.84833529801846,246.48785871964674,401.30558183538307,0.013750322450358544,0.41214748289411435,3451.557829788984
-32.579167,27.366667,2012-05-07,,,,,,,134.0,222,2.115182876586914,812,10,15,3,28,65,5752.286956521739,816,-0.0016861855983734,3500,5989,0.1811423624861438,9.245220184326172,27.60575842857361,3.1227307319641118,8,31,9.588897228240968e-05,0.3096406724717881,0.2393945058186849,287.39080874125165,8.067877584786434,0.8964827741805825,18.65766798907683,0.1300174078862781,0.2645811761136777,71.7137356593136,218.99464398235668,246.52016383112795,-0.043590222720758943,0.4287488139888815,3256.112547601436
-32.99163889,27.64002778,2015-08-27,15231.5,9511.5,12598.5,10126.0,0.0946101329500539,-0.1396200814111255,158.40001,349,1.7668724060058594,160,10,6,3,25,63,6314.313043478261,160,-0.0019814576953649,3287,6683,3.0928937079408123,11.918283462524414,20.064539909362797,11.918283462524414,3,32,2.3156404495239254e-05,0.2434832255045572,0.3338292439778645,292.0202986399333,1.848000040601443,1.190679600481804,58.66912700131276,0.9398388122724632,0.2428473791768734,27.113643438130172,192.2745591939547,369.0210957178842,1.940785565696371,0.5749613178391901,3922.0896013580114
-32.08639,25.57556,2011-02-09,14278.5,10335.5,12794.5,10912.0,0.0548147600930816,-0.1063121487245996,185.90001,164,0.9414331912994384,898,60,4,5,21,68,5029.426086956521,897,-0.0026778858155012,4647,7089,0.0522290631885286,16.180444717407227,89.51644563674927,40.50810050964356,9,33,4.4032931327819824e-05,0.2161290910508897,0.3049271901448567,294.804402033488,7.095884476719371,0.3812924468209182,3.7430742552621568,0.2647045378714183,0.5170197413363308,69.69987478227881,188.2469993682881,179.50126342387873,3.4355267674755505,0.42728284684751744,2970.2395286879614
-33.329167,26.0775,2015-06-24,12940.0,9303.0,10895.0,9188.0,0.0857981959303545,-0.0788196851173379,177.6,296,1.0588278770446775,271,10,9,5,16,60,6937.773913043478,270,-0.0014070644974708,3721,7305,1.1216865440546526,11.83049774169922,23.66099548339844,0.0,2,34,2.9802322387695312e-08,0.189597659640842,0.2317612965901692,288.3563499450684,0.1289192939941303,0.5908800974730974,32.285688525930034,0.1842366250445529,0.1718923919921738,45.84833529801846,246.48785871964674,401.30558183538307,0.013750322450358544,0.41214748289411435,3451.557829788984
-32.043333,27.822778,2014-07-07,13210.5,9910.5,13044.5,11160.5,0.0063226052180537,-0.1365279895447609,141.1,50,1.7268855571746826,780,60,1,2,28,67,4390.017391304348,781,-0.0003821970894932,1459,2803,0.8499336676821312,3.08211088180542,7.666752815246582,2.0133056640625,3,35,6.258487701416016e-07,0.2025538550482856,0.1209882100423177,277.05575370788574,32.35909346582117,0.6757461417075135,3.190795491264453,0.0108991313178631,1.558191103231443,43.25959251781048,196.60366046071317,249.9438308614705,2.4882367881148557,0.4652227498014931,2223.134863555915
-33.731111,24.618333,2012-10-04,12701.0,8573.0,10332.5,8617.0,0.1028284889400221,-0.0930681547697755,169.40001,318,1.5277236700057983,112,10,47,5,18,60,7232.617391304348,153,-0.0010589202865958,2863,6598,0.0664581003366822,14.004498481750488,34.737359046936035,0.0,3,36,1.0728836059570312e-05,0.174308353000217,0.1697241465250651,286.0725676218669,2.63495362391042,0.1924823683634469,34.00786032573553,1.3588668114268267,0.5560601752721801,14.984479798577052,260.8192999053926,540.7291075370546,-0.8229040366649734,0.22511365973528388,3027.098205202035
-32.043333,27.822778,2014-06-02,13445.5,9492.5,11979.0,9927.5,0.0576805836889614,-0.1158046713084781,141.1,50,1.7268855571746826,780,60,1,2,28,67,4390.017391304348,781,-0.0011650919914245,2184,3895,0.8499336676821312,4.091845512390137,10.632809162139893,6.540963649749756,3,37,6.854534149169922e-07,0.2226214938693576,0.1482785542805989,285.3776658376058,32.35909346582117,0.6757461417075135,3.190795491264453,0.0108991313178631,1.558191103231443,43.25959251781048,196.60366046071317,249.9438308614705,2.4882367881148557,0.4652227498014931,2223.134863555915
-33.731111,24.618333,2013-05-23,14960.5,9477.0,11952.0,10080.0,0.1117882025081282,-0.1154976900461985,161.40001,318,1.5277236700057983,112,10,47,5,18,60,7232.617391304348,153,-0.0003739120438694,2795,7274,0.0664581003366822,0.0,0.0,0.0,0,38,5.960464477539064e-08,0.1631060706244574,0.1609605153401692,287.9728266398112,2.63495362391042,0.1924823683634469,34.00786032573553,1.3588668114268267,0.5560601752721801,14.984479798577052,260.8192999053926,540.7291075370546,-0.8229040366649734,0.22511365973528388,3027.098205202035
-32.043333,27.822778,2014-10-27,12962.0,10243.5,12659.0,10791.5,0.0118262362905429,-0.1054688352799908,161.90001,50,1.7268855571746826,780,60,1,2,28,67,4390.017391304348,781,-0.0041633863002061,1716,3043,0.8499336676821312,15.36693000793457,27.38835430145264,0.0,2,39,1.1473894119262695e-06,0.2119356791178385,0.2452341715494791,294.15578905741376,32.35909346582117,0.6757461417075135,3.190795491264453,0.0108991313178631,1.558191103231443,43.25959251781048,196.60366046071317,249.9438308614705,2.4882367881148557,0.4652227498014931,2223.134863555915
-31.903056,25.482222,2014-05-19,13404.5,9492.0,12325.5,10372.0,0.0419354838709677,-0.1298728085252658,187.90001,306,1.0192323923110962,971,60,9,3,22,66,5561.130434782609,968,-0.0008975453674793,2937,5270,0.0449728292176692,27.38324737548828,42.39877009391785,0.0,5,40,5.990266799926758e-06,0.1677850087483724,0.1768836975097656,287.0811017354329,4.684667407791398,0.1919875484196021,2.247474304275222,0.3165547203038925,0.4949725802398794,80.90813320896592,205.65195460277423,201.3240857503152,4.222173640601993,0.40314174662396995,3172.1821179889234
-32.579167,27.366667,2012-03-05,15243.5,8745.5,11706.0,9497.0,0.1312640308725579,-0.1447571082805655,134.0,222,2.115182876586914,812,10,15,3,28,65,5752.286956521739,816,-0.002415120601654,4383,7033,0.1811423624861438,83.766845703125,125.58359909057616,41.81675338745117,4,41,5.999207496643066e-05,0.313394546508789,0.2805652618408203,288.5505777994792,8.067877584786434,0.8964827741805825,18.65766798907683,0.1300174078862781,0.2645811761136777,71.7137356593136,218.99464398235668,246.52016383112795,-0.043590222720758943,0.4287488139888815,3256.112547601436
-32.802778,27.856389,2014-05-05,16278.5,8674.5,12632.0,9686.5,0.1261306445755002,-0.1857414404055092,129.40001,270,1.9185377359390257,195,10,3,5,21,58,7465.347826086957,202,-0.0025156736373901,4393,7960,0.0238558502547706,56.70843505859375,127.59397888183594,0.0,4,42,5.8710575103759766e-06,0.2892782423231336,0.3160635630289714,288.05267906188965,1.4901613073443385,0.1048143836019952,67.82384910797579,0.0216155825463071,0.1080779127315357,22.65762315901989,201.73840328179236,394.0643736194384,1.5850530284420763,0.21522417788665055,4024.841401072894
-32.99163889,27.64002778,2011-06-02,,,,,,,131.2,349,1.7668724060058594,160,10,6,3,25,63,6314.313043478261,160,-0.0016928538680076,4159,7709,3.0928937079408123,11.108072280883787,41.5954020023346,4.170280456542969,7,43,8.940696716308595e-08,0.2336932288275824,0.2908554077148437,286.01184527079266,1.848000040601443,1.190679600481804,58.66912700131276,0.9398388122724632,0.2428473791768734,27.113643438130172,192.2745591939547,369.0210957178842,1.940785565696371,0.5749613178391901,3922.0896013580114
-32.99163889,27.64002778,2011-01-14,,,,,,,131.2,349,1.7668724060058594,160,10,6,3,25,63,6314.313043478261,160,-0.0035251099616289,4887,7648,3.0928937079408123,38.59018707275391,79.04929065704346,8.816017150878906,4,44,8.687376976013184e-06,0.2206957075330946,0.2624600728352864,295.7387504577637,1.848000040601443,1.190679600481804,58.66912700131276,0.9398388122724632,0.2428473791768734,27.113643438130172,192.2745591939547,369.0210957178842,1.940785565696371,0.5749613178391901,3922.0896013580114
-32.99163889,27.64002778,2014-10-30,14693.5,9493.5,13449.0,11459.0,0.0442213733676823,-0.1724092840797638,156.3,349,1.7668724060058594,160,10,6,3,25,63,6314.313043478261,160,-0.0021206894889473,3766,7021,3.0928937079408123,21.58635139465332,59.31913185119629,35.97725200653076,5,45,5.424022674560547e-06,0.2354041205512152,0.2554550170898437,291.6572125752767,1.848000040601443,1.190679600481804,58.66912700131276,0.9398388122724632,0.2428473791768734,27.113643438130172,192.2745591939547,369.0210957178842,1.940785565696371,0.5749613178391901,3922.0896013580114
-34.096389,24.439167,2011-10-12,,,,,,,152.0,203,1.5622611045837402,37,10,14,5,22,55,7333.504347826087,41,-0.0016599278897047,4706,7557,0.0257797022588172,11.960165977478027,27.00484132766724,11.960165977478027,3,46,0.0004005432128906,0.2645606994628906,0.2407201131184896,290.6271381378174,15.337325199280126,0.0212955191722306,38.69800866017778,8.771081520082511,0.7339020489629916,36.16872732131599,265.083728278041,737.6126382306476,0.5403433137443069,0.3323363226077756,4529.542748815165
-33.18536111,27.39075,2015-11-18,20018.0,9304.0,12432.0,9650.0,0.2337750385208012,-0.1439087228560906,161.90001,90,1.6152466535568235,7,60,2,3,20,63,6673.330434782609,7,-0.0039501748979091,3908,6417,0.0684319741939189,30.72026824951172,89.47224521636963,14.947310447692873,4,47,6.973743438720703e-06,0.2370575798882378,0.2603340148925781,291.1843509674072,0.2018437283064412,0.1614159023148939,66.86530317704474,0.0645663609259575,0.623044282817541,16.49092378426396,229.80372357210481,411.86052382455046,0.13155999618449757,0.23469745792606042,3548.4095545158953
-32.99163889,27.64002778,2015-07-30,14629.0,9431.5,12426.0,10006.0,0.0814267233413417,-0.1370010293949439,158.40001,349,1.7668724060058594,160,10,6,3,25,63,6314.313043478261,160,-0.0024218773469328,3571,7140,3.0928937079408123,40.47122573852539,90.32114052772522,40.47122573852539,7,48,1.6421079635620117e-05,0.2786557939317491,0.3493639628092448,285.1913528442383,1.848000040601443,1.190679600481804,58.66912700131276,0.9398388122724632,0.2428473791768734,27.113643438130172,192.2745591939547,369.0210957178842,1.940785565696371,0.5749613178391901,3922.0896013580114
-32.00055556,28.58166667,2014-10-29,11417.5,12053.0,9903.0,9023.0,0.0710349194437278,0.0979231189652027,152.5,118,1.990221738815308,332,80,10,4,24,70,4637.843478260869,328,-0.0051342733204364,2992,6163,0.3772979669069599,19.065858840942383,57.18370246887207,21.795557022094727,4,49,8.761882781982422e-06,0.2381827036539713,0.2925573984781901,297.27026621500653,8.103756823152859,0.0109042160830773,30.144170841270967,2.129443735314053,1.8100571081591332,28.66577294856418,175.281389748882,375.94324045407626,-1.6145453242132217,0.3145368905390403,3002.7820183687754
-32.043333,27.822778,2014-02-04,14530.0,9747.0,11965.5,9916.5,0.0967900209469532,-0.1021761658031083,141.1,50,1.7268855571746826,780,60,1,2,28,67,4390.017391304348,781,-0.0041111269965767,2868,4571,0.8499336676821312,37.72454833984375,91.3307237625122,60.82721519470215,6,50,5.830824375152588e-05,0.2321414947509765,0.3192005157470703,295.3024724324544,32.35909346582117,0.6757461417075135,3.190795491264453,0.0108991313178631,1.558191103231443,43.25959251781048,196.60366046071317,249.9438308614705,2.4882367881148557,0.4652227498014931,2223.134863555915
-33.771111,25.386667,2014-12-04,17470.5,9528.0,13101.0,10068.0,0.1429272361513174,-0.1578947368421046,174.0,310,1.0938864946365356,41,20,1,2,26,73,5182.4,42,-0.0029523419216275,2566,4382,11.839383506035778,14.74039077758789,70.44170498847961,12.060967445373535,6,51,1.271069049835205e-05,0.1977793375651041,0.3441937764485677,291.69031079610187,3.1241119204481924,33.70925732029042,19.277288719849317,0.502354380102659,4.296020649133236,31.85052515628104,260.9519061583578,272.36083408884866,2.86542226281518,0.8665267226635075,2590.0876342832053
-32.579167,27.366667,2012-05-29,11906.5,8584.5,10940.0,9242.0,0.0423040728339132,-0.1206432943225172,134.0,222,2.115182876586914,812,10,15,3,28,65,5752.286956521739,816,-0.0025306176394224,2896,4967,0.1811423624861438,7.68348217010498,12.87316107749939,2.066948175430298,6,52,8.840858936309814e-05,0.2921509212917751,0.2092545827229817,289.3627535502116,8.067877584786434,0.8964827741805825,18.65766798907683,0.1300174078862781,0.2645811761136777,71.7137356593136,218.99464398235668,246.52016383112795,-0.043590222720758943,0.4287488139888815,3256.112547601436
-33.329167,26.0775,2015-10-06,13986.5,8949.5,10916.5,9273.5,0.1232783198811388,-0.0990133897110636,177.6,296,1.0588278770446775,271,10,9,5,16,60,6937.773913043478,270,-0.0030618561431765,3064,7367,1.1216865440546526,14.07938289642334,27.23185157775879,8.708246231079102,3,53,2.9802322387695312e-08,0.2036679585774739,0.227579116821289,291.06699498494464,0.1289192939941303,0.5908800974730974,32.285688525930034,0.1842366250445529,0.1718923919921738,45.84833529801846,246.48785871964674,401.30558183538307,0.013750322450358544,0.41214748289411435,3451.557829788984
-33.18536111,27.39075,2013-10-21,18905.5,9320.0,12488.0,9562.0,0.2044212974023285,-0.1452677916360961,165.2,90,1.6152466535568235,7,60,2,3,20,63,6673.330434782609,7,-0.0032553132623434,3084,5477,0.0684319741939189,8.310903549194336,8.310903549194336,0.0,1,54,0.0001038163900375,0.1807308197021484,0.3712368011474609,288.66932741800946,0.2018437283064412,0.1614159023148939,66.86530317704474,0.0645663609259575,0.623044282817541,16.49092378426396,229.80372357210481,411.86052382455046,0.13155999618449757,0.23469745792606042,3548.4095545158953
-32.579167,27.366667,2014-07-07,12178.0,8729.0,11578.5,9874.0,0.0252351987877002,-0.1403176166440963,135.6,222,2.115182876586914,812,10,15,3,28,65,5752.286956521739,816,-0.0008207634091377,2243,3867,0.1811423624861438,0.0,0.0,0.0,0,55,1.9431114196777344e-05,0.2562652164035373,0.1686795552571614,277.5822836558024,8.067877584786434,0.8964827741805825,18.65766798907683,0.1300174078862781,0.2645811761136777,71.7137356593136,218.99464398235668,246.52016383112795,-0.043590222720758943,0.4287488139888815,3256.112547601436
-32.99163889,27.64002778,2015-09-28,,,,,,,158.40001,349,1.7668724060058594,160,10,6,3,25,63,6314.313043478261,160,-0.0038582142442464,4005,7515,3.0928937079408123,33.14015579223633,92.90615463256836,14.00270652770996,5,56,8.493661880493164e-07,0.2644015418158637,0.303812026977539,290.31015459696454,1.848000040601443,1.190679600481804,58.66912700131276,0.9398388122724632,0.2428473791768734,27.113643438130172,192.2745591939547,369.0210957178842,1.940785565696371,0.5749613178391901,3922.0896013580114
-34.096389,24.439167,2013-02-26,14697.0,8345.0,10882.0,8734.0,0.1491457836506509,-0.1319498621729852,135.40001,203,1.5622611045837402,37,10,14,5,22,55,7333.504347826087,41,-0.0014500645920634,4330,6843,0.0257797022588172,23.094505310058597,46.18901062011719,0.0,2,57,0.0001314878463745,0.2130807240804036,0.1486829121907552,294.83196957906085,15.337325199280126,0.0212955191722306,38.69800866017778,8.771081520082511,0.7339020489629916,36.16872732131599,265.083728278041,737.6126382306476,0.5403433137443069,0.3323363226077756,4529.542748815165
-34.096389,24.439167,2011-11-08,14338.5,8332.0,10467.5,8750.0,0.1560509554140127,-0.1135934466342184,152.0,203,1.5622611045837402,37,10,14,5,22,55,7333.504347826087,41,-0.0029843868687748,4932,7542,0.0257797022588172,37.70998001098633,74.21276950836182,24.54262351989746,3,58,0.0002860128879547,0.2435868581136067,0.2111339569091797,291.04978879292804,15.337325199280126,0.0212955191722306,38.69800866017778,8.771081520082511,0.7339020489629916,36.16872732131599,265.083728278041,737.6126382306476,0.5403433137443069,0.3323363226077756,4529.542748815165
-32.99163889,27.64002778,2011-06-30,13424.5,9646.0,10982.0,9259.0,0.1000757994796468,-0.0647663370176456,131.2,349,1.7668724060058594,160,10,6,3,25,63,6314.313043478261,160,-0.0018414985388517,3941,7551,3.0928937079408123,15.576763153076172,46.91244888305664,7.970541000366211,4,59,4.6193599700927734e-07,0.2587818569607205,0.2898070017496745,285.90768814086914,1.848000040601443,1.190679600481804,58.66912700131276,0.9398388122724632,0.2428473791768734,27.113643438130172,192.2745591939547,369.0210957178842,1.940785565696371,0.5749613178391901,3922.0896013580114
-32.99163889,27.64002778,2011-02-10,16227.0,9602.0,12598.5,9917.5,0.1258781287401779,-0.134974437512668,131.2,349,1.7668724060058594,160,10,6,3,25,63,6314.313043478261,160,-0.0017981575801968,4199,7923,3.0928937079408123,24.41037940979004,91.37592697143556,21.242100715637207,8,60,1.2606382369995115e-05,0.2177725897894965,0.336252212524414,294.4856383005778,1.848000040601443,1.190679600481804,58.66912700131276,0.9398388122724632,0.2428473791768734,27.113643438130172,192.2745591939547,369.0210957178842,1.940785565696371,0.5749613178391901,3922.0896013580114
-32.00055556,28.58166667,2013-05-08,11016.0,10945.0,8307.0,8150.0,0.1401956217978574,0.1370247247039261,126.1,118,1.990221738815308,332,80,10,4,24,70,4637.843478260869,328,-0.0038063954561948,3202,6847,0.3772979669069599,18.601749420166016,58.90854454040527,0.0,5,61,2.3543834686279297e-06,0.2839802636040581,0.2755387624104817,292.7736161549886,8.103756823152859,0.0109042160830773,30.144170841270967,2.129443735314053,1.8100571081591332,28.66577294856418,175.281389748882,375.94324045407626,-1.6145453242132217,0.3145368905390403,3002.7820183687754
-32.99163889,27.64002778,2014-05-05,16510.0,9488.5,13107.5,10338.0,0.1148814045749978,-0.1601610904584875,132.5,349,1.7668724060058594,160,10,6,3,25,63,6314.313043478261,160,-0.0022305781021714,4385,7565,3.0928937079408123,54.88543701171875,106.05268144607544,7.258900165557861,5,62,3.3974647521972656e-06,0.2889230516221788,0.3178037007649739,287.87811851501465,1.848000040601443,1.190679600481804,58.66912700131276,0.9398388122724632,0.2428473791768734,27.113643438130172,192.2745591939547,369.0210957178842,1.940785565696371,0.5749613178391901,3922.0896013580114
-33.731111,24.618333,2014-02-26,13483.0,8481.5,10416.0,8946.0,0.1283317293610611,-0.1023680381002772,158.6,318,1.5277236700057983,112,10,47,5,18,60,7232.617391304348,153,-0.0024199886247515,2639,6335,0.0664581003366822,20.79081153869629,38.84533596038818,11.48388385772705,4,63,4.4703483581542975e-08,0.1576972537570529,0.217349370320638,295.0178515116374,2.63495362391042,0.1924823683634469,34.00786032573553,1.3588668114268267,0.5560601752721801,14.984479798577052,260.8192999053926,540.7291075370546,-0.8229040366649734,0.22511365973528388,3027.098205202035
-31.903056,25.482222,2011-03-08,14525.5,9294.0,12535.0,10457.0,0.0735573991611389,-0.1484722158596356,188.7,306,1.0192323923110962,971,60,9,3,22,66,5561.130434782609,968,-0.0027394872158765,3148,5604,0.0449728292176692,18.687164306640625,86.01479816436768,16.8876895904541,6,64,1.4588236808776855e-05,0.1785740322536892,0.2815106709798177,294.84031677246094,4.684667407791398,0.1919875484196021,2.247474304275222,0.3165547203038925,0.4949725802398794,80.90813320896592,205.65195460277423,201.3240857503152,4.222173640601993,0.40314174662396995,3172.1821179889234
-33.202778,24.235556,2011-05-30,,,,,,,183.90001,270,0.8285588622093201,506,20,4,2,20,73,4256.608695652174,506,-0.0006453404203057,2178,5031,0.0005629215718852,15.70222282409668,38.04229164123535,9.472299098968506,5,65,1.9371509552001957e-06,0.1569894154866536,0.2063248952229817,284.3704872131348,0.0,0.0,0.6818647847913059,0.0,0.1692742724201917,31.82837310209873,198.4069877242682,231.94113943972295,2.699076719814133,0.11200629446748145,1965.1291401513597
-32.99163889,27.64002778,2015-02-13,21308.0,13553.0,18512.5,16452.0,0.0702025338707449,-0.1546677893686356,158.40001,349,1.7668724060058594,160,10,6,3,25,63,6314.313043478261,160,-0.002297256141901,4991,7202,3.0928937079408123,24.1506462097168,83.58927392959595,11.366570472717283,5,66,0.0167660415172576,0.2097250620524088,0.2696310679117839,295.906431833903,1.848000040601443,1.190679600481804,58.66912700131276,0.9398388122724632,0.2428473791768734,27.113643438130172,192.2745591939547,369.0210957178842,1.940785565696371,0.5749613178391901,3922.0896013580114
-32.515278,28.015556,2015-04-22,11649.5,8901.0,10654.0,9206.0,0.0446342502297845,-0.0896445921759136,159.40001,102,1.7544153928756714,148,30,4,4,22,61,5336.408695652174,148,-0.0025887228548526,3149,6566,0.08850271913379,46.30381774902344,98.63413619995116,0.0,4,67,5.960464477539064e-08,0.2081131405300564,0.2529150644938151,290.7867031097412,1.624294385871219,0.216850380040921,41.4081753443669,0.0661606257536613,0.2996362015977196,13.108733032520757,205.8630914826499,342.34984227129337,1.4384102635867873,0.21777111467690877,3011.0988259498013
-34.096389,24.439167,2013-03-26,14697.0,8345.0,10882.0,8734.0,0.1491457836506509,-0.1319498621729852,135.40001,203,1.5622611045837402,37,10,14,5,22,55,7333.504347826087,41,-0.0015166429802775,3979,6608,0.0257797022588172,0.0,0.0,0.0,0,68,9.776651859283449e-05,0.1983536614312066,0.1597760518391927,294.6307436625163,15.337325199280126,0.0212955191722306,38.69800866017778,8.771081520082511,0.7339020489629916,36.16872732131599,265.083728278041,737.6126382306476,0.5403433137443069,0.3323363226077756,4529.542748815165
-32.08639,25.57556,2013-12-06,16012.0,10869.0,13317.0,10685.5,0.091888574448498,-0.1012155792607289,198.8,164,0.9414331912994384,898,60,4,5,21,68,5029.426086956521,897,-0.0010639484971761,3688,5260,0.0522290631885286,17.95994758605957,77.51392793655396,30.961592197418213,7,69,4.4703483581542975e-08,0.1668580373128255,0.1133562723795573,288.8500506083171,7.095884476719371,0.3812924468209182,3.7430742552621568,0.2647045378714183,0.5170197413363308,69.69987478227881,188.2469993682881,179.50126342387873,3.4355267674755505,0.42728284684751744,2970.2395286879614
-31.905,25.43,2014-04-29,12888.0,9263.5,11584.0,10126.0,0.0532853873814972,-0.1113083103489621,188.0,109,1.002436280250549,983,10,6,2,23,68,4708.4,985,-0.0022228648886084,2378,4212,0.0859722105818435,24.09576988220215,32.20144581794739,27.606035470962524,3,70,2.9802322387695312e-08,0.1931622823079427,0.2340863545735677,287.2994842529297,5.853894491721314,0.4366214064346009,3.6391110045716815,0.5566922932041161,1.0266167833844149,78.25377121038302,190.00410872313526,201.72692793931733,3.8249359314962224,0.3956764914971386,3236.5723794866162
-32.043333,27.822778,2011-04-11,13489.5,9356.5,11504.5,9696.5,0.0794190605745378,-0.1029672594794108,141.1,50,1.7268855571746826,780,60,1,2,28,67,4390.017391304348,781,-0.0028173858299851,3297,5037,0.8499336676821312,16.301897048950195,54.66108798980713,0.0,5,71,1.922249794006348e-06,0.2926269107394748,0.3081289927164714,290.33665466308594,32.35909346582117,0.6757461417075135,3.190795491264453,0.0108991313178631,1.558191103231443,43.25959251781048,196.60366046071317,249.9438308614705,2.4882367881148557,0.4652227498014931,2223.134863555915
-32.043333,27.822778,2012-11-19,,,,,,,159.7,50,1.7268855571746826,780,60,1,2,28,67,4390.017391304348,781,-0.0046225823462009,2201,4192,0.8499336676821312,17.07968521118164,51.65782976150513,9.847300052642822,7,72,4.589557647705078e-06,0.2604374355740017,0.2140483856201172,292.76979128519696,32.35909346582117,0.6757461417075135,3.190795491264453,0.0108991313178631,1.558191103231443,43.25959251781048,196.60366046071317,249.9438308614705,2.4882367881148557,0.4652227498014931,2223.134863555915
-32.605278,25.885,2014-02-28,16734.5,9950.0,14409.5,11808.0,0.0746532237349088,-0.1830702600628084,169.7,130,1.219136118888855,631,30,3,2,22,71,4032.678260869565,629,-0.0047410391271114,2142,4035,0.011022683579517,17.737167358398438,47.70378303527832,13.992581367492676,3,73,3.24249267578125e-05,0.2134708828396267,0.2861366271972656,296.622838973999,4.956925571992979,0.2176128343572563,2.2441350091602983,0.1507105868240377,0.2424622405838803,75.83465332529656,220.18284993694826,179.48455233291298,2.8156493359316017,0.144557195444313,1993.7640166675803
-33.001667,25.161389,2014-01-29,14188.5,10804.0,16741.5,14415.0,-0.0825412221144519,-0.2155524495834157,191.2,80,0.851338803768158,338,20,6,2,20,74,3179.9304347826087,340,-0.0023701842874288,1674,3222,0.0067955300349302,17.496435165405273,31.55766010284424,31.55766010284424,2,74,3.035366535186768e-05,0.1623965369330512,0.2355187733968099,298.1187108357747,0.1941042217033892,0.0107835678724105,7.433768806225206,0.0,1.6753435623579898,61.37524744059418,184.8042244640605,140.69924337957121,2.3950612593516656,0.09608539893123945,1645.4146745983876
-33.18536111,27.39075,2015-01-16,20077.0,9791.5,13060.0,9985.0,0.2117572502036998,-0.1430321860709356,161.90001,90,1.6152466535568235,7,60,2,3,20,63,6673.330434782609,7,-0.0025828573852777,2988,6754,0.0684319741939189,9.777196884155272,20.33346652984619,14.66579532623291,4,75,1.125037670135498e-05,0.1891214582655165,0.1829891204833984,293.7068564097087,0.2018437283064412,0.1614159023148939,66.86530317704474,0.0645663609259575,0.623044282817541,16.49092378426396,229.80372357210481,411.86052382455046,0.13155999618449757,0.23469745792606042,3548.4095545158953
-32.99163889,27.64002778,2011-05-06,13294.0,8682.0,10771.5,8894.0,0.1048181006004446,-0.1074099776389847,131.2,349,1.7668724060058594,160,10,6,3,25,63,6314.313043478261,160,-0.0012298468500375,4353,7783,3.0928937079408123,13.505672454833984,35.068533420562744,4.552293300628662,6,76,3.2335519790649414e-05,0.2027113172743055,0.2683563232421875,291.3553835550944,1.848000040601443,1.190679600481804,58.66912700131276,0.9398388122724632,0.2428473791768734,27.113643438130172,192.2745591939547,369.0210957178842,1.940785565696371,0.5749613178391901,3922.0896013580114
-32.08639,25.57556,2014-08-15,13680.5,10905.0,14832.5,12182.0,-0.0404026233647809,-0.1525983487129668,197.90001,164,0.9414331912994384,898,60,4,5,21,68,5029.426086956521,897,-0.0007437681779265,2423,4488,0.0522290631885286,8.279642105102539,12.156600952148438,8.279642105102539,2,77,8.940696716308595e-08,0.1742990281846788,0.157327651977539,283.553404490153,7.095884476719371,0.3812924468209182,3.7430742552621568,0.2647045378714183,0.5170197413363308,69.69987478227881,188.2469993682881,179.50126342387873,3.4355267674755505,0.42728284684751744,2970.2395286879614
-32.605278,25.885,2013-05-28,15063.0,9381.5,13477.0,11333.5,0.0555711282410651,-0.1791674869304627,172.7,130,1.219136118888855,631,30,3,2,22,71,4032.678260869565,629,-0.0007044691592454,2249,4232,0.011022683579517,9.844659805297852,14.363747596740724,9.844659805297852,2,78,2.9802322387695312e-08,0.1652615865071614,0.1791407267252604,284.81476402282715,4.956925571992979,0.2176128343572563,2.2441350091602983,0.1507105868240377,0.2424622405838803,75.83465332529656,220.18284993694826,179.48455233291298,2.8156493359316017,0.144557195444313,1993.7640166675803
-33.731111,24.618333,2015-04-09,14468.5,8885.5,10462.5,8944.0,0.1606834864225261,-0.0815071325201567,173.6,318,1.5277236700057983,112,10,47,5,18,60,7232.617391304348,153,-0.0019009886309504,2981,7219,0.0664581003366822,33.946868896484375,67.89373779296875,0.0,3,79,8.940696716308595e-08,0.1705235375298394,0.2248853047688802,290.87789726257324,2.63495362391042,0.1924823683634469,34.00786032573553,1.3588668114268267,0.5560601752721801,14.984479798577052,260.8192999053926,540.7291075370546,-0.8229040366649734,0.22511365973528388,3027.098205202035
-32.99163889,27.64002778,2013-12-05,6281.0,4829.5,5173.5,4286.5,0.0966868916146492,-0.0343896830950711,162.40001,349,1.7668724060058594,160,10,6,3,25,63,6314.313043478261,160,-0.0031784921884536,5696,7833,3.0928937079408123,66.70762634277344,108.86845660209656,23.460021018981934,7,80,8.195638656616211e-07,0.1953468322753906,0.2555166880289714,290.4848117828369,1.848000040601443,1.190679600481804,58.66912700131276,0.9398388122724632,0.2428473791768734,27.113643438130172,192.2745591939547,369.0210957178842,1.940785565696371,0.5749613178391901,3922.0896013580114
-32.08639,25.57556,2012-11-08,16162.0,10654.0,14157.0,11210.5,0.0661301494112602,-0.1411873765668448,206.8,164,0.9414331912994384,898,60,4,5,21,68,5029.426086956521,897,-0.0012304307892918,5058,7001,0.0522290631885286,10.448585510253906,34.47870683670044,0.0,4,81,8.940696716308595e-08,0.1824133131239149,0.1078732808430989,289.0159912109375,7.095884476719371,0.3812924468209182,3.7430742552621568,0.2647045378714183,0.5170197413363308,69.69987478227881,188.2469993682881,179.50126342387873,3.4355267674755505,0.42728284684751744,2970.2395286879614
-32.99163889,27.64002778,2015-01-16,21308.0,13553.0,18512.5,16452.0,0.0702025338707449,-0.1546677893686356,158.40001,349,1.7668724060058594,160,10,6,3,25,63,6314.313043478261,160,-0.003426780924201,4039,8179,3.0928937079408123,12.091019630432127,22.04900133609772,14.082615971565248,4,82,1.8864870071411133e-05,0.2123381296793619,0.2618249257405599,292.9866415659587,1.848000040601443,1.190679600481804,58.66912700131276,0.9398388122724632,0.2428473791768734,27.113643438130172,192.2745591939547,369.0210957178842,1.940785565696371,0.5749613178391901,3922.0896013580114
-32.579167,27.366667,2011-03-09,17552.0,8775.0,12107.5,9635.0,0.1835668167029114,-0.1595833832156104,135.7,222,2.115182876586914,812,10,15,3,28,65,5752.286956521739,816,-0.0024668471887707,5036,6760,0.1811423624861438,34.934139251708984,104.41381359100342,34.54553508758545,6,83,5.6549906730651855e-05,0.289240731133355,0.3275184631347656,291.4834410349528,8.067877584786434,0.8964827741805825,18.65766798907683,0.1300174078862781,0.2645811761136777,71.7137356593136,218.99464398235668,246.52016383112795,-0.043590222720758943,0.4287488139888815,3256.112547601436
-32.802778,27.856389,2014-10-02,14831.0,9084.5,13506.5,10759.5,0.0467401852668725,-0.1957416670355442,152.0,270,1.9185377359390257,195,10,3,5,21,58,7465.347826086957,202,-0.0026580998674035,3202,6965,0.0238558502547706,15.071331024169922,61.17019939422608,13.606398582458496,7,84,6.452202796936035e-06,0.2784161037868923,0.3903141021728515,287.5091304779053,1.4901613073443385,0.1048143836019952,67.82384910797579,0.0216155825463071,0.1080779127315357,22.65762315901989,201.73840328179236,394.0643736194384,1.5850530284420763,0.21522417788665055,4024.841401072894
-32.99163889,27.64002778,2013-03-07,17203.5,9672.5,13231.5,10301.0,0.1305076392311483,-0.1553877052043304,133.7,349,1.7668724060058594,160,10,6,3,25,63,6314.313043478261,160,-0.0015623960644006,4373,7309,3.0928937079408123,25.316261291503903,66.03563976287842,12.040778160095217,4,85,1.984834671020508e-05,0.190782970852322,0.1745535532633463,295.4359353383382,1.848000040601443,1.190679600481804,58.66912700131276,0.9398388122724632,0.2428473791768734,27.113643438130172,192.2745591939547,369.0210957178842,1.940785565696371,0.5749613178391901,3922.0896013580114
-32.99163889,27.64002778,2012-04-05,16457.0,9438.0,12484.5,9881.0,0.1372596444551941,-0.1389668149161813,132.90001,349,1.7668724060058594,160,10,6,3,25,63,6314.313043478261,160,-0.0015677819028496,4168,7670,3.0928937079408123,20.832279205322266,106.75502586364746,31.2484188079834,7,86,2.7939677238464355e-05,0.2609606848822699,0.3519204457600911,291.87486839294434,1.848000040601443,1.190679600481804,58.66912700131276,0.9398388122724632,0.2428473791768734,27.113643438130172,192.2745591939547,369.0210957178842,1.940785565696371,0.5749613178391901,3922.0896013580114
-32.99163889,27.64002778,2012-07-26,13229.0,8908.0,11736.5,9225.0,0.0597824998497927,-0.1370098573469925,150.3,349,1.7668724060058594,160,10,6,3,25,63,6314.313043478261,160,-0.0019395276904106,3741,7059,3.0928937079408123,23.87439346313477,42.99869537353516,7.187105178833008,3,87,1.9371509552001958e-07,0.2358752356635199,0.2735513051350911,289.6723512013753,1.848000040601443,1.190679600481804,58.66912700131276,0.9398388122724632,0.2428473791768734,27.113643438130172,192.2745591939547,369.0210957178842,1.940785565696371,0.5749613178391901,3922.0896013580114
-32.605278,25.885,2014-11-06,14488.0,10149.0,14249.0,12456.0,0.0083168041201238,-0.1680465611935397,186.3,130,1.219136118888855,631,30,3,2,22,71,4032.678260869565,629,-0.0035511786118149,1782,3222,0.011022683579517,17.772642135620117,46.02628707885742,15.433394432067873,5,88,2.9802322387695312e-08,0.1733866797553168,0.2629591623942057,290.49422391255695,4.956925571992979,0.2176128343572563,2.2441350091602983,0.1507105868240377,0.2424622405838803,75.83465332529656,220.18284993694826,179.48455233291298,2.8156493359316017,0.144557195444313,1993.7640166675803
-32.605278,25.885,2014-01-30,16734.5,9950.0,14409.5,11808.0,0.0746532237349088,-0.1830702600628084,169.7,130,1.219136118888855,631,30,3,2,22,71,4032.678260869565,629,-0.0023230239748954,2495,4363,0.011022683579517,13.069199562072754,65.25816822052002,0.0,5,89,2.6971101760864258e-06,0.1639726426866319,0.291208267211914,292.2113717397054,4.956925571992979,0.2176128343572563,2.2441350091602983,0.1507105868240377,0.2424622405838803,75.83465332529656,220.18284993694826,179.48455233291298,2.8156493359316017,0.144557195444313,1993.7640166675803
-32.605278,25.885,2012-08-16,14177.0,10290.0,14948.0,13164.5,-0.0264721030042918,-0.184562960614945,192.8,130,1.219136118888855,631,30,3,2,22,71,4032.678260869565,629,-0.0015154536813497,1566,3080,0.011022683579517,10.401704788208008,26.837151765823364,0.0,4,90,2.9802322387695312e-08,0.2095623016357422,0.2162895202636718,282.348160425822,4.956925571992979,0.2176128343572563,2.2441350091602983,0.1507105868240377,0.2424622405838803,75.83465332529656,220.18284993694826,179.48455233291298,2.8156493359316017,0.144557195444313,1993.7640166675803
-34.096389,24.439167,2014-02-05,15394.0,8462.5,10996.0,8837.5,0.1666540356195528,-0.1302001695916944,134.2,203,1.5622611045837402,37,10,14,5,22,55,7333.504347826087,41,-0.0039338218048214,3696,6730,0.0257797022588172,13.180919647216797,40.28332042694092,0.0,4,91,7.46995210647583e-05,0.2252896626790364,0.2122020721435547,293.3855355580648,15.337325199280126,0.0212955191722306,38.69800866017778,8.771081520082511,0.7339020489629916,36.16872732131599,265.083728278041,737.6126382306476,0.5403433137443069,0.3323363226077756,4529.542748815165
-32.99163889,27.64002778,2014-02-07,16959.5,9266.0,12864.5,9973.0,0.1373055257510729,-0.1626036465511391,132.5,349,1.7668724060058594,160,10,6,3,25,63,6314.313043478261,160,-0.0044010700657963,4263,6879,3.0928937079408123,21.499828338623047,67.25780296325684,21.499828338623047,5,92,1.9371509552001958e-07,0.2221215565999349,0.3392836252848307,297.7252674102783,1.848000040601443,1.190679600481804,58.66912700131276,0.9398388122724632,0.2428473791768734,27.113643438130172,192.2745591939547,369.0210957178842,1.940785565696371,0.5749613178391901,3922.0896013580114
-33.094444,25.012778,2014-10-08,14706.0,10371.5,14302.0,12403.0,0.013927192498621,-0.1593004640606312,207.0,90,0.6749870181083679,270,30,3,2,27,74,3921.5565217391295,270,-0.0004493668675422,1257,2357,0.0098575247019227,6.748950958251953,12.297286987304688,0.0,3,93,2.443790435791016e-06,0.157388687133789,0.037915547688802,288.56823984781903,0.0514100592208398,0.1914042549955835,1.668397936669735,0.0,6.543609205822307,83.72096461661488,169.87653931165144,142.38838017050838,3.036363468987055,0.10573463164267574,1527.1320245466154
-32.043333,27.822778,2011-05-09,13707.0,9782.0,11963.5,10077.0,0.0679184277672815,-0.1003196063553374,141.1,50,1.7268855571746826,780,60,1,2,28,67,4390.017391304348,781,-0.001885469071567,2611,4801,0.8499336676821312,14.039695739746094,50.33961391448975,14.039695739746094,5,94,2.592802047729492e-06,0.3002573649088542,0.3692461649576823,285.19804255167645,32.35909346582117,0.6757461417075135,3.190795491264453,0.0108991313178631,1.558191103231443,43.25959251781048,196.60366046071317,249.9438308614705,2.4882367881148557,0.4652227498014931,2223.134863555915
-34.096389,24.439167,2015-09-16,14387.0,8290.5,10457.5,8849.5,0.1581637787035359,-0.1155856624706629,150.7,203,1.5622611045837402,37,10,14,5,22,55,7333.504347826087,41,-0.002491969615221,5226,8128,0.0257797022588172,47.06378555297852,70.03847217559814,22.97468662261963,3,95,0.0001632720232009,0.2769285837809245,0.2738819122314453,288.4717667897542,15.337325199280126,0.0212955191722306,38.69800866017778,8.771081520082511,0.7339020489629916,36.16872732131599,265.083728278041,737.6126382306476,0.5403433137443069,0.3323363226077756,4529.542748815165
-33.001667,25.161389,2015-02-05,13800.0,10931.0,17729.0,15495.5,-0.1246154334105109,-0.237194696441032,214.40001,80,0.851338803768158,338,20,6,2,20,74,3179.9304347826087,340,-0.0026156352832913,1242,2307,0.0067955300349302,24.24271774291992,46.274935722351074,24.24271774291992,5,96,5.751848220825195e-06,0.1524723900689019,0.260342280069987,294.2541859944661,0.1941042217033892,0.0107835678724105,7.433768806225206,0.0,1.6753435623579898,61.37524744059418,184.8042244640605,140.69924337957121,2.3950612593516656,0.09608539893123945,1645.4146745983876
-32.605278,25.885,2013-07-15,14264.0,9698.5,13676.5,11753.0,0.0210268248599702,-0.1701818181818174,189.40001,130,1.219136118888855,631,30,3,2,22,71,4032.678260869565,629,-0.0007478930056095,1802,3494,0.011022683579517,11.972758293151855,27.054129123687744,0.0,3,97,2.980232238769531e-07,0.1580142974853515,0.1623929341634114,288.016742070516,4.956925571992979,0.2176128343572563,2.2441350091602983,0.1507105868240377,0.2424622405838803,75.83465332529656,220.18284993694826,179.48455233291298,2.8156493359316017,0.144557195444313,1993.7640166675803
-32.043333,27.822778,2012-06-04,12183.0,9605.5,12027.0,10416.0,0.0064436183395291,-0.1119380561654912,139.7,50,1.7268855571746826,780,60,1,2,28,67,4390.017391304348,781,-0.0013547893613576,1778,3561,0.8499336676821312,9.674565315246582,12.2388813495636,0.0,2,98,7.063150405883789e-06,0.2484152052137586,0.1597366333007812,285.59279441833496,32.35909346582117,0.6757461417075135,3.190795491264453,0.0108991313178631,1.558191103231443,43.25959251781048,196.60366046071317,249.9438308614705,2.4882367881148557,0.4652227498014931,2223.134863555915
-32.515278,28.015556,2014-01-13,15493.5,10272.0,12746.0,10389.0,0.0972927990934683,-0.1074811017464588,131.8,102,1.7544153928756714,148,30,4,4,22,61,5336.408695652174,148,-0.0033454820513725,4143,7163,0.08850271913379,15.354616165161133,38.4388370513916,0.0,5,99,1.9371509552001957e-06,0.1938097212049696,0.2368507385253906,291.81051381429035,1.624294385871219,0.216850380040921,41.4081753443669,0.0661606257536613,0.2996362015977196,13.108733032520757,205.8630914826499,342.34984227129337,1.4384102635867873,0.21777111467690877,3011.0988259498013
-32.99163889,27.64002778,2013-05-30,16178.5,9203.0,12425.5,10140.5,0.1312054258145714,-0.1489932265298095,133.7,349,1.7668724060058594,160,10,6,3,25,63,6314.313043478261,160,-0.0015647988766431,4144,7746,3.0928937079408123,27.056419372558597,27.056419372558597,27.056419372558597,1,100,1.6391277313232425e-07,0.2156092325846354,0.2071367899576822,289.0405985514323,1.848000040601443,1.190679600481804,58.66912700131276,0.9398388122724632,0.2428473791768734,27.113643438130172,192.2745591939547,369.0210957178842,1.940785565696371,0.5749613178391901,3922.0896013580114
-32.08639,25.57556,2015-04-09,15629.0,10259.5,12621.0,10268.0,0.1064778761061946,-0.1032101571206918,213.6,164,0.9414331912994384,898,60,4,5,21,68,5029.426086956521,897,-0.0025844294577836,2188,4018,0.0522290631885286,28.346120834350582,85.08463191986084,28.346120834350582,7,101,4.4703483581542975e-08,0.2125818464491102,0.2781778971354167,289.55978202819824,7.095884476719371,0.3812924468209182,3.7430742552621568,0.2647045378714183,0.5170197413363308,69.69987478227881,188.2469993682881,179.50126342387873,3.4355267674755505,0.42728284684751744,2970.2395286879614
-33.731111,24.618333,2014-04-24,15315.0,8735.0,11011.0,9173.0,0.1634885664362227,-0.1152638509065121,158.6,318,1.5277236700057983,112,10,47,5,18,60,7232.617391304348,153,-0.0015835650265216,2645,6716,0.0664581003366822,19.340160369873047,74.56888628005981,38.680320739746094,6,102,0.0001453161239624,0.2130932278103298,0.4015712738037109,286.20293045043945,2.63495362391042,0.1924823683634469,34.00786032573553,1.3588668114268267,0.5560601752721801,14.984479798577052,260.8192999053926,540.7291075370546,-0.8229040366649734,0.22511365973528388,3027.098205202035
-32.00055556,28.58166667,2014-04-09,10256.5,10433.0,8827.0,8500.0,0.0749076427280111,0.0833852544132913,129.1,118,1.990221738815308,332,80,10,4,24,70,4637.843478260869,328,-0.002847347408533,3125,6593,0.3772979669069599,25.07405662536621,45.311614990234375,0.0,3,103,1.1175870895385742e-06,0.2433954874674479,0.22308349609375,291.81843694051105,8.103756823152859,0.0109042160830773,30.144170841270967,2.129443735314053,1.8100571081591332,28.66577294856418,175.281389748882,375.94324045407626,-1.6145453242132217,0.3145368905390403,3002.7820183687754
-32.08639,25.57556,2015-05-08,14327.0,10038.0,12965.5,11126.0,0.0498854996793991,-0.1272632425500462,213.6,164,0.9414331912994384,898,60,4,5,21,68,5029.426086956521,897,-0.0005858670920133,4045,6564,0.0522290631885286,2.921486616134644,2.921486616134644,2.921486616134644,1,104,2.9802322387695312e-08,0.1758039262559678,0.1060835520426432,288.82698313395184,7.095884476719371,0.3812924468209182,3.7430742552621568,0.2647045378714183,0.5170197413363308,69.69987478227881,188.2469993682881,179.50126342387873,3.4355267674755505,0.42728284684751744,2970.2395286879614
-32.605278,25.885,2013-11-08,16131.0,10603.5,15794.5,13722.5,0.0105401638188908,-0.1966436851276604,189.40001,130,1.219136118888855,631,30,3,2,22,71,4032.678260869565,629,-0.0025299936532974,2072,3425,0.011022683579517,17.922313690185547,41.985772132873535,0.0,3,105,5.662441253662109e-07,0.1763070424397786,0.1579971313476562,290.0771077473958,4.956925571992979,0.2176128343572563,2.2441350091602983,0.1507105868240377,0.2424622405838803,75.83465332529656,220.18284993694826,179.48455233291298,2.8156493359316017,0.144557195444313,1993.7640166675803
-33.731111,24.618333,2015-03-08,11480.5,8483.0,9524.0,8344.0,0.093146706658097,-0.0578108513355914,173.6,318,1.5277236700057983,112,10,47,5,18,60,7232.617391304348,153,-0.0005073696374893,2844,6209,0.0664581003366822,19.64804077148437,19.64804077148437,0.0,1,106,2.2351741790771487e-07,0.1537990570068359,0.1395003000895182,293.1077003479004,2.63495362391042,0.1924823683634469,34.00786032573553,1.3588668114268267,0.5560601752721801,14.984479798577052,260.8192999053926,540.7291075370546,-0.8229040366649734,0.22511365973528388,3027.098205202035
-32.99163889,27.64002778,2014-05-27,16464.5,9282.0,12373.0,9781.0,0.1418812310359774,-0.1427383975987063,132.5,349,1.7668724060058594,160,10,6,3,25,63,6314.313043478261,160,-0.0015565548092126,3237,7316,3.0928937079408123,7.258900165557861,18.65036940574646,6.043002843856812,4,107,1.9371509552001958e-07,0.2600960201687283,0.2518424987792969,290.72938474019367,1.848000040601443,1.190679600481804,58.66912700131276,0.9398388122724632,0.2428473791768734,27.113643438130172,192.2745591939547,369.0210957178842,1.940785565696371,0.5749613178391901,3922.0896013580114
-32.515278,28.015556,2011-06-06,12269.0,9291.0,10075.0,8627.0,0.0981919083422842,-0.0404833212847256,131.2,102,1.7544153928756714,148,30,4,4,22,61,5336.408695652174,148,-0.0007896097376942,3361,6867,0.08850271913379,10.692828178405762,39.72951698303223,0.0,5,108,6.139278411865234e-06,0.2143291897243923,0.2372945149739583,284.6433041890462,1.624294385871219,0.216850380040921,41.4081753443669,0.0661606257536613,0.2996362015977196,13.108733032520757,205.8630914826499,342.34984227129337,1.4384102635867873,0.21777111467690877,3011.0988259498013
-32.605278,25.885,2013-06-19,14411.0,9949.0,13624.0,11672.5,0.0280720527911539,-0.1558986976625794,172.7,130,1.219136118888855,631,30,3,2,22,71,4032.678260869565,629,-0.0005135610699653,1840,3625,0.011022683579517,9.844659805297852,9.844659805297852,0.0,1,109,1.1920928955078125e-07,0.1613862779405382,0.1454200744628906,287.744836807251,4.956925571992979,0.2176128343572563,2.2441350091602983,0.1507105868240377,0.2424622405838803,75.83465332529656,220.18284993694826,179.48455233291298,2.8156493359316017,0.144557195444313,1993.7640166675803
-32.043333,27.822778,2013-10-21,14253.0,10715.5,13934.0,11753.0,0.0113172739206016,-0.1305705998093262,164.90001,50,1.7268855571746826,780,60,1,2,28,67,4390.017391304348,781,-0.0020376555621623,1261,2461,0.8499336676821312,16.30853271484375,23.39177417755127,16.30853271484375,2,110,0.0011045485734939,0.2082515292697482,0.3795617421468099,283.59877077738446,32.35909346582117,0.6757461417075135,3.190795491264453,0.0108991313178631,1.558191103231443,43.25959251781048,196.60366046071317,249.9438308614705,2.4882367881148557,0.4652227498014931,2223.134863555915
-31.905,25.43,2013-09-10,12732.0,9729.5,13825.0,11978.0,-0.0411567571638362,-0.1738733575325302,198.7,109,1.002436280250549,983,10,6,2,23,68,4708.4,985,-0.0001489492133259,1922,3218,0.0859722105818435,8.308650970458984,8.308650970458984,0.0,1,111,2.9802322387695312e-08,0.1475760142008463,0.0760650634765625,284.3979301452637,5.853894491721314,0.4366214064346009,3.6391110045716815,0.5566922932041161,1.0266167833844149,78.25377121038302,190.00410872313526,201.72692793931733,3.8249359314962224,0.3956764914971386,3236.5723794866162
-32.99163889,27.64002778,2012-01-24,,,,,,,132.90001,349,1.7668724060058594,160,10,6,3,25,63,6314.313043478261,160,-0.0038657449185848,4555,7900,3.0928937079408123,19.2569637298584,62.44005298614502,0.0,4,112,1.7657876014709473e-05,0.2067241668701172,0.2407251993815104,294.4195836385091,1.848000040601443,1.190679600481804,58.66912700131276,0.9398388122724632,0.2428473791768734,27.113643438130172,192.2745591939547,369.0210957178842,1.940785565696371,0.5749613178391901,3922.0896013580114
-32.043333,27.822778,2014-04-07,13491.5,9234.5,11029.0,9418.5,0.1004261740176586,-0.0885582451205364,141.1,50,1.7268855571746826,780,60,1,2,28,67,4390.017391304348,781,-0.0028837826102972,2749,4784,0.8499336676821312,33.51220703125,67.18321800231934,8.065206527709961,3,113,7.748603820800781e-07,0.2354954613579644,0.2343762715657552,290.5647614796956,32.35909346582117,0.6757461417075135,3.190795491264453,0.0108991313178631,1.558191103231443,43.25959251781048,196.60366046071317,249.9438308614705,2.4882367881148557,0.4652227498014931,2223.134863555915
-32.00055556,28.58166667,2011-07-06,10754.0,11229.0,9285.5,8738.5,0.0732802714638588,0.0947378683370294,127.200005,118,1.990221738815308,332,80,10,4,24,70,4637.843478260869,328,-0.0012955544516444,2989,5764,0.3772979669069599,9.776516914367676,21.781291604042053,0.0,4,114,1.0132789611816406e-06,0.2729869418674045,0.3302345275878906,284.6860771179199,8.103756823152859,0.0109042160830773,30.144170841270967,2.129443735314053,1.8100571081591332,28.66577294856418,175.281389748882,375.94324045407626,-1.6145453242132217,0.3145368905390403,3002.7820183687754
-33.18536111,27.39075,2015-09-28,,,,,,,161.90001,90,1.6152466535568235,7,60,2,3,20,63,6673.330434782609,7,-0.0040731374174356,4057,6987,0.0684319741939189,28.467893600463867,83.99844741821289,25.38287687301636,6,115,1.043081283569336e-06,0.2533304426405164,0.2731037139892578,291.1233056386312,0.2018437283064412,0.1614159023148939,66.86530317704474,0.0645663609259575,0.623044282817541,16.49092378426396,229.80372357210481,411.86052382455046,0.13155999618449757,0.23469745792606042,3548.4095545158953
-32.605278,25.885,2013-09-10,14749.0,10455.5,16345.0,14205.0,-0.0513282305267897,-0.2197533628103945,189.40001,130,1.219136118888855,631,30,3,2,22,71,4032.678260869565,629,-0.0005228202790021,1433,2691,0.011022683579517,9.895670890808104,19.79134178161621,0.0,2,116,1.4901161193847656e-07,0.15810669793023,0.1503378550211588,283.996156056722,4.956925571992979,0.2176128343572563,2.2441350091602983,0.1507105868240377,0.2424622405838803,75.83465332529656,220.18284993694826,179.48455233291298,2.8156493359316017,0.144557195444313,1993.7640166675803
-31.905,25.43,2013-08-14,12135.5,9670.0,13138.0,11553.0,-0.0396660533760658,-0.1520519116099607,198.7,109,1.002436280250549,983,10,6,2,23,68,4708.4,985,-0.0004725009202957,2210,3838,0.0859722105818435,8.308650970458984,8.308650970458984,8.308650970458984,1,117,0.0,0.1492385864257812,0.103067398071289,281.2917785644531,5.853894491721314,0.4366214064346009,3.6391110045716815,0.5566922932041161,1.0266167833844149,78.25377121038302,190.00410872313526,201.72692793931733,3.8249359314962224,0.3956764914971386,3236.5723794866162
-33.18536111,27.39075,2014-07-22,16256.5,8912.5,11946.5,9649.5,0.1528206219196539,-0.1454528021477532,159.40001,90,1.6152466535568235,7,60,2,3,20,63,6673.330434782609,7,-0.0008558444678783,4354,6695,0.0684319741939189,10.433755874633787,10.433755874633787,10.433755874633787,1,118,1.6391277313232425e-07,0.2004470825195312,0.1497383117675781,289.45891253153485,0.2018437283064412,0.1614159023148939,66.86530317704474,0.0645663609259575,0.623044282817541,16.49092378426396,229.80372357210481,411.86052382455046,0.13155999618449757,0.23469745792606042,3548.4095545158953
-32.043333,27.822778,2012-05-07,,,,,,,139.7,50,1.7268855571746826,780,60,1,2,28,67,4390.017391304348,781,-0.0016849376261234,2303,4542,0.8499336676821312,5.027146816253662,28.167614698410038,2.8612704277038574,8,119,7.37607479095459e-06,0.2710590362548828,0.2270704905192057,287.32106590271,32.35909346582117,0.6757461417075135,3.190795491264453,0.0108991313178631,1.558191103231443,43.25959251781048,196.60366046071317,249.9438308614705,2.4882367881148557,0.4652227498014931,2223.134863555915
-32.08639,25.57556,2012-07-19,12863.5,10468.0,12101.5,10620.0,0.0305227318245543,-0.0723764372272311,206.8,164,0.9414331912994384,898,60,4,5,21,68,5029.426086956521,897,-0.0015540467575192,2193,4448,0.0522290631885286,15.97887134552002,15.97887134552002,0.0,1,120,3.0994415283203125e-06,0.2208003997802734,0.3117764790852864,281.7842566172282,7.095884476719371,0.3812924468209182,3.7430742552621568,0.2647045378714183,0.5170197413363308,69.69987478227881,188.2469993682881,179.50126342387873,3.4355267674755505,0.42728284684751744,2970.2395286879614
-33.001667,25.161389,2014-09-17,13075.5,10164.0,16105.5,14226.0,-0.1038346869538398,-0.226174841546279,204.2,80,0.851338803768158,338,20,6,2,20,74,3179.9304347826087,340,-0.0004257671535015,1122,2318,0.0067955300349302,7.487817764282227,7.487817764282227,0.0,1,121,4.51505184173584e-06,0.1526510450575086,0.1426175435384114,296.63260078430176,0.1941042217033892,0.0107835678724105,7.433768806225206,0.0,1.6753435623579898,61.37524744059418,184.8042244640605,140.69924337957121,2.3950612593516656,0.09608539893123945,1645.4146745983876
-31.905,25.43,2011-07-06,13018.5,10954.0,13163.5,12073.5,-0.0055381559850278,-0.0916139732559341,188.8,109,1.002436280250549,983,10,6,2,23,68,4708.4,985,-0.0007401164621114,2622,4672,0.0859722105818435,9.407161712646484,23.00351428985596,0.0,4,122,1.1920928955078125e-07,0.187495125664605,0.2127469380696614,279.8396415710449,5.853894491721314,0.4366214064346009,3.6391110045716815,0.5566922932041161,1.0266167833844149,78.25377121038302,190.00410872313526,201.72692793931733,3.8249359314962224,0.3956764914971386,3236.5723794866162
-32.08639,25.57556,2013-03-05,15543.5,10764.0,12807.0,10273.0,0.0965238708312022,-0.0866743031691481,186.1,164,0.9414331912994384,898,60,4,5,21,68,5029.426086956521,897,-0.0004312368109822,3660,5717,0.0522290631885286,12.297686576843262,29.07494831085205,0.0,4,123,1.5348196029663086e-06,0.1626404656304253,0.0953553517659505,300.776886622111,7.095884476719371,0.3812924468209182,3.7430742552621568,0.2647045378714183,0.5170197413363308,69.69987478227881,188.2469993682881,179.50126342387873,3.4355267674755505,0.42728284684751744,2970.2395286879614
-33.18536111,27.39075,2015-10-29,20018.0,9304.0,12432.0,9650.0,0.2337750385208012,-0.1439087228560906,161.90001,90,1.6152466535568235,7,60,2,3,20,63,6673.330434782609,7,-0.00285548530519,3656,6796,0.0684319741939189,23.830251693725582,62.691730976104736,0.0,4,124,8.642673492431641e-07,0.2268276214599609,0.188507080078125,292.66502316792804,0.2018437283064412,0.1614159023148939,66.86530317704474,0.0645663609259575,0.623044282817541,16.49092378426396,229.80372357210481,411.86052382455046,0.13155999618449757,0.23469745792606042,3548.4095545158953
-32.08639,25.57556,2012-12-03,16162.0,10654.0,14157.0,11210.5,0.0661301494112602,-0.1411873765668448,206.8,164,0.9414331912994384,898,60,4,5,21,68,5029.426086956521,897,-0.0030224518850445,3282,4907,0.0522290631885286,13.286466598510742,23.67575979232788,23.67575979232788,3,125,0.0001377761363983,0.1857223510742187,0.3561611175537109,290.79715220133465,7.095884476719371,0.3812924468209182,3.7430742552621568,0.2647045378714183,0.5170197413363308,69.69987478227881,188.2469993682881,179.50126342387873,3.4355267674755505,0.42728284684751744,2970.2395286879614
-32.99163889,27.64002778,2012-05-31,7593.0,4715.5,5605.5,5276.0,0.1505852937833844,-0.0862319542679964,132.90001,349,1.7668724060058594,160,10,6,3,25,63,6314.313043478261,160,-0.0007915440946817,4265,7573,3.0928937079408123,9.168234825134276,22.5701208114624,4.538408279418945,5,126,1.9371509552001958e-07,0.2006130218505859,0.1682065327962239,287.1925512949626,1.848000040601443,1.190679600481804,58.66912700131276,0.9398388122724632,0.2428473791768734,27.113643438130172,192.2745591939547,369.0210957178842,1.940785565696371,0.5749613178391901,3922.0896013580114
-31.905,25.43,2013-07-17,12464.0,9697.5,12935.0,11738.0,-0.0185440371668175,-0.1430465039213514,198.7,109,1.002436280250549,983,10,6,2,23,68,4708.4,985,-0.0001383330672979,2172,3826,0.0859722105818435,5.666725158691406,13.324646472930908,0.0,3,127,5.21540641784668e-07,0.1513570149739583,0.084729512532552,282.7496198018392,5.853894491721314,0.4366214064346009,3.6391110045716815,0.5566922932041161,1.0266167833844149,78.25377121038302,190.00410872313526,201.72692793931733,3.8249359314962224,0.3956764914971386,3236.5723794866162
-31.903056,25.482222,2012-04-25,13893.0,9273.0,12362.0,10217.0,0.0583127023424109,-0.1427779061705563,173.3,306,1.0192323923110962,971,60,9,3,22,66,5561.130434782609,968,-0.0011408012360334,2841,5237,0.0449728292176692,25.801734924316406,68.46361637115479,11.094083786010742,6,128,4.32133674621582e-06,0.1718673706054687,0.2169926961263021,288.22904141743976,4.684667407791398,0.1919875484196021,2.247474304275222,0.3165547203038925,0.4949725802398794,80.90813320896592,205.65195460277423,201.3240857503152,4.222173640601993,0.40314174662396995,3172.1821179889234
-34.096389,24.439167,2014-03-25,14744.5,8428.0,10806.5,9006.0,0.1541231262964267,-0.1236580103459922,134.2,203,1.5622611045837402,37,10,14,5,22,55,7333.504347826087,41,-0.002404854632914,4252,7467,0.0257797022588172,6.356339454650879,6.356339454650879,0.0,1,129,0.0009439885616302,0.2229459550645616,0.2438952128092447,291.95442390441895,15.337325199280126,0.0212955191722306,38.69800866017778,8.771081520082511,0.7339020489629916,36.16872732131599,265.083728278041,737.6126382306476,0.5403433137443069,0.3323363226077756,4529.542748815165
-33.094444,25.012778,2015-07-23,13329.0,9499.5,13145.0,11546.5,0.0069502153055828,-0.1609883194594707,218.2,90,0.6749870181083679,270,30,3,2,27,74,3921.5565217391295,270,-0.0013784253969788,1308,2602,0.0098575247019227,15.843125343322754,32.3097128868103,20.323608875274655,6,130,2.5346875190734863e-05,0.1578750610351562,0.2706216176350911,286.2301508585612,0.0514100592208398,0.1914042549955835,1.668397936669735,0.0,6.543609205822307,83.72096461661488,169.87653931165144,142.38838017050838,3.036363468987055,0.10573463164267574,1527.1320245466154
-32.802778,27.856389,2015-06-01,14958.0,8634.0,11684.5,9569.0,0.1228675987613775,-0.1501341142308726,155.6,270,1.9185377359390257,195,10,3,5,21,58,7465.347826086957,202,-0.0011523682624101,3739,7449,0.0238558502547706,14.95771312713623,14.95771312713623,0.0,1,131,6.350874900817871e-05,0.2065050337049696,0.3145427703857422,288.71792793273926,1.4901613073443385,0.1048143836019952,67.82384910797579,0.0216155825463071,0.1080779127315357,22.65762315901989,201.73840328179236,394.0643736194384,1.5850530284420763,0.21522417788665055,4024.841401072894
-34.096389,24.439167,2015-11-12,14635.5,8460.0,11053.0,8976.0,0.1394592911224867,-0.1328857684620502,150.7,203,1.5622611045837402,37,10,14,5,22,55,7333.504347826087,41,-0.0032448899000883,5776,7970,0.0257797022588172,46.04899597167969,81.45920848846436,67.49536514282227,4,132,0.0001415014266967,0.2625783284505208,0.2527631123860677,290.4392655690511,15.337325199280126,0.0212955191722306,38.69800866017778,8.771081520082511,0.7339020489629916,36.16872732131599,265.083728278041,737.6126382306476,0.5403433137443069,0.3323363226077756,4529.542748815165
-32.99163889,27.64002778,2015-11-18,17012.0,9354.5,13105.5,10271.5,0.1297086411554744,-0.1670080142475504,158.40001,349,1.7668724060058594,160,10,6,3,25,63,6314.313043478261,160,-0.0033837473019957,4181,7226,3.0928937079408123,57.69956970214844,102.4957790374756,10.13187551498413,6,133,1.3202428817749023e-05,0.2505541907416449,0.3010247548421224,289.8515059153239,1.848000040601443,1.190679600481804,58.66912700131276,0.9398388122724632,0.2428473791768734,27.113643438130172,192.2745591939547,369.0210957178842,1.940785565696371,0.5749613178391901,3922.0896013580114
-32.08639,25.57556,2011-03-10,14278.5,10335.5,12794.5,10912.0,0.0548147600930816,-0.1063121487245996,185.90001,164,0.9414331912994384,898,60,4,5,21,68,5029.426086956521,897,-0.0028577037155628,4417,7203,0.0522290631885286,17.054519653320312,97.02706289291382,34.51025724411011,8,134,7.590651512145996e-05,0.199541515774197,0.2854417165120442,293.9797299702962,7.095884476719371,0.3812924468209182,3.7430742552621568,0.2647045378714183,0.5170197413363308,69.69987478227881,188.2469993682881,179.50126342387873,3.4355267674755505,0.42728284684751744,2970.2395286879614
-33.329167,26.0775,2015-07-22,12768.5,8970.0,10912.5,9209.0,0.0783750686204129,-0.0976989815164084,177.6,296,1.0588278770446775,271,10,9,5,16,60,6937.773913043478,270,-0.0011756811290979,3353,7247,1.1216865440546526,7.809212684631348,31.757794857025143,14.808895587921144,5,135,4.225969314575195e-05,0.2034681108262803,0.3784294128417969,285.30029487609863,0.1289192939941303,0.5908800974730974,32.285688525930034,0.1842366250445529,0.1718923919921738,45.84833529801846,246.48785871964674,401.30558183538307,0.013750322450358544,0.41214748289411435,3451.557829788984
-33.731111,24.618333,2012-07-26,12462.5,8451.5,10133.5,8602.0,0.1030713400601876,-0.0905030938929239,169.40001,318,1.5277236700057983,112,10,47,5,18,60,7232.617391304348,153,-0.0015866197645664,2469,6877,0.0664581003366822,35.54302978515625,52.77098083496094,17.227951049804688,2,136,1.7881393432617188e-06,0.2231947580973307,0.2813568115234375,286.510404586792,2.63495362391042,0.1924823683634469,34.00786032573553,1.3588668114268267,0.5560601752721801,14.984479798577052,260.8192999053926,540.7291075370546,-0.8229040366649734,0.22511365973528388,3027.098205202035
-32.605278,25.885,2012-12-03,15908.0,9961.0,14036.0,11511.0,0.0625166978359604,-0.1698128932783257,192.8,130,1.219136118888855,631,30,3,2,22,71,4032.678260869565,629,-0.0025841761380434,1930,3103,0.011022683579517,9.354532241821287,29.66144561767578,11.693165302276611,5,137,4.136562347412109e-05,0.1702798207600911,0.3413740793863932,291.345817565918,4.956925571992979,0.2176128343572563,2.2441350091602983,0.1507105868240377,0.2424622405838803,75.83465332529656,220.18284993694826,179.48455233291298,2.8156493359316017,0.144557195444313,1993.7640166675803
-33.094444,25.012778,2015-05-28,14180.0,9240.5,12344.0,10545.0,0.0692203287588599,-0.1437837336977917,218.2,90,0.6749870181083679,270,30,3,2,27,74,3921.5565217391295,270,-6.13778829574585e-05,1558,3145,0.0098575247019227,1.9740804433822632,3.478760004043579,0.7216547131538391,1,138,2.9802322387695312e-08,0.152314715915256,0.0268541971842447,288.6400515238444,0.0514100592208398,0.1914042549955835,1.668397936669735,0.0,6.543609205822307,83.72096461661488,169.87653931165144,142.38838017050838,3.036363468987055,0.10573463164267574,1527.1320245466154
-34.0325,24.196389,2011-11-08,,,,,,,155.1,174,1.7914111614227295,63,10,11,5,19,55,7819.582608695652,71,-0.0026687839999794,3624,7021,0.0266974547016544,28.480329513549805,42.6529483795166,0.0,2,139,2.7045607566833496e-05,0.2503426869710286,0.2233257293701172,290.3836104075114,6.603322993811747,0.3097677765459869,42.32690633797491,11.380466118392048,0.4811784630955132,38.499667583614944,241.29779179810728,659.8078864353314,0.10549099539959106,0.2698592697690339,3980.817210259225
-32.515278,28.015556,2014-05-14,12587.5,9024.0,11153.5,9127.5,0.0604018364854049,-0.1055383471688757,131.8,102,1.7544153928756714,148,30,4,4,22,61,5336.408695652174,148,-0.0009957235306501,3492,6738,0.08850271913379,39.74864959716797,83.4759669303894,2.91868257522583,5,140,6.377696990966797e-06,0.2314980824788411,0.2301108042399088,287.6990203857422,1.624294385871219,0.216850380040921,41.4081753443669,0.0661606257536613,0.2996362015977196,13.108733032520757,205.8630914826499,342.34984227129337,1.4384102635867873,0.21777111467690877,3011.0988259498013
-33.18536111,27.39075,2012-09-20,16193.0,9405.0,12466.5,9768.0,0.1300266927196915,-0.1399766819834024,153.40001,90,1.6152466535568235,7,60,2,3,20,63,6673.330434782609,7,-0.0021243281662464,3479,5975,0.0684319741939189,31.08116149902344,69.13940238952637,15.3233003616333,5,141,3.8743019104003917e-07,0.2023448944091797,0.1941884358723958,292.1050039927165,0.2018437283064412,0.1614159023148939,66.86530317704474,0.0645663609259575,0.623044282817541,16.49092378426396,229.80372357210481,411.86052382455046,0.13155999618449757,0.23469745792606042,3548.4095545158953
-33.329167,26.0775,2014-05-28,,,,,,,153.3,296,1.0588278770446775,271,10,9,5,16,60,6937.773913043478,270,-0.0016510831192135,3246,6834,1.1216865440546526,7.264729022979736,25.0588595867157,7.264729022979736,6,142,9.83476638793945e-07,0.1873844994439019,0.191653569539388,293.85580507914227,0.1289192939941303,0.5908800974730974,32.285688525930034,0.1842366250445529,0.1718923919921738,45.84833529801846,246.48785871964674,401.30558183538307,0.013750322450358544,0.41214748289411435,3451.557829788984
-33.731111,24.618333,2015-05-07,16119.5,9197.0,11807.5,9622.0,0.1544025495040641,-0.1242828917612886,173.6,318,1.5277236700057983,112,10,47,5,18,60,7232.617391304348,153,-0.0004546344280242,3103,7241,0.0664581003366822,38.53166580200195,38.53166580200195,0.0,1,143,2.9802322387695312e-08,0.1629346211751302,0.1577053070068359,287.14208539326984,2.63495362391042,0.1924823683634469,34.00786032573553,1.3588668114268267,0.5560601752721801,14.984479798577052,260.8192999053926,540.7291075370546,-0.8229040366649734,0.22511365973528388,3027.098205202035
-31.905,25.43,2012-03-12,14117.0,10588.5,12976.0,11284.0,0.042114199239656,-0.1013176600394657,173.1,109,1.002436280250549,983,10,6,2,23,68,4708.4,985,-0.0004509221762418,3792,5811,0.0859722105818435,6.9817609786987305,13.96352195739746,0.0,2,144,0.0,0.15692138671875,0.0779953002929687,295.25256792704266,5.853894491721314,0.4366214064346009,3.6391110045716815,0.5566922932041161,1.0266167833844149,78.25377121038302,190.00410872313526,201.72692793931733,3.8249359314962224,0.3956764914971386,3236.5723794866162
-32.761111,26.629444,2014-04-22,16268.5,10545.0,16821.0,13337.5,-0.0166971395759984,-0.2293356720017531,153.40001,0,1.1457247734069824,437,20,2,2,24,71,5669.48695652174,435,-0.0013646781444549,2486,4317,6.09542329090875,12.367812156677246,25.9743013381958,20.89063549041748,3,145,9.752810001373292e-05,0.1828865475124783,0.2524388631184895,289.3394190470378,2.0275267015280547,5.949602508934431,15.30768878493418,0.1189420139660398,0.4541422351430611,40.5342510596652,219.78963992419455,271.24478837650037,2.3069118274696367,0.5807215846270154,2903.562138482244
-32.761111,26.629444,2014-05-26,16268.5,10545.0,16821.0,13337.5,-0.0166971395759984,-0.2293356720017531,153.40001,0,1.1457247734069824,437,20,2,2,24,71,5669.48695652174,435,-0.0014366311952471,2735,5424,6.09542329090875,3.6892104148864746,14.346211433410645,8.281298160552979,5,146,2.9802322387695312e-08,0.2212248908148871,0.2289581298828125,288.72876230875653,2.0275267015280547,5.949602508934431,15.30768878493418,0.1189420139660398,0.4541422351430611,40.5342510596652,219.78963992419455,271.24478837650037,2.3069118274696367,0.5807215846270154,2903.562138482244
-32.802778,27.856389,2015-08-24,14958.0,8634.0,11684.5,9569.0,0.1228675987613775,-0.1501341142308726,155.6,270,1.9185377359390257,195,10,3,5,21,58,7465.347826086957,202,-0.0021249577403068,3905,6491,0.0238558502547706,4.932318687438965,9.86463737487793,0.0,2,147,2.831220626831055e-07,0.2338316175672743,0.2727851867675781,292.7136459350586,1.4901613073443385,0.1048143836019952,67.82384910797579,0.0216155825463071,0.1080779127315357,22.65762315901989,201.73840328179236,394.0643736194384,1.5850530284420763,0.21522417788665055,4024.841401072894
-32.99163889,27.64002778,2011-11-24,17585.0,9949.5,13643.0,10482.0,0.126232867939029,-0.1565539896153432,158.2,349,1.7668724060058594,160,10,6,3,25,63,6314.313043478261,160,-0.0027096262201666,4700,7064,3.0928937079408123,28.812664031982425,28.812664031982425,0.0,1,148,0.0001515001058578,0.2481363084581163,0.4008776346842448,286.58288892110187,1.848000040601443,1.190679600481804,58.66912700131276,0.9398388122724632,0.2428473791768734,27.113643438130172,192.2745591939547,369.0210957178842,1.940785565696371,0.5749613178391901,3922.0896013580114
-32.579167,27.366667,2014-05-27,12323.0,8226.5,10719.0,8994.0,0.0696120128461071,-0.1315615845451419,135.6,222,2.115182876586914,812,10,15,3,28,65,5752.286956521739,816,-0.0019814586266875,3140,5422,0.1811423624861438,3.0368757247924805,6.519695401191711,1.7547097206115725,2,149,1.940131187438965e-05,0.2984267340766058,0.254794438680013,288.75038083394367,8.067877584786434,0.8964827741805825,18.65766798907683,0.1300174078862781,0.2645811761136777,71.7137356593136,218.99464398235668,246.52016383112795,-0.043590222720758943,0.4287488139888815,3256.112547601436
-32.802778,27.856389,2014-10-30,14831.0,9084.5,13506.5,10759.5,0.0467401852668725,-0.1957416670355442,152.0,270,1.9185377359390257,195,10,3,5,21,58,7465.347826086957,202,-0.0024556908756494,3899,7317,0.0238558502547706,21.53436279296875,60.64689636230469,43.0687255859375,3,150,6.8694353103637695e-06,0.2425223456488715,0.2749512990315755,291.7394879659017,1.4901613073443385,0.1048143836019952,67.82384910797579,0.0216155825463071,0.1080779127315357,22.65762315901989,201.73840328179236,394.0643736194384,1.5850530284420763,0.21522417788665055,4024.841401072894
-32.99163889,27.64002778,2012-11-15,16912.0,10002.5,13444.5,10740.5,0.1142259483141995,-0.1467991640721621,150.3,349,1.7668724060058594,160,10,6,3,25,63,6314.313043478261,160,-0.0041672103106975,4615,7510,3.0928937079408123,42.54248046875,126.44985151290894,12.391292095184326,7,151,2.5331974029541016e-07,0.2481083340115017,0.2715848286946614,295.81056722005206,1.848000040601443,1.190679600481804,58.66912700131276,0.9398388122724632,0.2428473791768734,27.113643438130172,192.2745591939547,369.0210957178842,1.940785565696371,0.5749613178391901,3922.0896013580114
-32.515278,28.015556,2013-05-08,17240.5,10271.5,11701.5,9038.0,0.1913827655310621,-0.0650798707504661,131.8,102,1.7544153928756714,148,30,4,4,22,61,5336.408695652174,148,-0.0034858817234635,3341,6988,0.08850271913379,15.56489086151123,48.73106980323792,0.0,5,152,3.129243850708008e-07,0.2278018527560763,0.2600663503011067,292.7999019622803,1.624294385871219,0.216850380040921,41.4081753443669,0.0661606257536613,0.2996362015977196,13.108733032520757,205.8630914826499,342.34984227129337,1.4384102635867873,0.21777111467690877,3011.0988259498013
-32.605278,25.885,2013-10-10,15316.0,10640.5,16707.5,14486.0,-0.043452464596312,-0.2218443761883859,189.40001,130,1.219136118888855,631,30,3,2,22,71,4032.678260869565,629,-0.0010823775082826,1280,2319,0.011022683579517,0.0,0.0,0.0,0,153,2.9802322387695312e-08,0.1540934244791666,0.1434033711751302,295.61533800760907,4.956925571992979,0.2176128343572563,2.2441350091602983,0.1507105868240377,0.2424622405838803,75.83465332529656,220.18284993694826,179.48455233291298,2.8156493359316017,0.144557195444313,1993.7640166675803
-32.579167,27.366667,2014-03-04,15589.0,8887.0,11351.5,9096.0,0.1572910673521278,-0.1217728586604732,135.6,222,2.115182876586914,812,10,15,3,28,65,5752.286956521739,816,-0.0024384558200836,4495,6956,0.1811423624861438,38.91073226928711,147.49826288223267,7.981348514556885,7,154,7.243454456329346e-05,0.3116927676730685,0.3898372650146484,289.9845161437988,8.067877584786434,0.8964827741805825,18.65766798907683,0.1300174078862781,0.2645811761136777,71.7137356593136,218.99464398235668,246.52016383112795,-0.043590222720758943,0.4287488139888815,3256.112547601436
-32.515278,28.015556,2011-01-19,15234.0,9528.0,10237.0,8548.0,0.1961838954104668,-0.035871490007589,131.2,102,1.7544153928756714,148,30,4,4,22,61,5336.408695652174,148,-0.0056129759177565,4743,7308,0.08850271913379,25.682205200195312,69.64642333984375,17.0926513671875,4,155,3.725290298461914e-06,0.2208169301350911,0.2488950093587239,300.129607518514,1.624294385871219,0.216850380040921,41.4081753443669,0.0661606257536613,0.2996362015977196,13.108733032520757,205.8630914826499,342.34984227129337,1.4384102635867873,0.21777111467690877,3011.0988259498013
-32.515278,28.015556,2014-04-10,14961.0,10121.5,11054.0,8926.5,0.1501825869690563,-0.0440367405728316,131.8,102,1.7544153928756714,148,30,4,4,22,61,5336.408695652174,148,-0.0026822555810213,2849,5517,0.08850271913379,26.842744827270508,40.24276542663574,0.0,2,156,7.450580596923828e-08,0.2065679762098524,0.1970342000325521,293.2667719523112,1.624294385871219,0.216850380040921,41.4081753443669,0.0661606257536613,0.2996362015977196,13.108733032520757,205.8630914826499,342.34984227129337,1.4384102635867873,0.21777111467690877,3011.0988259498013
-34.096389,24.439167,2014-01-07,15394.0,8462.5,10996.0,8837.5,0.1666540356195528,-0.1302001695916944,60.5,203,1.5622611045837402,37,10,14,5,22,55,7333.504347826087,41,-0.0028073564171791,5123,6876,0.0257797022588172,9.215959548950195,22.47916805744171,9.215959548950195,4,157,9.400397539138794e-05,0.2480161454942491,0.3265844980875651,295.9402535756429,15.337325199280126,0.0212955191722306,38.69800866017778,8.771081520082511,0.7339020489629916,36.16872732131599,265.083728278041,737.6126382306476,0.5403433137443069,0.3323363226077756,4529.542748815165
-33.18536111,27.39075,2012-06-28,13564.0,8843.0,11268.5,9335.0,0.0924393436021343,-0.1206026402804359,136.40001,90,1.6152466535568235,7,60,2,3,20,63,6673.330434782609,7,-0.0011078640818595,3522,6872,0.0684319741939189,12.551769256591797,33.97419357299805,12.551769256591797,4,158,2.086162567138672e-07,0.2022936079237196,0.2245623270670572,286.614102045695,0.2018437283064412,0.1614159023148939,66.86530317704474,0.0645663609259575,0.623044282817541,16.49092378426396,229.80372357210481,411.86052382455046,0.13155999618449757,0.23469745792606042,3548.4095545158953
-33.771111,25.386667,2013-11-08,17001.5,9381.0,13052.0,10363.5,0.1314156421049129,-0.1636428475906024,170.0,310,1.0938864946365356,41,20,1,2,26,73,5182.4,42,-0.0027115987613797,2528,3851,11.839383506035778,28.918466567993164,71.68619108200073,0.0,4,159,2.9802322387695312e-08,0.1914225684271918,0.2146949768066406,291.0557861328125,3.1241119204481924,33.70925732029042,19.277288719849317,0.502354380102659,4.296020649133236,31.85052515628104,260.9519061583578,272.36083408884866,2.86542226281518,0.8665267226635075,2590.0876342832053
-34.096389,24.439167,2011-03-09,12003.0,8511.0,9158.0,8134.5,0.1344454420868579,-0.03661780519554,130.0,203,1.5622611045837402,37,10,14,5,22,55,7333.504347826087,41,-0.0034222109243273,3567,6611,0.0257797022588172,25.13570022583008,75.53009414672852,40.64006805419922,7,160,6.42240047454834e-06,0.18578126695421,0.1702963511149088,293.17614936828613,15.337325199280126,0.0212955191722306,38.69800866017778,8.771081520082511,0.7339020489629916,36.16872732131599,265.083728278041,737.6126382306476,0.5403433137443069,0.3323363226077756,4529.542748815165
-31.903056,25.482222,2012-12-03,16465.5,10506.0,14084.0,11861.0,0.0779554493526899,-0.1455063033753552,209.2,306,1.0192323923110962,971,60,9,3,22,66,5561.130434782609,968,-0.002964056096971,2920,4506,0.0449728292176692,7.358151912689209,25.28089714050293,11.556854724884031,4,161,1.3619661331176758e-05,0.1718366410997178,0.3340714772542317,291.0978520711263,4.684667407791398,0.1919875484196021,2.247474304275222,0.3165547203038925,0.4949725802398794,80.90813320896592,205.65195460277423,201.3240857503152,4.222173640601993,0.40314174662396995,3172.1821179889234
-31.905,25.43,2013-10-07,12986.5,9911.0,14071.0,12004.5,-0.0400813083248637,-0.1734634309065125,198.7,109,1.002436280250549,983,10,6,2,23,68,4708.4,985,-0.0002251742407679,3292,5036,0.0859722105818435,5.5190510749816895,5.5190510749816895,0.0,1,162,0.0,0.1461329989963107,0.0767955780029296,286.7624905904134,5.853894491721314,0.4366214064346009,3.6391110045716815,0.5566922932041161,1.0266167833844149,78.25377121038302,190.00410872313526,201.72692793931733,3.8249359314962224,0.3956764914971386,3236.5723794866162
-33.506389,26.744722,2015-10-06,16080.0,8799.0,11108.0,8986.5,0.1828747977048698,-0.1159893504797301,165.2,180,1.5091787576675415,45,10,3,5,22,61,7364.278260869565,47,-0.0023635243996977,3792,8203,0.020117351909454,22.87388610839844,43.35646867752075,10.321877479553224,4,163,2.9802322387695312e-08,0.2088671790228949,0.2522233327229817,290.6382026672363,0.3408169263156834,0.0,72.81411098119199,0.2388997995713931,0.0321644397522203,23.01632650143816,292.68160302934683,410.663300725781,1.3237188192172527,0.1707317765276678,3937.208218200776
-33.731111,24.618333,2013-03-27,12638.0,8598.5,10324.5,8955.0,0.1007512248230811,-0.0912117528933039,161.40001,318,1.5277236700057983,112,10,47,5,18,60,7232.617391304348,153,-0.0008324971422553,2800,6021,0.0664581003366822,9.440472602844238,16.768556594848633,9.440472602844238,2,164,2.6166439056396484e-05,0.1568258073594835,0.1623560587565104,298.1862958272298,2.63495362391042,0.1924823683634469,34.00786032573553,1.3588668114268267,0.5560601752721801,14.984479798577052,260.8192999053926,540.7291075370546,-0.8229040366649734,0.22511365973528388,3027.098205202035
-32.173889,27.3725,2013-04-04,12250.0,8410.5,10140.0,8469.5,0.094238499330058,-0.0932319883561085,147.6,227,1.853421688079834,668,10,15,2,20,71,5678.217391304348,665,-0.0027035968378186,2471,5883,0.0281337729256059,22.68828392028809,116.353346824646,33.047760009765625,11,165,2.9802322387695312e-08,0.2091108957926432,0.2916151682535807,286.0163377126058,1.3413606692974889,0.0,23.956911541386795,0.0,0.3036286051095309,14.0323022594168,194.65014209030628,271.31954531101997,2.8561343369399452,0.1830668202805753,2497.340972803778
-33.771111,25.386667,2013-12-06,,,,,,,170.0,310,1.0938864946365356,41,20,1,2,26,73,5182.4,42,-0.001661479473114,2738,3950,11.839383506035778,37.29230499267578,63.18004035949707,17.531463623046875,3,166,4.038214683532715e-06,0.1698894500732422,0.2135524749755859,290.2962582906087,3.1241119204481924,33.70925732029042,19.277288719849317,0.502354380102659,4.296020649133236,31.85052515628104,260.9519061583578,272.36083408884866,2.86542226281518,0.8665267226635075,2590.0876342832053
-33.001667,25.161389,2015-07-23,9931.0,8774.5,10868.5,9855.5,-0.0450731988749729,-0.1066028610701007,214.40001,80,0.851338803768158,338,20,6,2,20,74,3179.9304347826087,340,-0.0009668450802564,1362,3001,0.0067955300349302,18.11248779296875,38.30436730384827,23.59534215927124,5,167,1.8730759620666504e-05,0.1652770572238498,0.3118057250976562,286.1886469523112,0.1941042217033892,0.0107835678724105,7.433768806225206,0.0,1.6753435623579898,61.37524744059418,184.8042244640605,140.69924337957121,2.3950612593516656,0.09608539893123945,1645.4146745983876
-32.579167,27.366667,2011-02-07,15484.0,8414.5,11543.5,9059.0,0.1457959485709,-0.1567792363964317,135.7,222,2.115182876586914,812,10,15,3,28,65,5752.286956521739,816,-0.0038076918572187,4353,7161,0.1811423624861438,34.15648651123047,127.91422080993652,0.0,7,168,8.881092071533203e-05,0.3237527211507162,0.4039516448974609,294.31888516743976,8.067877584786434,0.8964827741805825,18.65766798907683,0.1300174078862781,0.2645811761136777,71.7137356593136,218.99464398235668,246.52016383112795,-0.043590222720758943,0.4287488139888815,3256.112547601436
-33.18536111,27.39075,2014-07-10,16796.0,9058.5,11893.0,9330.0,0.1709017393426052,-0.135288642817936,159.40001,90,1.6152466535568235,7,60,2,3,20,63,6673.330434782609,7,-0.0008590091019868,3697,6915,0.0684319741939189,0.0,0.0,0.0,0,169,1.4901161193847656e-07,0.2054354349772135,0.192022959391276,286.3522224426269,0.2018437283064412,0.1614159023148939,66.86530317704474,0.0645663609259575,0.623044282817541,16.49092378426396,229.80372357210481,411.86052382455046,0.13155999618449757,0.23469745792606042,3548.4095545158953
-32.802778,27.856389,2014-09-04,14831.0,9084.5,13506.5,10759.5,0.0467401852668725,-0.1957416670355442,152.0,270,1.9185377359390257,195,10,3,5,21,58,7465.347826086957,202,-0.0014102514833211,3360,6708,0.0238558502547706,26.7360954284668,26.7360954284668,0.0,1,170,4.023313522338867e-07,0.2001050313313802,0.1991418202718099,290.8276818593343,1.4901613073443385,0.1048143836019952,67.82384910797579,0.0216155825463071,0.1080779127315357,22.65762315901989,201.73840328179236,394.0643736194384,1.5850530284420763,0.21522417788665055,4024.841401072894
-32.713889,26.296667,2013-01-31,17110.5,9526.0,13607.0,10687.5,0.1140555058191584,-0.1764146457441742,162.90001,343,1.1156346797943115,573,20,8,2,25,71,5400.417391304348,575,-0.0035655815154314,3224,4755,1.6422582451219394,15.094847679138184,22.673384189605716,15.094847679138184,2,171,2.2396445274353027e-05,0.1679397159152561,0.2376079559326172,293.40786425272626,0.2596446093197141,3.2131020403314627,3.860177135322359,0.1383074226114817,0.357011337814607,63.25774224587496,199.40368852459017,244.2444547134935,0.7229932545375148,0.4474098756203376,2853.0629240023068
-32.802778,27.856389,2015-05-04,15311.0,8566.5,12265.0,9699.5,0.1104583695967508,-0.177543623838897,155.6,270,1.9185377359390257,195,10,3,5,21,58,7465.347826086957,202,-0.0014021797105669,4211,7603,0.0238558502547706,29.014305114746094,29.014305114746094,0.0,1,172,2.980232238769531e-07,0.2298431396484375,0.2314872741699218,290.73803011576337,1.4901613073443385,0.1048143836019952,67.82384910797579,0.0216155825463071,0.1080779127315357,22.65762315901989,201.73840328179236,394.0643736194384,1.5850530284420763,0.21522417788665055,4024.841401072894
-32.99163889,27.64002778,2014-09-04,14549.5,9557.5,13574.0,11127.5,0.0346862943801447,-0.1736376802196132,156.3,349,1.7668724060058594,160,10,6,3,25,63,6314.313043478261,160,-0.0013954266905784,3653,6634,3.0928937079408123,26.357629776000977,26.357629776000977,0.0,1,173,4.3213367462158203e-07,0.2043395572238498,0.1979777018229166,290.8752892812093,1.848000040601443,1.190679600481804,58.66912700131276,0.9398388122724632,0.2428473791768734,27.113643438130172,192.2745591939547,369.0210957178842,1.940785565696371,0.5749613178391901,3922.0896013580114
-31.905,25.43,2013-03-04,14444.5,10651.5,13762.5,11796.0,0.0241783954337575,-0.1274268862128282,186.90001,109,1.002436280250549,983,10,6,2,23,68,4708.4,985,-0.0002547167241573,5485,7375,0.0859722105818435,15.654051780700684,26.090086936950684,0.0,2,174,1.4901161193847656e-08,0.1497535705566406,0.0773677825927734,299.624755859375,5.853894491721314,0.4366214064346009,3.6391110045716815,0.5566922932041161,1.0266167833844149,78.25377121038302,190.00410872313526,201.72692793931733,3.8249359314962224,0.3956764914971386,3236.5723794866162
-33.001667,25.161389,2014-01-09,14188.5,10804.0,16741.5,14415.0,-0.0825412221144519,-0.2155524495834157,117.700005,80,0.851338803768158,338,20,6,2,20,74,3179.9304347826087,340,-0.0032715899869799,2013,3171,0.0067955300349302,17.15186309814453,39.164602279663086,0.0,6,175,0.0004409551620483,0.2194928063286675,0.3839600880940755,294.9673258463542,0.1941042217033892,0.0107835678724105,7.433768806225206,0.0,1.6753435623579898,61.37524744059418,184.8042244640605,140.69924337957121,2.3950612593516656,0.09608539893123945,1645.4146745983876
-32.99163889,27.64002778,2015-12-16,17012.0,9354.5,13105.5,10271.5,0.1297086411554744,-0.1670080142475504,158.40001,349,1.7668724060058594,160,10,6,3,25,63,6314.313043478261,160,-0.0040534827858209,4972,7344,3.0928937079408123,12.010540962219238,39.36921548843384,0.0,4,176,7.241964340209961e-06,0.240168465508355,0.2766933441162109,292.8640530904134,1.848000040601443,1.190679600481804,58.66912700131276,0.9398388122724632,0.2428473791768734,27.113643438130172,192.2745591939547,369.0210957178842,1.940785565696371,0.5749613178391901,3922.0896013580114
-33.329167,26.0775,2011-05-06,12739.0,8937.0,11027.0,9319.0,0.0720356812252798,-0.1046884391905424,149.7,296,1.0588278770446775,271,10,9,5,16,60,6937.773913043478,270,-0.0013977149501442,3222,6925,1.1216865440546526,7.553945064544678,11.330917596817017,11.330917596817017,2,177,9.116530418395996e-05,0.1732586754692925,0.3296146392822265,289.34447860717773,0.1289192939941303,0.5908800974730974,32.285688525930034,0.1842366250445529,0.1718923919921738,45.84833529801846,246.48785871964674,401.30558183538307,0.013750322450358544,0.41214748289411435,3451.557829788984
-33.771111,25.386667,2015-05-27,15480.5,9049.0,12915.5,10322.0,0.0903296238906888,-0.1760340549523086,179.8,310,1.0938864946365356,41,20,1,2,26,73,5182.4,42,-0.0004726443439722,2355,4416,11.839383506035778,9.922648429870604,14.54161548614502,1.6074798107147217,3,178,2.9802322387695312e-08,0.1697841220431857,0.1641782124837239,289.1683069864909,3.1241119204481924,33.70925732029042,19.277288719849317,0.502354380102659,4.296020649133236,31.85052515628104,260.9519061583578,272.36083408884866,2.86542226281518,0.8665267226635075,2590.0876342832053
-32.605278,25.885,2012-11-06,15908.0,9961.0,14036.0,11511.0,0.0625166978359604,-0.1698128932783257,192.8,130,1.219136118888855,631,30,3,2,22,71,4032.678260869565,629,-0.0025314074009656,2086,3675,0.011022683579517,24.12510108947754,68.36189651489258,7.831611633300781,4,179,2.1457672119140625e-06,0.1952122582329644,0.1912784576416015,290.46548652648926,4.956925571992979,0.2176128343572563,2.2441350091602983,0.1507105868240377,0.2424622405838803,75.83465332529656,220.18284993694826,179.48455233291298,2.8156493359316017,0.144557195444313,1993.7640166675803
-33.18536111,27.39075,2012-12-04,17771.0,9804.0,12258.0,9800.0,0.1835891971094608,-0.1112319825945059,153.40001,90,1.6152466535568235,7,60,2,3,20,63,6673.330434782609,7,-0.0023819291964173,3897,7655,0.0684319741939189,20.649259567260746,32.622239112854004,11.972979545593262,2,180,2.460181713104248e-05,0.2222302754720052,0.2950916290283203,292.35290082295734,0.2018437283064412,0.1614159023148939,66.86530317704474,0.0645663609259575,0.623044282817541,16.49092378426396,229.80372357210481,411.86052382455046,0.13155999618449757,0.23469745792606042,3548.4095545158953
-33.18536111,27.39075,2012-11-15,17771.0,9804.0,12258.0,9800.0,0.1835891971094608,-0.1112319825945059,153.40001,90,1.6152466535568235,7,60,2,3,20,63,6673.330434782609,7,-0.0046164635568857,4224,6540,0.0684319741939189,47.632205963134766,121.68081712722778,20.649259567260746,7,181,3.278255462646485e-07,0.2404863569471571,0.2596492767333984,295.63901774088544,0.2018437283064412,0.1614159023148939,66.86530317704474,0.0645663609259575,0.623044282817541,16.49092378426396,229.80372357210481,411.86052382455046,0.13155999618449757,0.23469745792606042,3548.4095545158953
-32.043333,27.822778,2015-07-13,12584.0,9705.5,12837.0,11138.5,-0.0099524015577672,-0.1389153820561156,168.6,50,1.7268855571746826,780,60,1,2,28,67,4390.017391304348,781,-0.0007261298596858,1342,2829,0.8499336676821312,0.0,0.0,0.0,0,182,2.980232238769531e-07,0.1887535519070095,0.1536947886149088,280.6224829355876,32.35909346582117,0.6757461417075135,3.190795491264453,0.0108991313178631,1.558191103231443,43.25959251781048,196.60366046071317,249.9438308614705,2.4882367881148557,0.4652227498014931,2223.134863555915
-32.00055556,28.58166667,2011-01-19,13279.5,11389.5,8597.5,7995.0,0.2140147186542944,0.1396907990193619,127.200005,118,1.990221738815308,332,80,10,4,24,70,4637.843478260869,328,-0.006264055147767,4548,7488,0.3772979669069599,36.41474533081055,117.04253482818604,16.726362228393555,6,183,2.8312206268310547e-06,0.2648692660861545,0.28753662109375,300.373015721639,8.103756823152859,0.0109042160830773,30.144170841270967,2.129443735314053,1.8100571081591332,28.66577294856418,175.281389748882,375.94324045407626,-1.6145453242132217,0.3145368905390403,3002.7820183687754
-33.506389,26.744722,2015-06-24,13161.0,8418.0,10108.5,8514.0,0.1311803003932186,-0.0912476722532583,165.2,180,1.5091787576675415,45,10,3,5,22,61,7364.278260869565,47,-0.0015970263630151,3989,8035,0.020117351909454,27.336570739746094,38.64147996902466,0.0,3,184,2.9802322387695312e-08,0.1871814727783203,0.2092672983805338,291.09308497111004,0.3408169263156834,0.0,72.81411098119199,0.2388997995713931,0.0321644397522203,23.01632650143816,292.68160302934683,410.663300725781,1.3237188192172527,0.1707317765276678,3937.208218200776
-33.731111,24.618333,2012-06-21,12462.5,8451.5,10133.5,8602.0,0.1030713400601876,-0.0905030938929239,151.7,318,1.5277236700057983,112,10,47,5,18,60,7232.617391304348,153,-0.0007670791819691,2507,6868,0.0664581003366822,8.868375778198242,18.728967666625977,0.0,3,185,8.067488670349121e-05,0.1757804022894965,0.3102931976318359,284.18786430358887,2.63495362391042,0.1924823683634469,34.00786032573553,1.3588668114268267,0.5560601752721801,14.984479798577052,260.8192999053926,540.7291075370546,-0.8229040366649734,0.22511365973528388,3027.098205202035
-32.515278,28.015556,2012-02-22,18103.0,10000.0,11384.0,9032.0,0.2278631261233764,-0.0647212869435088,132.0,102,1.7544153928756714,148,30,4,4,22,61,5336.408695652174,148,-0.0059085059911012,4134,7694,0.08850271913379,50.95411682128906,60.35965156555176,50.95411682128906,2,186,1.132488250732422e-06,0.2468946244981553,0.3035259246826172,297.035545984904,1.624294385871219,0.216850380040921,41.4081753443669,0.0661606257536613,0.2996362015977196,13.108733032520757,205.8630914826499,342.34984227129337,1.4384102635867873,0.21777111467690877,3011.0988259498013
-34.096389,24.439167,2014-04-23,14102.5,8290.0,10425.0,8611.5,0.1499337478340638,-0.1140796152818588,134.2,203,1.5622611045837402,37,10,14,5,22,55,7333.504347826087,41,-0.0039343321695923,4044,7325,0.0257797022588172,13.771225929260254,29.53480815887451,0.0,3,187,0.0010930597782135,0.2648537953694661,0.3847255706787109,287.6042079925537,15.337325199280126,0.0212955191722306,38.69800866017778,8.771081520082511,0.7339020489629916,36.16872732131599,265.083728278041,737.6126382306476,0.5403433137443069,0.3323363226077756,4529.542748815165
-32.515278,28.015556,2014-12-01,17661.5,10059.5,11990.0,9450.5,0.1912719423975178,-0.0875530057370911,156.7,102,1.7544153928756714,148,30,4,4,22,61,5336.408695652174,148,-0.0047927312552928,3224,6942,0.08850271913379,24.80931663513184,78.48573064804077,11.31124210357666,9,188,5.960464477539064e-08,0.2016177707248263,0.2532520294189453,295.0285339355469,1.624294385871219,0.216850380040921,41.4081753443669,0.0661606257536613,0.2996362015977196,13.108733032520757,205.8630914826499,342.34984227129337,1.4384102635867873,0.21777111467690877,3011.0988259498013
-32.99163889,27.64002778,2014-01-16,16959.5,9266.0,12864.5,9973.0,0.1373055257510729,-0.1626036465511391,132.5,349,1.7668724060058594,160,10,6,3,25,63,6314.313043478261,160,-0.0038020238280296,4859,7659,3.0928937079408123,15.112613677978516,53.69682598114014,15.112613677978516,8,189,5.364418029785156e-07,0.2133761511908637,0.2235158284505208,296.7227141062419,1.848000040601443,1.190679600481804,58.66912700131276,0.9398388122724632,0.2428473791768734,27.113643438130172,192.2745591939547,369.0210957178842,1.940785565696371,0.5749613178391901,3922.0896013580114
-33.202778,24.235556,2011-09-12,,,,,,,193.3,270,0.8285588622093201,506,20,4,2,20,73,4256.608695652174,506,-0.0007506189867854,2383,4472,0.0005629215718852,5.778781890869141,5.778781890869141,5.778781890869141,1,190,4.3213367462158203e-07,0.1648663414849175,0.1534372965494791,288.4202124277751,0.0,0.0,0.6818647847913059,0.0,0.1692742724201917,31.82837310209873,198.4069877242682,231.94113943972295,2.699076719814133,0.11200629446748145,1965.1291401513597
-31.905,25.43,2015-12-28,14806.0,10362.5,13830.0,11956.5,0.0340829724821902,-0.1433295442802515,214.2,109,1.002436280250549,983,10,6,2,23,68,4708.4,985,-0.0001083016395568,3531,5246,0.0859722105818435,3.7740652561187744,3.7740652561187744,0.0,1,191,3.5762786865234375e-07,0.1455364227294922,0.0728797912597656,301.5814100901286,5.853894491721314,0.4366214064346009,3.6391110045716815,0.5566922932041161,1.0266167833844149,78.25377121038302,190.00410872313526,201.72692793931733,3.8249359314962224,0.3956764914971386,3236.5723794866162
-33.23778,26.99472,2012-11-08,12442.5,10792.0,10398.0,9639.0,0.0895120509621067,0.0185936762623878,168.0,31,1.3359594345092771,36,80,2,4,19,66,4803.904347826087,38,-0.0032368656247854,2782,4851,0.0367373145984741,39.14187240600586,112.94427394866943,6.648828506469727,5,192,1.405179500579834e-05,0.2238693237304687,0.2663949330647786,289.0187581380208,0.0322639009966382,0.4146227590822882,27.186026905141187,0.9141438615714166,15.37988529234258,16.285720672219437,229.59304897314377,330.8815165876777,4.318187115434061,0.15698400720318348,2418.8333841609997
-31.905,25.43,2014-05-19,12888.0,9263.5,11584.0,10126.0,0.0532853873814972,-0.1113083103489621,188.0,109,1.002436280250549,983,10,6,2,23,68,4708.4,985,-0.0008480120450258,3581,6003,0.0859722105818435,24.09576988220215,38.82951545715332,0.0,5,193,5.453824996948242e-06,0.171854019165039,0.1126505533854166,287.3200340270996,5.853894491721314,0.4366214064346009,3.6391110045716815,0.5566922932041161,1.0266167833844149,78.25377121038302,190.00410872313526,201.72692793931733,3.8249359314962224,0.3956764914971386,3236.5723794866162
-33.506389,26.744722,2015-08-18,12993.5,8568.0,10654.0,8911.0,0.0989322338513584,-0.1085214857975231,165.2,180,1.5091787576675415,45,10,3,5,22,61,7364.278260869565,47,-0.0010946961119771,4707,7644,0.020117351909454,39.81631851196289,84.81517124176025,13.145798683166504,6,194,1.0132789611816406e-06,0.1954915788438585,0.2251555124918619,289.9842065175374,0.3408169263156834,0.0,72.81411098119199,0.2388997995713931,0.0321644397522203,23.01632650143816,292.68160302934683,410.663300725781,1.3237188192172527,0.1707317765276678,3937.208218200776
-33.771111,25.386667,2012-12-06,17562.0,9492.0,13559.5,10235.0,0.1286088395482223,-0.1764527254191693,171.40001,310,1.0938864946365356,41,20,1,2,26,73,5182.4,42,-0.003034146502614,3258,4494,11.839383506035778,11.83527946472168,20.89948844909668,9.064208984375,2,195,3.546476364135742e-06,0.2056310441758897,0.2610492706298828,294.08342425028485,3.1241119204481924,33.70925732029042,19.277288719849317,0.502354380102659,4.296020649133236,31.85052515628104,260.9519061583578,272.36083408884866,2.86542226281518,0.8665267226635075,2590.0876342832053
-33.18536111,27.39075,2014-09-04,15883.0,9083.5,12135.5,9484.0,0.1337509145742991,-0.1438333568971198,159.40001,90,1.6152466535568235,7,60,2,3,20,63,6673.330434782609,7,-0.0014570252969861,2896,6061,0.0684319741939189,20.830434799194336,20.830434799194336,0.0,1,196,3.725290298461914e-07,0.1972215440538194,0.1959946950276692,291.1892541249593,0.2018437283064412,0.1614159023148939,66.86530317704474,0.0645663609259575,0.623044282817541,16.49092378426396,229.80372357210481,411.86052382455046,0.13155999618449757,0.23469745792606042,3548.4095545158953
-32.043333,27.822778,2015-09-28,13619.5,10046.5,13105.0,10969.0,0.0192519972310052,-0.1321080707513546,168.6,50,1.7268855571746826,780,60,1,2,28,67,4390.017391304348,781,-0.0037454068660736,1876,3569,0.8499336676821312,18.735694885253903,39.11143064498901,6.516402721405029,4,197,2.950429916381836e-06,0.2283087836371528,0.2841904958089192,290.2761376698812,32.35909346582117,0.6757461417075135,3.190795491264453,0.0108991313178631,1.558191103231443,43.25959251781048,196.60366046071317,249.9438308614705,2.4882367881148557,0.4652227498014931,2223.134863555915
-33.001667,25.161389,2015-01-08,13955.5,10670.0,17303.5,14835.5,-0.1071051537157298,-0.2371351457629534,81.200005,80,0.851338803768158,338,20,6,2,20,74,3179.9304347826087,340,-0.0004549790173768,1297,2386,0.0067955300349302,12.347111701965332,32.442588567733765,8.351915121078491,4,198,4.827976226806641e-06,0.1515884399414062,0.1383622487386067,301.8047726949056,0.1941042217033892,0.0107835678724105,7.433768806225206,0.0,1.6753435623579898,61.37524744059418,184.8042244640605,140.69924337957121,2.3950612593516656,0.09608539893123945,1645.4146745983876
-33.23778,26.99472,2013-03-27,,,,,,,152.8,31,1.3359594345092771,36,80,2,4,19,66,4803.904347826087,38,-0.0012790597975254,2052,4340,0.0367373145984741,10.03796100616455,17.217928886413574,0.0,2,199,1.5348196029663086e-06,0.1635386149088541,0.2513872782389323,295.7426923116048,0.0322639009966382,0.4146227590822882,27.186026905141187,0.9141438615714166,15.37988529234258,16.285720672219437,229.59304897314377,330.8815165876777,4.318187115434061,0.15698400720318348,2418.8333841609997
